snapshot_date,patient_id,care_manager_id,source_system,region,insurance_product,age,sex,preferred_language,preferred_contact_channel,diabetes_flag,hypertension_flag,chf_flag,copd_flag,ckd_flag,depression_flag,cad_flag,active_cancer_flag,frailty_flag,chronic_condition_count,hcc_risk_score,risk_tier,ed_visits_90d,observation_stays_90d,inpatient_admits_12m,recent_discharge_30d_flag,days_since_discharge,a1c_value,systolic_bp,a1c_overdue_gap,retinal_exam_gap,nephropathy_screen_gap,bp_control_gap,med_reconciliation_gap,post_discharge_followup_gap,preventive_screening_gap,vaccination_gap,behavioral_health_followup_gap,statin_therapy_gap,medication_count,medication_pdc,medication_adherence_gap,refill_due_7d_flag,food_insecurity,transportation_barrier,housing_instability,social_isolation,financial_strain,sdoh_positive_count,last_contact_date,days_since_last_contact,unanswered_outreach_30d,scheduled_call_today_flag,symptom_change_reported_flag,community_resource_referral_open_flag,home_health_need_flag,transportation_service_needed_flag,specialist_appointment_pending_flag,provider_message_pending_flag,specialist_count,care_plan_status,care_plan_days_since_update,documentation_note_backlog,billing_activity_code_pending_flag,health_literacy,education_need,open_care_gap_count,task_type,task_age_days,task_due_date,sla_overdue_flag,legacy_priority,unplanned_acute_event_30d
2026-10-01,PT-000001,CM-004,Claims,Northeast,Medicare Advantage,73,Male,English,SMS,1,1,0,1,1,0,0,0,0,4,1.8,High,0,0,1,0,,8.6,165,0,0,1,1,0,0,0,0,0,0,12,0.65,1,0,No,Unknown,No,Yes,Yes,2,2026-09-10,21,0,1,0,0,0,0,1,0,3,Not Started,,0,0,Adequate,Diet/Lifestyle,3,Medication Review,13,2026-10-06,0,P2,0
2026-10-01,PT-000002,CM-016,EHR,Northeast,Medicare Advantage,81,Male,English,Phone,1,0,0,0,1,0,0,0,1,2,1.41,Medium,0,0,0,0,,5.2,127,0,1,0,0,0,0,0,0,0,0,1,0.95,0,0,No,No,No,No,No,0,,22,0,0,0,0,0,0,1,0,0,Not Started,,0,0,Adequate,COPD,1,Care Gap Closure,2,2026-10-06,0,P2,0
2026-10-01,PT-000003,CM-018,Claims,Southwest,Medicaid Managed Care,45,Female,English,Phone,0,1,1,0,0,1,0,0,0,3,1.73,Medium,0,0,0,0,,,116,0,0,0,0,0,0,0,0,0,0,11,0.86,0,0,No,Yes,Unknown,No,Yes,2,2026-08-18,44,0,1,0,0,0,0,0,1,3,Current,32,0,0,Unknown,Medication,0,Provider Follow-up,2,2026-10-04,0,P3,0
2026-10-01,PT-000004,CM-018,CareMgmt,Northeast,Dual Eligible,68,Female,English,Phone,1,0,0,0,1,0,0,0,0,2,1.08,Medium,0,0,2,0,,,135,1,0,0,0,0,0,0,0,0,1,5,0.69,1,0,Unknown,No,Yes,No,Unknown,1,2026-09-10,21,4,0,0,0,0,0,0,0,3,Overdue,177,0,0,Adequate,Medication,3,Care Gap Closure,0,2026-10-01,0,P4,0
2026-10-01,PT-000005,CM-003,Claims,Northeast,Dual Eligible,75,Female,English,Phone,0,0,1,0,0,1,1,0,0,3,0.95,High,0,0,3,0,,,128,0,0,0,0,0,0,0,0,0,0,8,0.49,1,1,Yes,Yes,Yes,No,No,3,2026-08-06,56,0,1,0,0,0,0,1,0,4,Current,37,0,0,Limited,Appointment Preparation,1,Patient Outreach,2,2026-10-01,0,P4,0
2026-10-01,PT-000006,CM-009,Pharmacy,Northeast,Medicare Advantage,67,Male,English,SMS,1,1,0,0,0,0,0,0,0,2,1.13,Medium,2,0,0,0,,7.4,128,0,0,0,0,0,0,0,0,0,1,9,0.75,1,0,No,No,No,No,No,0,2026-09-19,12,1,0,0,0,0,0,0,0,2,Not Started,,0,0,Adequate,Diabetes,2,Patient Outreach,2,2026-09-28,1,P2,0
2026-10-01,PT-000007,CM-017,Claims,Northeast,Medicare Advantage,73,Male,Russian,Portal,0,0,0,0,0,0,0,0,0,0,0.48,Low,0,0,0,0,,,138,0,0,0,0,0,0,1,0,0,0,2,0.73,1,1,Yes,No,No,Unknown,No,1,2026-08-10,52,2,0,0,0,0,0,0,0,1,Needs Review,147,0,0,Adequate,Discharge Instructions,2,Provider Follow-up,1,2026-09-29,1,P3,0
2026-10-01,PT-000008,CM-013,CareMgmt,Midwest,Dual Eligible,58,Male,English,SMS,1,1,0,0,0,0,0,0,0,2,0.99,Medium,1,1,1,0,,,130,1,1,0,0,0,0,0,0,0,0,5,0.56,1,0,No,No,No,No,No,0,2026-10-01,0,1,0,0,0,0,0,0,1,0,Current,84,0,0,Adequate,CHF,3,Provider Follow-up,1,2026-10-05,0,P2,0
2026-10-01,PT-000009,CM-018,CareMgmt,Mid-Atlantic,Medicaid Managed Care,39,Female,Spanish,Phone,0,1,0,0,0,0,0,0,0,1,1.24,Low,0,0,0,0,,,122,0,0,0,0,0,0,0,0,0,0,4,0.77,1,1,No,No,No,No,No,0,2026-09-28,3,1,0,0,0,0,0,0,0,1,Overdue,175,0,0,Adequate,Diet/Lifestyle,1,Patient Outreach,4,2026-10-01,0,P2,0
2026-10-01,PT-000010,CM-016,HIE,Mid-Atlantic,Medicare Advantage,74,Female,English,Portal,1,0,1,1,0,0,0,0,0,3,1.38,High,0,0,0,0,,6.0,114,0,0,0,0,0,0,0,1,0,1,8,0.69,1,1,Yes,No,No,Unknown,No,1,2026-08-28,34,0,0,0,1,0,0,1,0,3,Current,20,0,0,Adequate,None,3,Patient Education,0,2026-10-05,0,P3,0
2026-10-01,PT-000011,CM-002,EHR,Midwest,Commercial Complex Care,52,Female,English,Phone,1,0,0,0,0,0,0,0,0,1,0.93,Low,0,0,0,0,,5.9,117,0,1,1,0,0,0,0,1,0,0,6,1.0,0,0,Unknown,No,Yes,No,Unknown,1,2026-08-20,42,2,0,1,0,0,0,0,0,2,Current,16,0,0,Low,Discharge Instructions,3,Medication Review,0,2026-10-04,0,P3,0
2026-10-01,PT-000012,CM-017,Claims,Midwest,Medicaid Managed Care,55,Female,English,Caregiver,0,1,1,0,0,0,0,0,0,2,1.7,Medium,0,0,0,0,,,167,0,0,0,1,0,0,0,0,0,0,2,0.9,0,0,No,Yes,Yes,No,No,2,,23,2,0,1,0,0,0,0,1,1,Needs Review,130,0,0,Adequate,None,1,Provider Follow-up,2,2026-09-28,1,P1,0
2026-10-01,PT-000013,CM-004,CareMgmt,Midwest,Medicare Advantage,79,Male,Chinese,Phone,0,1,0,0,0,0,1,0,0,2,0.74,Medium,2,0,0,0,,,149,0,0,0,1,0,0,0,0,0,0,2,0.78,1,0,No,No,No,No,No,0,2026-09-07,24,0,0,1,0,0,0,0,0,2,Current,83,1,0,Limited,None,2,Care Gap Closure,9,2026-09-27,1,P3,0
2026-10-01,PT-000014,CM-003,Pharmacy,Midwest,Commercial Complex Care,60,Female,English,SMS,0,0,0,0,0,0,0,0,0,0,1.06,Low,0,0,0,0,,,125,0,0,0,0,0,0,1,0,0,0,1,0.72,0,0,No,No,No,No,No,0,2026-08-25,37,0,0,0,1,0,0,0,0,1,Current,49,0,0,Adequate,Appointment Preparation,1,Social Resource Referral,5,2026-10-01,0,P2,0
2026-10-01,PT-000015,CM-015,HIE,Mid-Atlantic,Medicare Advantage,64,Female,English,Phone,0,1,0,0,0,0,1,0,0,2,0.8,Low,0,0,0,0,,,146,0,0,0,1,0,0,0,0,0,0,10,0.78,1,0,No,No,No,No,Unknown,0,2026-09-19,12,0,1,0,0,0,0,0,0,0,Overdue,227,0,0,Adequate,Medication,2,Social Resource Referral,0,2026-09-28,1,P2,0
2026-10-01,PT-000016,CM-005,HIE,Mid-Atlantic,Medicare Advantage,75,Female,English,SMS,0,1,0,1,0,0,0,0,0,2,1.38,Medium,0,0,0,0,,,152,0,0,0,1,0,0,1,0,0,0,8,0.91,0,0,No,No,No,No,No,0,2026-09-09,22,0,0,0,0,0,0,1,0,1,Needs Review,144,0,0,Limited,None,2,Patient Education,4,2026-09-29,1,P4,0
2026-10-01,PT-000017,CM-011,EHR,Northeast,Medicare Advantage,68,Female,English,Phone,0,1,0,0,0,0,0,0,0,1,0.67,Medium,1,0,0,1,3,,122,0,0,0,0,1,0,1,0,0,0,6,0.68,1,1,No,Yes,No,No,Yes,2,2026-08-30,32,0,1,0,0,1,0,1,1,3,Needs Review,115,0,0,Adequate,None,3,Patient Education,0,2026-10-02,0,P4,0
2026-10-01,PT-000018,CM-008,CareMgmt,Midwest,Medicare Advantage,77,Female,English,Phone,0,1,0,0,1,0,0,0,0,2,1.2,Medium,0,0,0,0,,,174,0,0,0,1,0,0,0,0,0,0,9,0.64,1,0,No,No,No,No,Yes,1,2026-10-01,0,1,0,0,0,0,0,0,0,2,Overdue,198,0,0,Adequate,Appointment Preparation,2,Medication Review,1,2026-09-29,1,P3,1
2026-10-01,PT-000019,CM-015,Pharmacy,Mid-Atlantic,Dual Eligible,64,Male,English,Phone,0,1,0,0,0,0,0,0,0,1,0.85,Low,0,0,0,0,,,150,0,0,0,1,0,0,1,0,0,0,4,0.73,1,1,No,No,Yes,Unknown,No,1,2026-09-17,14,6,1,0,0,0,0,0,0,0,Overdue,302,0,0,Limited,Diet/Lifestyle,3,Patient Outreach,2,2026-09-30,1,P3,0
2026-10-01,PT-000020,CM-015,CareMgmt,Southwest,Medicare Advantage,77,Female,Other,SMS,0,0,0,0,0,0,0,0,0,0,0.72,Low,0,0,0,0,,,127,0,0,0,0,0,0,1,0,0,0,0,1.0,0,0,No,No,No,Yes,No,1,2026-08-20,42,0,0,0,0,0,0,0,0,1,Current,21,0,0,Limited,None,1,Patient Outreach,0,2026-09-28,1,P4,0
2026-10-01,PT-000021,CM-018,EHR,Mid-Atlantic,Medicare Advantage,65,Female,English,Caregiver,1,1,0,1,0,1,0,0,0,4,1.38,Medium,1,0,0,0,,6.5,159,0,0,0,1,0,0,0,0,1,0,6,0.86,0,0,No,No,Unknown,Unknown,No,0,2026-09-17,14,0,0,0,0,0,0,0,0,3,Needs Review,111,0,0,Low,Diet/Lifestyle,2,Care Gap Closure,1,2026-09-29,1,P2,0
2026-10-01,PT-000022,CM-003,EHR,Mid-Atlantic,Medicare Advantage,71,Male,English,Phone,0,0,0,0,0,1,0,0,0,1,0.4,Low,0,0,0,0,,,147,0,0,0,0,0,0,1,0,0,0,6,0.83,0,0,No,Yes,No,No,Yes,2,2026-08-18,44,0,1,0,0,0,1,1,1,1,Current,58,0,0,Adequate,None,1,Care Plan Update,0,2026-09-29,1,P3,0
2026-10-01,PT-000023,CM-004,HIE,Mid-Atlantic,Commercial Complex Care,56,Female,English,Phone,1,0,1,0,0,0,0,0,0,2,1.18,Medium,0,0,0,0,,6.8,101,0,0,1,0,0,0,0,0,0,1,6,1.0,0,0,Yes,No,No,No,No,1,2026-09-12,19,0,0,0,1,0,0,1,0,2,Current,75,0,0,Limited,Appointment Preparation,2,Care Gap Closure,5,2026-10-01,0,P3,0
2026-10-01,PT-000024,CM-006,EHR,Mid-Atlantic,Medicare Advantage,62,Female,English,Portal,0,0,0,0,0,0,0,0,0,0,0.72,Low,0,1,0,0,,,139,0,0,0,0,0,0,0,0,0,0,5,0.85,0,0,No,No,Yes,No,No,1,2026-09-03,28,0,0,0,0,0,0,0,0,0,Current,72,0,1,Low,Diet/Lifestyle,0,Post-Discharge Follow-up,9,2026-09-30,1,P3,0
2026-10-01,PT-000025,CM-002,EHR,Mid-Atlantic,Medicare Advantage,68,Female,English,Phone,0,1,0,0,0,0,0,0,0,1,0.96,Low,0,0,0,0,,,158,0,0,0,1,0,0,0,1,0,0,4,0.9,0,0,No,No,No,No,Yes,1,,0,0,0,0,0,0,0,0,0,2,Current,43,0,0,Adequate,Medication,2,Medication Review,3,2026-10-01,0,P2,0
2026-10-01,PT-000026,CM-008,EHR,Midwest,Medicare Advantage,61,Female,Other,Phone,0,0,0,0,0,0,0,0,0,0,0.84,Low,0,0,0,0,,,137,0,0,0,0,0,0,0,0,0,0,3,0.77,1,1,No,Yes,No,No,No,1,2026-09-11,20,0,1,0,0,0,0,0,0,1,Overdue,209,0,0,Low,None,1,Care Plan Update,7,2026-10-03,0,P2,0
2026-10-01,PT-000027,CM-010,CareMgmt,Southwest,Medicaid Managed Care,82,Female,English,Phone,0,1,0,0,0,0,0,0,0,1,1.24,Low,0,0,0,0,,,139,0,0,0,0,0,0,0,0,0,0,3,0.83,0,0,Yes,No,No,Unknown,No,1,2026-08-30,32,0,0,0,0,0,0,1,0,1,Current,19,0,0,Adequate,Appointment Preparation,0,Provider Follow-up,5,2026-09-30,1,P3,0
2026-10-01,PT-000028,CM-003,Pharmacy,Northeast,Dual Eligible,59,Female,English,Caregiver,0,1,0,0,0,0,0,0,0,1,1.28,Low,0,0,0,0,,,121,0,0,0,0,0,0,1,0,1,0,4,0.91,0,0,No,No,No,No,No,0,2026-09-06,25,0,0,0,0,0,0,0,0,3,Current,70,3,0,Limited,Medication,2,Social Resource Referral,0,2026-09-30,1,P2,0
2026-10-01,PT-000029,CM-009,EHR,Southeast,Medicare Advantage,77,Male,Spanish,Phone,0,0,0,1,0,0,0,0,0,1,0.8,Low,0,2,0,0,,,135,0,0,0,0,0,0,0,0,0,0,10,1.0,0,0,No,No,No,Unknown,No,0,2026-09-14,17,0,0,0,0,0,0,0,0,2,Current,9,0,0,Adequate,None,0,Social Resource Referral,9,2026-09-28,1,P4,0
2026-10-01,PT-000030,CM-002,Pharmacy,Northeast,Medicare Advantage,66,Male,English,Phone,0,0,0,0,0,0,1,0,0,1,0.84,Low,5,1,0,0,,,107,0,0,0,0,0,0,0,0,0,0,3,1.0,0,0,No,No,No,No,No,0,2026-08-19,43,0,0,0,0,0,0,0,0,3,Current,23,0,0,Adequate,Appointment Preparation,0,Patient Education,7,2026-09-28,1,P3,0
2026-10-01,PT-000031,CM-001,Claims,Northeast,Medicare Advantage,71,Male,English,Phone,0,0,0,0,0,0,1,0,1,1,0.82,Medium,0,0,0,1,27,,99,0,0,0,0,1,0,0,0,0,0,8,0.73,1,1,No,No,No,Yes,Unknown,1,2026-08-16,46,1,0,1,0,0,0,0,0,4,Overdue,327,0,0,Unknown,Appointment Preparation,2,Care Plan Update,2,2026-10-02,0,P2,1
2026-10-01,PT-000032,CM-005,CareMgmt,Northeast,Medicaid Managed Care,52,Male,English,SMS,0,0,0,0,0,1,0,0,0,1,0.94,Low,0,0,0,0,,,136,0,0,0,0,0,0,1,0,0,0,0,0.58,0,0,No,Yes,No,No,No,1,2026-08-02,60,0,1,0,0,0,1,0,0,1,Current,13,0,0,Adequate,Diet/Lifestyle,1,Social Resource Referral,0,2026-09-30,1,P2,0
2026-10-01,PT-000033,CM-013,CareMgmt,Northeast,Medicare Advantage,64,Female,English,Phone,0,0,0,0,0,0,0,0,0,0,0.95,Low,0,0,0,0,,,117,0,0,0,0,0,0,0,0,0,0,4,0.79,1,0,No,No,No,No,No,0,2026-09-11,20,1,1,0,0,0,0,0,0,3,Overdue,185,0,0,Limited,Diet/Lifestyle,1,Patient Outreach,7,2026-10-03,0,P4,0
2026-10-01,PT-000034,CM-014,EHR,Southeast,Dual Eligible,73,Male,English,Phone,1,0,0,0,0,1,0,0,0,2,1.27,Low,0,0,0,0,,6.0,129,0,0,0,0,0,0,0,0,1,1,2,0.91,0,1,No,No,No,No,No,0,2026-09-03,28,1,1,0,0,0,0,1,0,1,Not Started,,0,0,Limited,Diet/Lifestyle,2,Medication Review,0,2026-09-27,1,P2,0
2026-10-01,PT-000035,CM-003,Claims,Southeast,Dual Eligible,77,Female,English,Portal,0,1,0,0,1,0,0,0,0,2,1.15,Medium,0,0,0,0,,,124,0,0,0,0,0,0,1,0,0,0,4,0.71,1,0,No,No,Yes,No,No,1,2026-08-21,41,0,0,0,0,0,0,0,0,1,Needs Review,108,0,0,Adequate,Diet/Lifestyle,2,Patient Outreach,2,2026-10-05,0,P2,0
2026-10-01,PT-000036,CM-002,Pharmacy,Northeast,Medicaid Managed Care,44,Female,Spanish,Phone,1,1,0,0,0,1,0,0,0,3,1.47,Medium,0,0,0,0,,8.0,122,0,0,0,0,0,0,0,0,0,0,7,0.5,1,0,Yes,Unknown,No,No,Yes,2,2026-08-27,35,0,0,0,0,0,0,0,0,1,Needs Review,119,0,0,Limited,Medication,1,Social Resource Referral,2,2026-10-05,0,P4,0
2026-10-01,PT-000037,CM-007,Pharmacy,Northeast,Medicare Advantage,76,Female,English,Phone,0,0,0,1,0,0,1,0,0,2,1.3,High,6,0,3,0,,,122,0,0,0,0,0,0,0,1,0,0,11,1.0,0,0,No,Yes,Unknown,No,Unknown,1,2026-08-31,31,0,0,0,1,0,0,1,0,1,Overdue,323,0,1,Limited,Diet/Lifestyle,1,Social Resource Referral,7,2026-10-04,0,P1,0
2026-10-01,PT-000038,CM-004,Pharmacy,Mid-Atlantic,Medicare Advantage,80,Female,Spanish,Phone,1,0,0,0,0,0,0,1,0,2,0.94,Medium,0,0,0,0,,8.2,105,1,0,0,0,0,0,0,1,0,0,3,1.0,0,0,No,No,Yes,Yes,No,2,2026-09-06,25,0,0,0,1,0,0,1,0,3,Not Started,,0,0,Limited,None,2,Care Plan Update,0,2026-09-27,1,P4,0
2026-10-01,PT-000039,CM-004,EHR,Midwest,Medicare Advantage,68,Male,Spanish,SMS,1,0,0,0,0,0,1,0,0,2,1.13,Medium,0,0,0,1,26,7.0,114,1,0,0,0,1,0,1,1,0,0,8,0.83,0,0,Yes,Unknown,No,No,Yes,2,2026-09-07,24,0,0,0,0,0,0,1,0,3,Current,7,0,0,Limited,None,4,Medication Review,0,2026-10-01,0,P2,0
2026-10-01,PT-000040,CM-012,Pharmacy,Southwest,Dual Eligible,78,Female,Spanish,SMS,1,1,0,0,0,0,0,0,1,2,0.97,Low,0,0,0,0,,7.2,139,0,0,1,0,0,0,0,0,0,0,7,0.83,0,1,No,No,No,No,No,0,2026-09-17,14,1,0,0,0,0,0,0,0,3,Not Started,,0,0,Adequate,Medication,1,Patient Outreach,0,2026-10-02,0,P3,0
2026-10-01,PT-000041,CM-012,EHR,Midwest,Medicare Advantage,80,Male,English,Phone,0,1,1,0,1,1,0,0,1,4,1.46,High,2,0,0,1,19,,145,0,0,0,1,1,1,0,0,1,0,12,0.73,1,1,No,No,Unknown,No,No,0,2026-09-03,28,0,0,0,1,1,0,1,0,3,Overdue,311,0,0,Adequate,Discharge Instructions,5,Post-Discharge Follow-up,5,2026-10-06,0,P2,0
2026-10-01,PT-000042,CM-006,Claims,Mid-Atlantic,Medicare Advantage,72,Male,English,Phone,0,1,0,0,0,0,0,0,0,1,0.82,Low,0,0,0,0,,,136,0,0,0,0,0,0,1,0,0,0,3,0.98,0,0,No,No,No,No,Unknown,0,2026-09-15,16,1,0,0,0,0,0,0,1,1,Current,20,0,0,Low,Appointment Preparation,1,Patient Outreach,4,2026-09-29,1,P3,0
2026-10-01,PT-000043,CM-014,Pharmacy,Southwest,Medicaid Managed Care,73,Female,Other,Portal,1,0,1,0,0,1,0,0,0,3,1.54,High,6,0,0,1,20,7.6,129,0,1,0,0,1,1,0,0,0,0,10,0.75,1,1,Yes,No,Unknown,No,Yes,2,2026-09-07,24,2,0,0,0,0,0,0,0,3,Current,15,0,0,Adequate,None,4,Care Gap Closure,1,2026-09-27,1,P3,0
2026-10-01,PT-000044,CM-014,EHR,Southeast,Medicare Advantage,67,Female,English,Phone,0,1,0,0,1,0,0,0,0,2,1.06,Low,0,0,0,0,,,147,0,0,0,1,1,0,0,0,0,0,8,0.99,0,1,No,No,No,Unknown,No,0,2026-09-02,29,4,0,0,0,0,0,0,0,3,Overdue,170,0,0,Adequate,Medication,2,Care Gap Closure,8,2026-10-04,0,P4,0
2026-10-01,PT-000045,CM-007,HIE,Mid-Atlantic,Medicaid Managed Care,53,Female,English,SMS,0,0,0,0,0,1,0,0,0,1,0.72,Low,0,0,0,0,,,116,0,0,0,0,0,0,0,0,0,0,4,0.71,1,0,No,No,No,Yes,Yes,2,2026-08-27,35,0,1,0,0,0,0,0,1,2,Current,64,0,0,Adequate,Diet/Lifestyle,1,Provider Follow-up,0,2026-10-06,0,P2,0
2026-10-01,PT-000046,CM-007,CareMgmt,Mid-Atlantic,Commercial Complex Care,74,Female,English,Phone,0,1,0,0,0,0,0,0,0,1,1.31,Low,0,0,0,0,,,124,0,0,0,0,0,0,0,0,0,0,5,0.71,1,0,No,No,Unknown,No,No,0,2026-09-09,22,0,0,0,0,0,0,0,0,2,Current,79,0,0,Adequate,Diet/Lifestyle,1,Medication Review,3,2026-10-05,0,P3,0
2026-10-01,PT-000047,CM-004,EHR,Southeast,Medicare Advantage,80,Male,Other,Phone,1,0,0,0,0,0,0,0,0,1,0.61,Low,0,1,0,0,,6.8,139,1,1,0,0,0,0,0,0,0,0,6,0.76,1,0,No,No,No,Yes,No,1,2026-09-08,23,0,0,0,0,0,0,0,0,0,Current,44,0,0,Unknown,Diabetes,3,Care Gap Closure,0,2026-09-30,1,P4,0
2026-10-01,PT-000048,CM-013,Pharmacy,Southwest,Dual Eligible,60,Female,Other,Phone,0,1,0,0,1,0,0,0,0,2,1.55,Low,0,0,0,0,,,157,0,0,0,1,0,0,0,0,0,0,9,0.8,0,0,No,No,Unknown,No,No,0,2026-09-25,6,3,0,0,0,0,0,0,0,2,Not Started,,2,0,Adequate,Diet/Lifestyle,1,Care Gap Closure,10,2026-09-29,1,P3,0
2026-10-01,PT-000049,CM-002,Pharmacy,Northeast,Medicare Advantage,65,Male,English,Phone,1,1,0,0,1,0,0,0,1,3,1.08,Medium,0,0,0,0,,6.0,145,0,0,0,1,0,0,0,0,0,0,6,0.94,0,0,No,Unknown,No,No,No,0,2026-08-28,34,0,0,0,0,0,0,1,0,4,Current,88,0,1,Unknown,Diet/Lifestyle,1,Social Resource Referral,4,2026-10-04,0,P2,0
2026-10-01,PT-000050,CM-003,Pharmacy,Mid-Atlantic,Medicare Advantage,80,Female,English,SMS,0,1,0,0,1,1,0,0,0,3,1.41,Medium,3,0,0,0,,,145,0,0,0,1,0,0,0,0,0,0,5,0.92,0,1,Unknown,No,No,No,No,0,2026-09-16,15,1,0,0,0,0,0,0,0,2,Not Started,,0,0,Adequate,None,1,Patient Education,5,2026-10-03,0,P2,0
2026-10-01,PT-000051,CM-015,HIE,Mid-Atlantic,Medicare Advantage,75,Male,English,Portal,0,1,0,1,0,0,0,0,0,2,1.43,Medium,0,0,0,0,,,123,0,0,0,0,0,0,0,0,0,0,10,0.77,1,1,Unknown,No,No,No,No,0,2026-08-31,31,0,1,0,0,0,0,0,0,1,Current,83,0,0,Adequate,Appointment Preparation,1,Patient Outreach,0,2026-09-27,1,P3,0
2026-10-01,PT-000052,CM-016,Pharmacy,Northeast,Commercial Complex Care,54,Male,Russian,Portal,1,0,0,0,0,0,0,0,0,1,1.31,Low,0,0,0,0,,5.2,129,0,0,0,0,0,0,0,0,0,0,7,1.0,0,0,No,No,No,No,No,0,2026-10-01,0,0,0,0,1,0,0,0,0,1,Needs Review,143,0,0,Unknown,Diet/Lifestyle,0,Provider Follow-up,7,2026-09-30,1,P3,0
2026-10-01,PT-000053,CM-008,Pharmacy,Mid-Atlantic,Dual Eligible,77,Male,English,SMS,0,0,1,0,0,0,0,0,0,1,0.38,Medium,1,0,0,0,,,109,0,0,0,0,0,0,0,1,0,0,5,0.82,0,0,Yes,Unknown,No,Yes,No,2,2026-08-24,38,0,0,0,0,0,0,0,0,0,Needs Review,95,0,0,Adequate,Diet/Lifestyle,1,Care Plan Update,0,2026-09-27,1,P2,0
2026-10-01,PT-000054,CM-008,HIE,Southwest,Commercial Complex Care,39,Male,English,Phone,0,0,0,0,0,0,0,0,0,0,0.66,Low,0,1,0,0,,,118,0,0,0,0,0,1,1,0,0,0,2,0.89,0,0,No,No,No,No,No,0,2026-09-07,24,0,0,0,0,1,0,0,0,0,Needs Review,94,0,1,Limited,Medication,2,Care Gap Closure,8,2026-10-01,0,P3,0
2026-10-01,PT-000055,CM-013,CareMgmt,Midwest,Medicaid Managed Care,62,Female,Spanish,Phone,0,1,0,0,0,0,0,1,0,2,1.26,Medium,0,0,0,0,,,140,0,0,0,1,1,0,0,0,0,0,7,0.75,1,1,No,Yes,Unknown,No,No,1,2026-09-12,19,3,0,0,1,0,1,1,0,1,Current,86,0,0,Adequate,Medication,3,Patient Outreach,6,2026-10-03,0,P2,0
2026-10-01,PT-000056,CM-011,Pharmacy,Southeast,Medicaid Managed Care,41,Female,English,Phone,0,1,0,0,0,1,0,1,0,3,1.58,Medium,1,0,0,0,,,142,0,0,0,1,0,0,0,0,0,0,9,0.57,1,0,No,No,No,No,Yes,1,2026-08-15,47,0,0,0,0,0,0,0,1,5,Current,7,0,0,Adequate,Appointment Preparation,2,Patient Outreach,4,2026-10-05,0,P2,0
2026-10-01,PT-000057,CM-009,CareMgmt,Northeast,Dual Eligible,66,Female,English,Phone,0,1,0,0,0,0,0,1,0,2,1.03,Medium,0,0,0,0,,,132,0,0,0,0,0,0,0,0,0,0,3,0.82,0,0,No,Yes,Yes,No,Yes,3,2026-09-27,4,0,0,0,0,0,0,0,0,3,Current,54,0,0,Adequate,None,0,Medication Review,0,2026-10-06,0,P2,0
2026-10-01,PT-000058,CM-005,Claims,Northeast,Medicare Advantage,78,Female,English,Phone,0,1,0,0,1,0,1,0,0,3,1.28,Medium,0,0,0,0,,,170,0,0,0,1,0,0,0,0,0,0,6,0.97,0,0,No,Yes,No,No,No,1,2026-09-13,18,0,0,0,0,0,1,0,0,0,Overdue,243,0,0,Adequate,Diabetes,1,Social Resource Referral,2,2026-10-04,0,P2,0
2026-10-01,PT-000059,CM-012,HIE,Midwest,Medicaid Managed Care,47,Male,English,SMS,1,0,0,0,0,0,1,0,0,2,0.94,Low,0,0,0,0,,,136,1,0,0,0,0,0,0,0,0,0,10,0.87,0,1,Unknown,No,No,No,No,0,2026-09-26,5,0,0,0,0,0,0,1,0,3,Overdue,335,0,0,Adequate,Medication,1,Patient Education,1,2026-10-06,0,P2,1
2026-10-01,PT-000060,CM-017,Pharmacy,Midwest,Medicare Advantage,79,Male,Spanish,Caregiver,0,0,0,0,0,0,0,0,0,0,1.16,Low,0,0,0,0,,,137,0,0,0,0,0,0,0,0,0,1,4,0.78,1,1,No,Yes,No,No,No,1,2026-09-17,14,0,1,0,0,0,1,0,0,1,Needs Review,121,1,0,Limited,Medication,2,Care Gap Closure,0,2026-10-01,0,P4,0
2026-10-01,PT-000061,CM-017,Claims,Southeast,Medicare Advantage,75,Female,Spanish,Phone,0,0,0,0,0,0,0,1,0,1,0.9,Low,0,0,0,0,,,151,0,0,0,0,0,0,0,0,0,0,4,0.75,1,0,No,No,No,No,No,0,2026-09-04,27,0,0,0,0,0,0,0,0,1,Needs Review,93,0,0,Adequate,None,1,Medication Review,0,2026-10-05,0,P2,0
2026-10-01,PT-000062,CM-001,HIE,Southeast,Medicare Advantage,66,Male,English,Phone,0,1,0,0,0,1,0,0,0,2,0.98,Low,0,0,0,0,,,157,0,0,0,1,0,0,0,1,0,0,4,0.67,1,0,No,No,No,No,No,0,2026-09-06,25,0,1,0,0,0,0,0,0,4,Not Started,,0,0,Adequate,None,3,Care Plan Update,1,2026-09-27,1,P2,1
2026-10-01,PT-000063,CM-011,Claims,Southwest,Medicaid Managed Care,26,Male,English,Portal,0,0,0,0,0,0,0,0,0,0,0.83,Low,0,0,0,0,,,138,0,0,0,0,0,0,0,0,0,0,3,0.7,1,0,No,No,No,No,No,0,2026-09-11,20,1,0,0,0,0,0,0,0,1,Current,10,0,0,Adequate,None,1,Medication Review,3,2026-09-29,1,P2,0
2026-10-01,PT-000064,CM-005,Pharmacy,Mid-Atlantic,Medicaid Managed Care,52,Female,English,Phone,0,0,0,0,0,0,1,0,0,1,0.91,Low,0,0,0,0,,,121,0,0,0,0,0,0,0,0,0,0,7,0.83,0,0,No,No,No,Unknown,No,0,2026-09-19,12,0,1,0,0,0,0,0,0,1,Current,33,0,0,Limited,Diet/Lifestyle,0,Social Resource Referral,7,2026-10-02,0,P4,0
2026-10-01,PT-000065,CM-002,Pharmacy,Southwest,Medicare Advantage,66,Male,English,SMS,0,0,0,0,0,0,0,0,0,0,0.37,Low,0,0,0,0,,,113,0,0,0,0,0,0,0,0,0,0,4,0.94,0,0,Unknown,No,Unknown,No,No,0,2026-09-27,4,0,0,0,0,0,0,0,1,0,Overdue,158,0,1,Adequate,Discharge Instructions,0,Patient Outreach,1,2026-10-02,0,P3,0
2026-10-01,PT-000066,CM-001,EHR,Northeast,Commercial Complex Care,58,Male,English,Caregiver,0,0,0,0,0,0,1,0,0,1,0.98,Low,0,0,0,0,,,148,0,0,0,0,0,0,0,0,0,1,5,0.74,1,1,No,No,No,No,No,0,2026-09-26,5,0,0,0,0,0,0,0,0,2,Needs Review,114,0,0,Adequate,Appointment Preparation,2,Post-Discharge Follow-up,3,2026-09-27,1,P4,0
2026-10-01,PT-000067,CM-010,HIE,Midwest,Medicare Advantage,79,Female,Spanish,Portal,0,0,0,1,0,0,0,0,0,1,0.98,Low,0,0,0,0,,,130,0,0,0,0,0,0,0,0,0,0,7,0.96,0,1,No,No,No,No,Yes,1,2026-08-17,45,0,0,0,0,0,0,0,0,0,Needs Review,118,0,0,Adequate,Medication,0,Social Resource Referral,4,2026-09-27,1,P2,0
2026-10-01,PT-000068,CM-013,CareMgmt,Southeast,Dual Eligible,74,Female,English,Phone,0,0,0,1,0,0,0,0,0,1,1.16,Medium,0,0,0,1,10,,124,0,0,0,0,0,0,0,0,0,0,5,0.74,1,0,Yes,No,Yes,No,No,2,2026-09-13,18,1,0,0,0,0,0,0,0,3,Overdue,215,0,0,Unknown,Discharge Instructions,1,Post-Discharge Follow-up,3,2026-10-02,0,P1,0
2026-10-01,PT-000069,CM-013,CareMgmt,Southeast,Medicare Advantage,57,Female,English,Phone,0,0,0,1,0,0,0,0,0,1,1.07,Low,0,0,0,0,,,160,0,0,0,0,0,0,0,0,0,0,7,0.89,0,0,Yes,No,No,No,No,1,2026-08-05,57,0,1,0,0,0,0,0,0,1,Needs Review,117,2,0,Adequate,Appointment Preparation,0,Care Plan Update,5,2026-09-27,1,P4,0
2026-10-01,PT-000070,CM-014,CareMgmt,Northeast,Commercial Complex Care,46,Male,English,Phone,1,1,0,0,0,0,0,0,0,2,0.94,Low,1,0,1,0,,9.7,141,0,0,1,1,0,0,0,0,0,1,9,0.88,0,0,No,No,No,No,No,0,2026-09-04,27,0,0,0,1,0,0,0,0,2,Needs Review,125,0,0,Adequate,Medication,3,Post-Discharge Follow-up,5,2026-10-03,0,P4,0
2026-10-01,PT-000071,CM-017,CareMgmt,Mid-Atlantic,Commercial Complex Care,40,Female,English,Phone,0,0,0,0,0,1,0,0,0,1,0.93,Low,0,0,0,0,,,144,0,0,0,0,1,0,0,1,0,0,8,0.98,0,1,Unknown,No,No,No,Unknown,0,2026-09-09,22,0,1,0,0,0,0,1,0,3,Current,2,0,0,Unknown,CHF,2,Patient Outreach,0,2026-10-05,0,P2,0
2026-10-01,PT-000072,CM-006,Pharmacy,Southeast,Medicare Advantage,70,Male,English,Caregiver,0,0,1,0,0,0,0,0,0,1,1.17,Low,0,0,0,0,,,142,0,0,0,0,0,0,1,0,0,0,6,0.98,0,0,No,No,No,No,No,0,2026-08-26,36,1,1,0,0,0,0,1,0,0,Current,25,0,0,Adequate,Diet/Lifestyle,1,Provider Follow-up,4,2026-10-03,0,P2,0
2026-10-01,PT-000073,CM-018,CareMgmt,Northeast,Medicaid Managed Care,72,Female,English,Portal,0,0,0,1,0,0,0,0,0,1,0.6,Low,1,0,0,0,,,139,0,0,0,0,0,0,0,0,0,0,5,0.84,0,0,No,Unknown,No,No,Yes,1,2026-09-09,22,0,1,0,1,0,0,0,0,2,Current,13,0,0,Adequate,None,0,Medication Review,5,2026-09-28,1,P1,0
2026-10-01,PT-000074,CM-016,CareMgmt,Midwest,Commercial Complex Care,56,Female,English,Phone,0,0,0,0,0,0,0,0,0,0,0.77,Low,0,0,0,0,,,141,0,0,0,0,0,0,0,0,1,0,2,0.81,0,0,No,No,No,No,No,0,2026-09-20,11,3,0,0,0,0,0,0,0,1,Overdue,248,0,0,Adequate,Diet/Lifestyle,1,Provider Follow-up,3,2026-09-30,1,P3,0
2026-10-01,PT-000075,CM-018,Pharmacy,Northeast,Medicare Advantage,69,Male,Spanish,Phone,0,1,0,0,0,0,0,0,0,1,0.55,Low,0,0,1,0,,,131,0,0,0,0,1,0,0,0,0,0,7,0.73,1,0,No,No,No,No,No,0,2026-09-21,10,1,0,0,0,0,0,0,0,0,Needs Review,97,0,0,Adequate,Medication,2,Medication Review,0,2026-10-06,0,P2,0
2026-10-01,PT-000076,CM-016,Pharmacy,Southeast,Dual Eligible,66,Female,English,Phone,0,0,0,0,0,0,0,0,0,0,0.66,Low,0,0,0,0,,,125,0,0,0,0,0,0,0,0,0,0,0,1.0,0,0,Yes,No,Unknown,No,No,1,2026-08-25,37,0,1,0,0,0,0,0,0,1,Current,84,0,0,Adequate,None,0,Social Resource Referral,0,2026-10-06,0,P3,0
2026-10-01,PT-000077,CM-015,EHR,Northeast,Dual Eligible,78,Male,English,Phone,0,0,0,0,0,0,0,0,0,0,0.86,Low,0,0,0,0,,,174,0,0,0,0,0,0,1,0,0,0,2,0.78,1,1,No,Unknown,No,No,No,0,2026-10-01,0,0,1,1,0,0,0,0,0,2,Current,8,0,0,Adequate,Medication,2,Care Plan Update,2,2026-10-01,0,P2,0
2026-10-01,PT-000078,CM-004,CareMgmt,Mid-Atlantic,Dual Eligible,78,Male,Spanish,Portal,0,1,0,0,1,0,0,0,0,2,1.11,Low,0,0,0,0,,,129,0,0,0,0,0,0,0,1,0,0,3,0.93,0,0,No,No,No,No,No,0,2026-09-07,24,0,0,0,0,0,0,0,0,1,Current,14,0,0,Limited,Discharge Instructions,1,Provider Follow-up,0,2026-09-29,1,P1,0
2026-10-01,PT-000079,CM-001,CareMgmt,Mid-Atlantic,Medicaid Managed Care,51,Female,English,Portal,0,1,1,0,0,0,0,0,0,2,1.29,High,0,0,2,1,22,,122,0,0,0,0,1,1,0,0,0,0,5,0.42,1,0,No,No,No,Yes,No,1,2026-08-23,39,4,1,0,0,1,0,0,0,1,Current,35,0,0,Adequate,None,3,Care Gap Closure,13,2026-10-01,0,P2,0
2026-10-01,PT-000080,CM-013,Pharmacy,Mid-Atlantic,Dual Eligible,69,Female,Russian,Phone,0,0,0,1,0,0,0,0,0,1,1.22,Low,1,0,0,0,,,137,0,0,0,0,0,0,0,1,0,0,4,0.87,0,0,No,Yes,No,No,No,1,2026-08-16,46,0,0,0,0,0,1,0,1,3,Needs Review,133,0,0,Adequate,COPD,1,Care Gap Closure,4,2026-09-29,1,P3,1
2026-10-01,PT-000081,CM-010,Pharmacy,Northeast,Medicaid Managed Care,51,Female,English,Phone,1,0,0,0,0,0,0,0,0,1,0.99,Low,0,0,0,0,,8.7,136,0,1,0,0,0,0,0,0,0,0,4,0.85,0,0,Unknown,No,No,No,No,0,2026-09-15,16,1,0,0,0,0,0,0,0,2,Current,73,0,1,Adequate,Diabetes,1,Social Resource Referral,9,2026-10-01,0,P2,0
2026-10-01,PT-000082,CM-005,CareMgmt,Southeast,Medicaid Managed Care,69,Female,English,SMS,0,1,0,0,1,0,0,0,0,2,1.3,Low,0,0,0,0,,,138,0,0,0,0,0,0,0,0,0,0,9,0.91,0,0,No,No,No,No,No,0,2026-10-01,0,1,1,0,0,0,0,1,0,0,Overdue,352,0,0,Low,Diabetes,0,Care Gap Closure,7,2026-09-30,1,P4,0
2026-10-01,PT-000083,CM-009,HIE,Southwest,Medicare Advantage,59,Female,English,Portal,0,0,0,1,0,0,0,0,0,1,1.0,Low,0,0,0,0,,,145,0,0,0,0,1,0,0,0,0,0,5,1.0,0,1,No,No,No,No,No,0,,2,0,0,0,0,0,0,0,0,0,Needs Review,140,1,0,Adequate,Discharge Instructions,1,Post-Discharge Follow-up,1,2026-10-06,0,P2,0
2026-10-01,PT-000084,CM-018,EHR,Southeast,Medicaid Managed Care,31,Female,English,Phone,0,0,0,0,0,0,0,0,0,0,0.59,Low,0,0,0,0,,,122,0,0,0,0,0,0,0,0,0,0,1,0.49,0,0,Yes,Yes,Yes,Yes,Yes,5,,59,1,0,0,0,0,1,0,1,3,Overdue,235,0,0,Limited,CHF,0,Care Gap Closure,0,2026-10-01,0,P4,0
2026-10-01,PT-000085,CM-010,Claims,Mid-Atlantic,Medicare Advantage,73,Male,Spanish,Phone,1,0,0,0,0,0,0,0,0,1,0.94,Low,0,0,0,0,,,149,0,0,0,0,0,0,0,0,0,0,6,0.97,0,0,Yes,No,No,No,No,1,2026-10-01,0,0,0,0,1,0,0,0,0,0,Overdue,173,0,0,Adequate,Diet/Lifestyle,0,Care Plan Update,4,2026-09-28,1,P3,0
2026-10-01,PT-000086,CM-016,Claims,Midwest,Medicare Advantage,58,Male,English,Phone,0,1,0,0,0,1,0,0,0,2,1.07,Medium,0,0,0,0,,,116,0,0,0,0,0,0,0,1,1,0,11,0.56,1,1,No,Yes,No,No,No,1,2026-09-14,17,0,0,0,0,0,1,1,0,3,Not Started,,0,0,Adequate,Discharge Instructions,3,Post-Discharge Follow-up,5,2026-09-28,1,P2,0
2026-10-01,PT-000087,CM-016,EHR,Mid-Atlantic,Dual Eligible,81,Female,English,Phone,0,1,1,0,0,1,1,0,0,4,1.64,High,0,0,0,0,,,123,0,0,0,0,0,0,1,1,0,0,13,0.6,1,0,No,No,No,Yes,No,1,2026-08-25,37,0,0,0,0,0,0,0,0,3,Overdue,267,0,1,Unknown,Medication,3,Care Gap Closure,2,2026-10-06,0,P4,0
2026-10-01,PT-000088,CM-006,CareMgmt,Northeast,Medicaid Managed Care,79,Female,Bengali,Phone,1,1,0,0,1,0,0,1,1,4,1.8,High,0,0,0,0,,8.1,150,0,0,0,1,0,0,1,0,0,0,14,0.76,1,0,No,No,Unknown,Yes,No,1,2026-08-30,32,0,0,0,0,0,0,0,0,3,Current,29,0,0,Adequate,Diabetes,3,Care Gap Closure,2,2026-09-27,1,P3,1
2026-10-01,PT-000089,CM-013,EHR,Mid-Atlantic,Medicare Advantage,79,Male,English,Phone,1,0,1,1,0,0,0,0,0,3,1.57,High,0,0,1,1,5,9.8,128,0,1,0,0,1,1,0,0,0,0,6,0.86,0,0,No,No,No,No,No,0,2026-08-31,31,0,1,0,0,0,0,1,0,3,Needs Review,99,0,1,Adequate,Discharge Instructions,3,Care Gap Closure,2,2026-10-04,0,P3,0
2026-10-01,PT-000090,CM-018,Claims,Mid-Atlantic,Dual Eligible,75,Female,Russian,Phone,0,1,0,0,0,0,0,0,0,1,0.86,Low,0,0,0,0,,,137,0,0,0,0,0,0,0,0,0,0,8,0.77,1,0,No,Unknown,No,Unknown,No,0,2026-09-20,11,0,1,0,0,0,0,1,0,2,Current,4,0,0,Adequate,None,1,Post-Discharge Follow-up,3,2026-10-06,0,P3,0
2026-10-01,PT-000091,CM-016,Claims,Southeast,Medicare Advantage,70,Female,Spanish,SMS,0,0,0,0,0,0,0,0,0,0,0.89,Low,0,0,0,0,,,119,0,0,0,0,1,0,1,0,0,0,4,0.69,1,0,No,No,No,No,Unknown,0,2026-08-31,31,0,0,0,0,0,0,0,0,0,Current,74,0,0,Adequate,Diet/Lifestyle,3,Care Plan Update,0,2026-09-28,1,P4,0
2026-10-01,PT-000092,CM-009,CareMgmt,Northeast,Medicaid Managed Care,47,Male,English,Portal,0,0,0,0,0,1,0,0,0,1,0.53,Low,0,0,0,0,,,122,0,0,0,0,0,0,1,0,1,0,8,0.57,1,0,No,Yes,No,No,No,1,2026-07-28,65,0,1,0,0,0,0,0,0,0,Current,56,0,0,Adequate,None,3,Patient Outreach,1,2026-10-05,0,P3,0
2026-10-01,PT-000093,CM-009,EHR,Southwest,Medicaid Managed Care,66,Male,Spanish,Phone,0,0,0,0,0,0,0,0,0,0,0.92,Low,0,0,0,0,,,126,0,0,0,0,0,0,0,0,0,0,3,0.88,0,0,No,No,Unknown,No,No,0,2026-08-31,31,0,0,0,0,0,0,0,0,0,Needs Review,134,0,0,Adequate,Discharge Instructions,0,Patient Outreach,3,2026-10-06,0,P2,0
2026-10-01,PT-000094,CM-017,Claims,Southwest,Medicaid Managed Care,56,Female,English,Phone,0,1,0,0,0,0,0,0,0,1,0.91,Medium,1,0,0,1,1,,117,0,0,0,0,0,0,0,0,0,0,7,0.91,0,0,No,No,Yes,No,No,1,2026-09-09,22,0,1,0,1,0,0,0,0,1,Current,88,1,1,Low,Medication,0,Social Resource Referral,8,2026-09-28,1,P2,1
2026-10-01,PT-000095,CM-011,EHR,Northeast,Commercial Complex Care,46,Female,English,Phone,1,0,0,0,0,0,0,0,0,1,0.62,Low,0,1,1,0,,,138,1,1,0,0,0,0,1,0,0,0,2,1.0,0,0,No,No,No,No,No,0,2026-09-14,17,3,0,0,0,0,0,0,0,0,Current,61,0,0,Adequate,Discharge Instructions,3,Care Plan Update,6,2026-09-29,1,P1,0
2026-10-01,PT-000096,CM-010,HIE,Southeast,Medicare Advantage,78,Female,Chinese,Phone,0,0,0,1,0,0,0,1,0,2,1.55,Medium,0,0,0,0,,,147,0,0,0,0,0,0,0,0,0,0,6,0.85,0,0,No,No,No,No,Yes,1,2026-09-01,30,0,1,0,0,0,0,0,0,2,Overdue,342,0,0,Adequate,Diet/Lifestyle,0,Social Resource Referral,0,2026-10-02,0,P4,0
2026-10-01,PT-000097,CM-017,Claims,Mid-Atlantic,Medicare Advantage,66,Female,English,Phone,1,0,1,0,0,0,0,0,0,2,1.03,High,1,0,0,1,26,8.1,119,1,0,0,0,1,1,1,1,0,1,7,0.78,1,0,No,No,No,No,Yes,1,2026-09-23,8,1,0,0,0,0,0,1,0,2,Overdue,286,0,1,Limited,Medication,7,Social Resource Referral,4,2026-10-01,0,P4,0
2026-10-01,PT-000098,CM-012,CareMgmt,Northeast,Medicaid Managed Care,31,Male,English,Phone,0,0,0,0,1,0,0,0,0,1,0.96,Low,0,0,0,0,,,159,0,0,0,0,0,0,0,1,0,0,8,0.74,1,0,No,No,No,No,Unknown,0,2026-08-16,46,0,0,0,0,0,0,1,1,0,Current,84,0,0,Adequate,None,2,Provider Follow-up,0,2026-10-05,0,P4,0
2026-10-01,PT-000099,CM-011,EHR,Southwest,Commercial Complex Care,56,Male,Spanish,Portal,0,0,0,0,0,0,0,0,0,0,0.2,Low,0,0,0,0,,,141,0,0,0,0,0,0,0,0,0,0,0,0.83,0,0,No,No,No,No,No,0,2026-09-21,10,0,0,0,0,0,0,1,0,2,Overdue,306,0,0,Adequate,Medication,0,Patient Outreach,4,2026-10-02,0,P2,0
2026-10-01,PT-000100,CM-015,Pharmacy,Mid-Atlantic,Medicaid Managed Care,60,Female,Chinese,Caregiver,1,1,0,0,1,0,0,0,0,3,1.21,Medium,1,0,0,0,,7.9,134,0,0,0,0,0,0,0,0,0,0,8,0.66,1,1,No,No,Unknown,No,No,0,2026-09-03,28,2,0,0,0,0,0,0,0,0,Overdue,187,0,0,Adequate,Diet/Lifestyle,1,Patient Education,0,2026-10-03,0,P4,0
2026-10-01,PT-000101,CM-003,CareMgmt,Northeast,Medicare Advantage,67,Male,English,SMS,0,0,0,0,1,0,0,0,0,1,0.86,Low,0,0,0,0,,,155,0,0,0,0,0,0,1,0,0,0,5,0.73,1,0,No,No,No,No,No,0,2026-09-24,7,0,0,0,0,0,0,0,0,0,Current,9,0,0,Adequate,CHF,2,Patient Outreach,2,2026-10-04,0,P4,0
2026-10-01,PT-000102,CM-016,Claims,Southwest,Medicaid Managed Care,46,Female,English,Portal,0,0,0,1,0,0,0,0,0,1,1.26,Low,0,0,0,0,,,136,0,0,0,0,0,1,1,0,0,0,4,0.89,0,0,Unknown,Unknown,Yes,No,No,1,2026-09-02,29,1,0,0,0,0,0,0,0,1,Current,52,0,0,Adequate,None,2,Provider Follow-up,3,2026-10-01,0,P2,0
2026-10-01,PT-000103,CM-018,Claims,Midwest,Medicare Advantage,83,Male,Other,Phone,1,0,0,0,1,0,0,0,0,2,1.29,Medium,0,0,0,0,,7.2,130,1,1,0,0,0,0,0,0,0,1,7,1.0,0,1,No,No,No,No,No,0,2026-09-19,12,0,0,0,0,0,0,0,0,2,Needs Review,107,0,0,Adequate,Diet/Lifestyle,3,Post-Discharge Follow-up,1,2026-10-05,0,P4,0
2026-10-01,PT-000104,CM-012,EHR,Southwest,Dual Eligible,75,Female,English,Phone,1,0,0,0,0,1,1,0,0,3,1.13,Medium,1,1,0,0,,8.5,147,1,1,0,0,0,0,0,0,1,0,10,0.52,1,0,No,No,No,No,No,0,,44,0,0,0,0,0,0,1,0,2,Needs Review,91,0,0,Adequate,Diet/Lifestyle,4,Provider Follow-up,4,2026-09-27,1,P2,0
2026-10-01,PT-000105,CM-007,EHR,Northeast,Medicare Advantage,74,Female,Russian,SMS,0,0,0,0,0,0,0,0,0,0,0.57,Low,0,0,0,0,,,134,0,0,0,0,0,0,0,0,0,0,4,0.89,0,0,No,No,No,No,No,0,2026-10-01,0,0,1,0,0,0,0,0,0,1,Current,48,1,1,Low,Medication,0,Patient Education,5,2026-09-27,1,P2,0
2026-10-01,PT-000106,CM-014,Claims,Northeast,Commercial Complex Care,62,Female,English,SMS,1,0,0,0,0,0,0,0,0,1,0.58,Low,0,0,0,0,,7.3,149,0,0,0,0,0,0,0,1,0,0,3,0.89,0,1,No,No,No,No,No,0,2026-09-09,22,0,0,1,0,0,0,1,1,1,Overdue,313,0,0,Adequate,None,1,Patient Outreach,5,2026-10-06,0,P4,0
2026-10-01,PT-000107,CM-012,Claims,Mid-Atlantic,Medicare Advantage,75,Male,Spanish,Phone,0,1,0,0,1,0,0,0,0,2,1.58,Low,0,0,0,0,,,130,0,0,0,0,0,0,0,0,0,0,3,0.8,0,0,Unknown,Unknown,No,No,No,0,2026-09-08,23,0,0,0,1,0,0,1,0,2,Overdue,200,0,0,Limited,Diabetes,0,Patient Outreach,10,2026-09-28,1,P3,1
2026-10-01,PT-000108,CM-013,Claims,Mid-Atlantic,Dual Eligible,76,Male,English,SMS,1,1,0,0,0,0,0,0,0,2,1.14,Low,0,0,0,0,,9.6,126,0,0,0,0,0,0,0,0,0,0,4,0.73,1,0,No,No,No,No,No,0,2026-09-30,1,1,0,0,0,0,0,0,0,2,Current,29,0,0,Low,Diabetes,1,Medication Review,4,2026-10-02,0,P1,0
2026-10-01,PT-000109,CM-017,CareMgmt,Mid-Atlantic,Dual Eligible,65,Female,Spanish,Phone,1,0,0,1,0,0,0,0,0,2,0.69,Medium,0,0,0,0,,8.4,117,0,0,0,0,0,0,0,0,1,0,0,0.89,0,0,No,No,No,No,Yes,1,2026-09-30,1,0,0,0,0,0,0,0,0,2,Current,59,0,0,Adequate,Diabetes,1,Social Resource Referral,1,2026-10-03,0,P3,0
2026-10-01,PT-000110,CM-018,HIE,Northeast,Medicare Advantage,78,Male,English,Phone,0,0,0,0,0,0,0,0,1,0,0.48,Low,0,0,0,0,,,127,0,0,0,0,0,0,1,0,0,0,2,0.89,0,0,No,Yes,No,No,No,1,2026-08-26,36,2,1,0,0,1,0,0,0,0,Current,20,0,0,Adequate,Diabetes,1,Care Gap Closure,1,2026-09-28,1,P4,0
2026-10-01,PT-000111,CM-015,Pharmacy,Midwest,Medicare Advantage,74,Male,Spanish,Phone,0,1,0,0,0,0,0,0,0,1,0.65,Low,1,0,0,0,,,161,0,0,0,1,0,0,0,0,0,0,6,0.86,0,0,No,Unknown,Yes,No,No,1,2026-09-24,7,1,1,0,0,0,0,1,0,1,Current,37,0,1,Adequate,Medication,1,Patient Outreach,3,2026-09-29,1,P2,0
2026-10-01,PT-000112,CM-002,Claims,Southeast,Commercial Complex Care,33,Female,English,Phone,0,0,0,0,0,0,1,0,0,1,0.49,Medium,1,0,0,1,1,,139,0,0,0,0,1,0,0,0,0,1,9,0.81,0,0,No,No,No,No,No,0,2026-09-09,22,0,0,0,0,1,0,0,0,0,Current,70,2,0,Low,Discharge Instructions,2,Patient Education,1,2026-10-02,0,P3,0
2026-10-01,PT-000113,CM-003,CareMgmt,Southeast,Medicare Advantage,67,Male,English,SMS,0,0,0,0,0,0,0,0,0,0,0.86,Low,0,1,0,0,,,102,0,0,0,0,0,0,0,0,0,0,0,1.0,0,0,Yes,No,No,No,No,1,2026-09-10,21,0,1,0,1,0,0,0,0,1,Needs Review,105,1,0,Limited,None,0,Patient Outreach,2,2026-09-30,1,P4,0
2026-10-01,PT-000114,CM-003,EHR,Mid-Atlantic,Commercial Complex Care,68,Female,English,Phone,0,1,0,0,0,0,1,0,0,2,1.16,Medium,0,0,0,0,,,125,0,0,0,0,0,0,0,1,0,0,7,0.77,1,0,No,No,Unknown,No,Yes,1,2026-08-27,35,0,0,0,0,0,0,0,0,3,Current,33,1,0,Limited,Discharge Instructions,2,Post-Discharge Follow-up,0,2026-10-01,0,P3,0
2026-10-01,PT-000115,CM-006,EHR,Mid-Atlantic,Medicare Advantage,77,Male,English,Phone,0,1,0,0,0,0,0,0,0,1,0.56,Low,0,0,0,0,,,141,0,0,0,1,0,0,0,0,0,0,3,0.86,0,1,No,No,No,No,No,0,2026-09-13,18,0,1,0,0,0,0,0,0,0,Current,39,0,1,Adequate,Diet/Lifestyle,1,Patient Outreach,1,2026-10-06,0,P1,0
2026-10-01,PT-000116,CM-007,HIE,Midwest,Dual Eligible,93,Female,English,Portal,0,1,0,0,0,0,0,0,0,1,0.87,Low,0,0,0,0,,,131,0,0,0,0,0,0,0,0,0,0,1,0.85,0,0,No,No,No,Unknown,Unknown,0,2026-09-26,5,1,0,0,0,0,0,0,0,3,Overdue,305,0,0,Adequate,Medication,0,Patient Outreach,3,2026-10-05,0,P3,0
2026-10-01,PT-000117,CM-015,HIE,Northeast,Commercial Complex Care,42,Female,English,Phone,0,1,0,1,0,0,0,0,0,2,0.98,Low,0,0,0,0,,,157,0,0,0,1,0,0,0,0,0,0,5,0.96,0,0,No,No,No,No,No,0,2026-09-07,24,3,0,0,0,0,0,0,0,1,Current,56,0,0,Limited,COPD,1,Patient Outreach,2,2026-10-04,0,P4,0
2026-10-01,PT-000118,CM-010,EHR,Northeast,Medicaid Managed Care,64,Female,English,Phone,0,0,0,0,0,1,0,0,0,1,0.45,Low,0,0,0,0,,,117,0,0,0,0,0,0,0,0,1,0,8,0.82,0,0,No,No,No,No,No,0,2026-08-21,41,0,1,0,0,0,0,0,0,2,Needs Review,131,0,0,Adequate,None,1,Care Plan Update,4,2026-10-02,0,P3,0
2026-10-01,PT-000119,CM-005,Claims,Northeast,Medicare Advantage,84,Male,English,Phone,0,0,1,0,0,0,1,0,0,2,1.59,Medium,0,0,1,0,,,139,0,0,0,0,0,0,0,0,0,0,0,0.84,0,1,Yes,No,No,No,Yes,2,2026-08-31,31,0,1,0,0,0,0,0,0,0,Current,70,0,1,Limited,Diet/Lifestyle,0,Social Resource Referral,3,2026-09-28,1,P3,0
2026-10-01,PT-000120,CM-006,EHR,Southeast,Medicare Advantage,68,Female,English,Phone,1,1,0,1,1,0,0,0,0,4,1.54,High,0,0,0,0,,7.0,140,0,0,0,1,0,0,0,0,0,1,11,0.88,0,0,No,No,No,No,No,0,2026-10-01,0,0,1,0,0,0,0,0,0,4,Needs Review,132,0,0,Adequate,Appointment Preparation,2,Care Gap Closure,5,2026-09-28,1,P3,0
2026-10-01,PT-000121,CM-018,CareMgmt,Midwest,Medicare Advantage,72,Male,Spanish,SMS,1,0,0,0,0,1,0,0,0,2,1.34,Low,0,0,0,0,,,137,1,0,0,0,0,0,0,0,0,0,4,0.91,0,0,No,No,No,No,No,0,2026-09-20,11,0,1,0,0,0,0,0,0,2,Needs Review,109,0,0,Unknown,None,1,Patient Outreach,5,2026-10-01,0,P3,0
2026-10-01,PT-000122,CM-001,Pharmacy,Southwest,Commercial Complex Care,39,Male,English,Portal,0,0,0,0,0,0,0,0,0,0,0.93,Low,0,0,0,0,,,140,0,0,0,0,0,0,0,0,0,0,1,0.85,0,1,No,No,No,No,No,0,2026-09-03,28,1,0,0,0,0,0,0,0,1,Current,61,0,1,Adequate,Medication,0,Provider Follow-up,5,2026-10-03,0,P2,0
2026-10-01,PT-000123,CM-016,CareMgmt,Midwest,Medicare Advantage,57,Female,Unknown,Phone,0,0,0,0,0,0,0,0,0,0,0.8,Low,0,0,0,0,,,126,0,0,0,0,0,0,0,1,0,0,9,0.77,1,1,No,No,No,No,No,0,2026-08-18,44,0,0,0,0,0,0,0,1,0,Current,38,0,0,Adequate,None,2,Patient Education,0,2026-09-30,1,P3,0
2026-10-01,PT-000124,CM-016,EHR,Southeast,Medicaid Managed Care,62,Female,English,Phone,1,1,1,0,0,0,0,0,1,3,1.4,Medium,0,0,0,0,,5.8,137,0,0,0,0,0,0,0,1,0,1,10,0.8,0,0,No,Yes,No,Unknown,No,1,2026-09-17,14,1,0,0,0,1,1,0,0,2,Needs Review,142,0,1,Low,Medication,2,Care Gap Closure,3,2026-09-29,1,P2,1
2026-10-01,PT-000125,CM-018,Claims,Southeast,Medicaid Managed Care,36,Male,Spanish,Phone,0,0,0,0,0,0,0,0,0,0,0.66,Medium,1,0,0,1,23,,113,0,0,0,0,1,1,0,0,0,0,4,0.74,1,1,No,Yes,No,No,No,1,2026-09-13,18,0,1,0,0,0,1,0,1,4,Current,16,0,0,Adequate,CHF,3,Social Resource Referral,0,2026-10-02,0,P3,0
2026-10-01,PT-000126,CM-001,Claims,Southwest,Medicaid Managed Care,64,Female,Other,Phone,0,0,0,0,0,0,0,0,0,0,0.81,Low,0,0,0,0,,,132,0,0,0,0,0,0,0,0,0,0,2,0.89,0,0,No,Unknown,Yes,No,Unknown,1,2026-08-10,52,0,1,0,0,0,0,0,0,3,Overdue,161,1,0,Low,Diet/Lifestyle,0,Patient Outreach,4,2026-10-02,0,P1,0
2026-10-01,PT-000127,CM-005,CareMgmt,Mid-Atlantic,Medicare Advantage,64,Male,English,Phone,1,0,0,0,0,1,0,0,0,2,0.71,Low,2,0,0,0,,9.0,121,0,0,1,0,0,0,1,0,0,0,10,1.0,0,0,No,No,No,No,No,0,2026-08-10,52,0,0,0,1,1,0,0,0,3,Needs Review,99,0,0,Low,None,2,Patient Outreach,5,2026-10-02,0,P2,0
2026-10-01,PT-000128,CM-013,HIE,Northeast,Medicare Advantage,64,Male,English,Phone,0,1,0,0,0,0,0,0,0,1,0.89,Low,1,0,0,0,,,139,0,0,0,0,0,0,0,0,0,0,6,0.8,0,0,No,No,No,No,No,0,2026-09-15,16,0,0,0,0,0,0,0,0,1,Current,20,0,0,Limited,None,0,Social Resource Referral,0,2026-10-01,0,P3,0
2026-10-01,PT-000129,CM-015,Claims,Midwest,Medicaid Managed Care,50,Female,Chinese,SMS,1,0,0,0,0,0,0,0,0,1,0.97,Low,0,0,0,0,,6.7,142,1,0,1,0,0,0,0,0,0,0,8,0.83,0,0,No,Yes,No,Yes,Unknown,2,2026-09-08,23,0,0,1,0,0,0,0,0,2,Not Started,,0,0,Limited,Appointment Preparation,2,Social Resource Referral,6,2026-10-05,0,P4,0
2026-10-01,PT-000130,CM-005,CareMgmt,Northeast,Medicare Advantage,78,Male,English,Portal,0,1,0,0,0,0,0,0,0,1,1.09,Low,0,0,1,0,,,140,0,0,0,1,0,0,0,0,0,0,2,0.82,0,0,No,No,Unknown,No,No,0,2026-09-23,8,0,1,0,0,0,0,1,0,0,Not Started,,0,0,Adequate,None,1,Medication Review,0,2026-10-04,0,P4,0
2026-10-01,PT-000131,CM-011,EHR,Midwest,Medicare Advantage,65,Male,English,Phone,0,0,0,0,0,1,0,0,0,1,0.73,Low,0,0,0,0,,,111,0,0,0,0,0,0,0,0,0,0,1,0.85,0,0,No,No,Unknown,No,No,0,2026-08-24,38,3,1,0,0,0,0,0,0,1,Needs Review,99,0,0,Adequate,None,0,Patient Education,6,2026-10-03,0,P4,0
2026-10-01,PT-000132,CM-006,HIE,Midwest,Medicare Advantage,76,Male,English,SMS,0,0,0,0,0,0,0,0,0,0,0.63,Low,0,0,0,0,,,131,0,0,0,0,0,0,0,0,0,0,3,0.84,0,0,No,No,Unknown,No,No,0,2026-08-20,42,0,0,0,0,0,0,0,0,1,Current,60,0,0,Adequate,Medication,0,Patient Education,0,2026-10-05,0,P3,0
2026-10-01,PT-000133,CM-013,HIE,Midwest,Medicare Advantage,75,Male,English,Caregiver,0,1,1,0,1,1,0,0,0,4,1.84,High,1,0,0,0,,,127,0,0,0,0,0,0,0,1,0,0,6,0.69,1,0,No,No,No,No,No,0,2026-08-15,47,0,1,0,1,1,0,0,0,1,Current,23,2,0,Limited,Diet/Lifestyle,2,Care Gap Closure,8,2026-09-29,1,P2,0
2026-10-01,PT-000134,CM-006,Pharmacy,Southeast,Medicare Advantage,82,Female,Spanish,SMS,0,0,0,0,0,0,1,0,0,1,0.92,Low,0,0,0,0,,,131,0,0,0,0,0,0,0,0,0,0,4,0.77,1,0,No,No,No,No,Yes,1,2026-09-09,22,2,1,0,0,0,0,0,0,2,Not Started,,0,0,Limited,None,1,Post-Discharge Follow-up,7,2026-10-06,0,P2,0
2026-10-01,PT-000135,CM-011,EHR,Northeast,Commercial Complex Care,42,Female,English,Phone,0,1,1,1,0,0,0,0,0,3,1.59,Medium,0,0,0,0,,,152,0,0,0,1,0,0,0,0,0,0,8,0.89,0,0,No,No,No,No,No,0,2026-09-04,27,0,0,0,0,0,0,0,0,3,Current,67,0,0,Limited,CHF,1,Medication Review,8,2026-10-03,0,P2,0
2026-10-01,PT-000136,CM-003,EHR,Northeast,Medicare Advantage,83,Female,English,Phone,0,1,0,0,0,1,0,0,0,2,1.28,Low,1,0,0,0,,,119,0,0,0,0,0,0,0,0,1,0,5,0.91,0,1,No,No,Unknown,No,Yes,1,2026-08-27,35,0,0,0,1,0,0,0,0,1,Current,12,0,0,Limited,Diet/Lifestyle,1,Patient Education,5,2026-10-06,0,P2,0
2026-10-01,PT-000137,CM-001,CareMgmt,Northeast,Medicare Advantage,79,Male,Bengali,Phone,0,0,0,0,1,0,1,0,1,2,1.32,Medium,0,0,0,0,,,124,0,0,0,0,0,0,0,1,0,0,2,1.0,0,0,No,No,No,No,No,0,2026-09-26,5,1,0,0,1,0,0,0,0,1,Current,45,0,0,Limited,Medication,1,Medication Review,5,2026-09-29,1,P2,0
2026-10-01,PT-000138,CM-015,CareMgmt,Northeast,Medicaid Managed Care,67,Female,Spanish,Phone,0,0,0,0,0,0,0,0,0,0,0.92,Low,0,0,0,0,,,142,0,0,0,0,0,0,0,1,0,0,5,0.71,1,0,No,No,No,No,Unknown,0,2026-09-07,24,0,0,0,0,0,0,0,0,1,Overdue,223,0,0,Adequate,Appointment Preparation,2,Care Gap Closure,2,2026-09-30,1,P3,0
2026-10-01,PT-000139,CM-006,Claims,Mid-Atlantic,Medicare Advantage,58,Male,Unknown,Caregiver,1,1,1,0,0,0,0,0,0,3,1.49,Medium,0,0,0,0,,6.9,137,1,1,0,0,0,0,0,0,0,0,8,0.87,0,0,No,No,No,No,Unknown,0,2026-08-30,32,0,0,0,0,0,0,1,0,1,Needs Review,146,0,0,Adequate,Diabetes,2,Patient Education,9,2026-10-03,0,P4,0
2026-10-01,PT-000140,CM-009,HIE,Mid-Atlantic,Medicare Advantage,83,Female,English,Phone,0,1,0,0,0,0,1,0,0,2,0.93,Low,0,0,0,0,,,143,0,0,0,1,0,0,1,0,0,0,8,0.86,0,0,No,No,No,No,No,0,2026-09-09,22,0,0,0,0,0,0,0,0,3,Current,74,0,0,Adequate,None,2,Post-Discharge Follow-up,4,2026-10-01,0,P3,0
2026-10-01,PT-000141,CM-018,EHR,Mid-Atlantic,Medicare Advantage,77,Female,English,Portal,0,1,0,0,0,0,1,0,1,2,1.41,Medium,2,0,0,0,,,111,0,0,0,0,0,0,0,1,0,1,5,0.74,1,0,No,Yes,No,No,No,1,2026-08-23,39,0,0,0,0,0,1,0,0,3,Current,82,0,1,Adequate,None,3,Patient Outreach,3,2026-09-28,1,P2,0
2026-10-01,PT-000142,CM-001,Pharmacy,Midwest,Medicaid Managed Care,49,Female,English,Caregiver,0,0,0,0,0,0,0,0,0,0,0.83,Low,0,0,0,0,,,133,0,0,0,0,0,0,0,0,0,0,3,0.75,1,0,Unknown,No,Yes,No,Unknown,1,2026-08-21,41,4,1,0,0,0,0,0,0,0,Current,85,0,0,Adequate,None,1,Patient Education,0,2026-09-28,1,P3,0
2026-10-01,PT-000143,CM-013,EHR,Northeast,Commercial Complex Care,47,Male,English,SMS,0,0,0,0,0,1,0,0,0,1,0.71,Low,1,0,0,0,,,126,0,0,0,0,0,0,0,0,0,0,5,0.8,0,0,Yes,No,Unknown,No,No,1,2026-09-09,22,0,1,0,0,0,0,0,0,1,Current,87,0,1,Limited,Diet/Lifestyle,0,Patient Education,8,2026-10-05,0,P4,0
2026-10-01,PT-000144,CM-016,Pharmacy,Southeast,Dual Eligible,63,Male,Spanish,Phone,0,1,0,0,0,1,0,1,0,3,1.05,Medium,2,0,0,0,,,164,0,0,0,1,0,0,0,0,1,0,4,0.69,1,0,No,Unknown,No,Unknown,Yes,1,2026-08-29,33,1,0,0,0,0,0,0,1,0,Current,80,0,0,Adequate,None,3,Medication Review,3,2026-10-04,0,P4,0
2026-10-01,PT-000145,CM-008,EHR,Southeast,Medicare Advantage,86,Male,English,Phone,0,1,0,0,0,0,1,0,0,2,0.55,Low,0,0,0,0,,,147,0,0,0,1,0,0,0,0,0,0,7,0.86,0,0,No,No,Yes,No,No,1,2026-09-02,29,0,0,0,0,0,0,0,0,2,Overdue,317,1,0,Adequate,Medication,1,Care Gap Closure,8,2026-09-28,1,P2,0
2026-10-01,PT-000146,CM-017,EHR,Southwest,Medicare Advantage,73,Female,Spanish,SMS,0,1,1,0,1,0,0,0,1,3,1.83,High,1,0,3,0,,,131,0,0,0,0,0,0,1,0,0,0,11,0.89,0,0,No,No,No,No,No,0,2026-09-06,25,0,0,0,0,0,0,0,0,3,Current,22,0,0,Unknown,Diet/Lifestyle,1,Patient Outreach,4,2026-10-05,0,P3,0
2026-10-01,PT-000147,CM-002,EHR,Northeast,Dual Eligible,66,Male,Spanish,SMS,1,1,0,0,0,0,0,0,0,2,1.25,Low,0,0,0,0,,9.2,134,1,1,0,0,0,0,1,0,0,1,11,0.98,0,0,Unknown,Unknown,No,No,No,0,2026-09-07,24,0,0,0,0,0,0,0,0,0,Overdue,233,0,0,Low,Medication,4,Patient Education,2,2026-10-02,0,P4,0
2026-10-01,PT-000148,CM-001,Pharmacy,Midwest,Medicare Advantage,75,Female,English,Caregiver,0,0,0,0,0,0,0,0,0,0,0.2,Low,0,0,0,0,,,115,0,0,0,0,0,0,0,0,0,0,0,0.76,0,0,No,No,No,No,No,0,2026-09-14,17,0,1,0,0,0,0,0,0,2,Not Started,,0,0,Limited,Medication,0,Patient Outreach,0,2026-09-29,1,P3,0
2026-10-01,PT-000149,CM-007,EHR,Northeast,Commercial Complex Care,63,Male,English,Caregiver,0,0,0,1,0,0,0,0,0,1,0.59,Low,0,0,0,0,,,109,0,0,0,0,0,0,0,0,0,0,3,1.0,0,0,No,No,No,No,No,0,2026-09-06,25,0,0,0,0,0,0,0,0,0,Current,40,0,0,Adequate,Medication,0,Post-Discharge Follow-up,3,2026-09-27,1,P3,0
2026-10-01,PT-000150,CM-007,CareMgmt,Mid-Atlantic,Medicare Advantage,55,Female,Chinese,Phone,0,0,0,0,0,0,0,0,0,0,0.87,Low,0,0,0,0,,,162,0,0,0,0,0,0,0,0,0,0,4,0.98,0,0,Yes,No,No,No,Yes,2,2026-09-06,25,0,0,0,1,0,0,0,0,0,Needs Review,135,2,0,Low,Medication,0,Care Plan Update,0,2026-09-27,1,P3,0
2026-10-01,PT-000151,CM-008,CareMgmt,Northeast,Medicare Advantage,60,Female,Other,Phone,0,0,0,0,0,0,0,0,1,0,0.96,Low,0,0,0,0,,,113,0,0,0,0,0,0,0,0,0,0,1,0.65,0,0,No,Yes,No,No,No,1,2026-09-04,27,0,0,0,0,0,0,0,0,1,Current,54,0,0,Adequate,Medication,0,Medication Review,5,2026-09-30,1,P4,0
2026-10-01,PT-000152,CM-010,CareMgmt,Midwest,Medicare Advantage,70,Female,Chinese,Phone,0,0,0,0,0,1,0,0,0,1,0.9,Low,1,0,0,0,,,160,0,0,0,0,0,0,0,1,0,0,4,0.73,1,1,No,No,Unknown,Unknown,No,0,2026-09-09,22,0,0,0,0,0,0,0,1,0,Needs Review,90,0,0,Adequate,Diet/Lifestyle,2,Patient Outreach,0,2026-10-02,0,P3,0
2026-10-01,PT-000153,CM-010,CareMgmt,Mid-Atlantic,Medicare Advantage,69,Female,English,SMS,1,0,0,0,0,0,0,1,0,2,1.19,Low,0,0,0,0,,7.8,146,0,0,0,0,0,0,1,1,0,0,6,0.93,0,0,No,No,No,No,No,0,2026-09-14,17,0,0,0,0,0,0,0,0,2,Current,12,0,1,Unknown,Diabetes,2,Care Plan Update,4,2026-09-28,1,P3,0
2026-10-01,PT-000154,CM-006,HIE,Northeast,Dual Eligible,69,Male,Unknown,SMS,0,0,0,0,0,0,0,0,0,0,0.98,Low,0,0,0,0,,,130,0,0,0,0,0,0,0,0,0,0,5,0.96,0,0,No,No,Yes,No,No,1,2026-09-11,20,0,0,1,1,0,0,0,0,0,Needs Review,129,0,0,Adequate,None,0,Post-Discharge Follow-up,8,2026-10-01,0,P2,0
2026-10-01,PT-000155,CM-017,Pharmacy,Midwest,Dual Eligible,74,Male,English,Phone,0,1,0,0,0,1,0,0,0,2,1.03,High,0,0,1,1,17,,125,0,0,0,0,1,1,0,0,1,0,8,0.57,1,0,No,Yes,No,No,Yes,2,2026-08-28,34,0,0,0,0,0,0,0,0,1,Needs Review,114,1,1,Adequate,None,4,Post-Discharge Follow-up,6,2026-10-01,0,P1,0
2026-10-01,PT-000156,CM-009,HIE,Southeast,Medicare Advantage,72,Female,English,Caregiver,0,0,0,0,0,0,0,0,0,0,0.63,Low,0,0,0,0,,,148,0,0,0,0,0,0,0,0,0,0,4,0.88,0,0,No,Unknown,No,No,No,0,2026-10-01,0,0,0,0,0,0,0,0,0,0,Current,37,0,0,Limited,Appointment Preparation,0,Patient Outreach,7,2026-10-04,0,P3,0
2026-10-01,PT-000157,CM-015,CareMgmt,Northeast,Medicare Advantage,78,Female,English,SMS,1,0,0,0,0,0,0,0,0,1,1.47,Low,0,0,0,0,,7.3,138,0,0,0,0,0,0,0,0,0,0,3,0.72,1,0,No,No,No,No,No,0,2026-08-24,38,4,0,0,0,0,0,0,0,1,Current,82,0,0,Adequate,None,1,Social Resource Referral,0,2026-09-27,1,P3,0
2026-10-01,PT-000158,CM-011,CareMgmt,Mid-Atlantic,Dual Eligible,62,Female,Russian,Phone,1,0,0,0,0,0,0,0,0,1,0.94,Low,0,0,1,0,,6.3,131,0,0,0,0,1,0,0,0,0,0,7,1.0,0,0,Yes,No,No,No,Unknown,1,2026-08-28,34,0,1,0,0,0,0,0,0,1,Current,62,0,0,Adequate,Medication,1,Medication Review,11,2026-10-02,0,P2,0
2026-10-01,PT-000159,CM-011,EHR,Mid-Atlantic,Commercial Complex Care,63,Female,English,Phone,0,1,0,0,0,0,0,0,0,1,1.02,Low,0,0,0,0,,,117,0,0,0,0,0,0,0,0,0,0,5,0.83,0,0,No,No,No,No,No,0,2026-09-21,10,0,0,0,0,0,0,0,0,3,Needs Review,122,0,0,Limited,None,0,Care Plan Update,6,2026-09-28,1,P2,0
2026-10-01,PT-000160,CM-009,Claims,Northeast,Medicare Advantage,78,Female,English,Phone,0,0,0,0,0,0,0,0,0,0,0.65,Low,0,0,0,0,,,109,0,0,0,0,1,0,0,1,0,0,1,0.77,0,0,No,No,No,No,Yes,1,2026-08-16,46,4,1,0,0,0,0,1,0,0,Current,85,0,0,Adequate,None,2,Care Plan Update,10,2026-09-30,1,P1,0
2026-10-01,PT-000161,CM-016,Claims,Northeast,Medicare Advantage,79,Male,English,Phone,1,1,1,0,0,0,0,0,0,3,1.75,Medium,0,0,1,0,,7.3,123,0,0,0,0,0,0,0,0,0,1,7,0.95,0,0,No,No,Unknown,No,Yes,1,2026-09-20,11,0,0,0,1,0,0,0,0,1,Overdue,340,0,0,Low,CHF,1,Care Plan Update,5,2026-09-28,1,P2,0
2026-10-01,PT-000162,CM-006,CareMgmt,Mid-Atlantic,Medicaid Managed Care,59,Male,Other,SMS,0,1,0,0,0,0,0,0,0,1,0.77,Low,0,0,0,0,,,155,0,0,0,1,0,1,0,0,0,0,8,0.93,0,0,No,Yes,No,No,Unknown,1,2026-08-26,36,1,0,1,0,0,1,0,0,2,Needs Review,101,0,0,Adequate,Appointment Preparation,2,Patient Outreach,0,2026-10-06,0,P2,0
2026-10-01,PT-000163,CM-006,HIE,Mid-Atlantic,Commercial Complex Care,56,Female,English,Phone,1,0,0,1,1,0,0,0,0,3,1.38,Medium,0,0,1,0,,7.4,134,0,0,0,0,0,0,0,0,0,0,7,0.76,1,1,Yes,No,No,No,No,1,2026-08-20,42,0,0,0,0,0,0,0,0,3,Needs Review,107,0,0,Adequate,Diabetes,1,Provider Follow-up,0,2026-10-06,0,P3,0
2026-10-01,PT-000164,CM-015,CareMgmt,Northeast,Dual Eligible,82,Female,English,SMS,0,0,1,1,0,0,0,0,0,2,1.67,Medium,0,0,0,0,,,154,0,0,0,0,0,0,0,0,0,0,4,0.82,0,0,No,No,Yes,No,Yes,2,2026-09-02,29,0,0,0,0,0,0,1,0,2,Not Started,,0,0,Limited,Appointment Preparation,0,Patient Outreach,4,2026-10-01,0,P2,0
2026-10-01,PT-000165,CM-008,EHR,Midwest,Medicare Advantage,72,Male,English,SMS,0,0,0,0,0,0,0,0,0,0,0.56,Low,0,0,0,0,,,122,0,0,0,0,0,0,1,0,0,0,5,0.87,0,0,No,No,No,No,No,0,2026-09-21,10,0,0,0,0,0,0,0,0,2,Overdue,151,2,0,Unknown,Medication,1,Medication Review,11,2026-10-05,0,P2,0
2026-10-01,PT-000166,CM-004,EHR,Mid-Atlantic,Medicaid Managed Care,57,Female,English,Portal,0,1,0,0,0,0,0,0,0,1,1.22,Low,0,0,0,0,,,156,0,0,0,1,0,0,0,0,0,0,4,0.9,0,0,No,No,No,No,No,0,2026-08-20,42,0,1,0,0,0,0,0,0,1,Current,29,0,0,Adequate,Diet/Lifestyle,1,Patient Education,1,2026-09-27,1,P3,0
2026-10-01,PT-000167,CM-016,Claims,Southeast,Medicare Advantage,84,Female,English,Portal,1,1,0,1,0,0,0,0,0,3,1.18,Medium,1,0,0,0,,7.6,142,0,0,1,1,0,0,0,0,0,0,4,0.88,0,0,No,No,No,Yes,No,1,2026-08-25,37,5,1,0,0,0,0,0,0,1,Current,10,0,0,Limited,Diet/Lifestyle,2,Care Plan Update,13,2026-10-06,0,P2,0
2026-10-01,PT-000168,CM-003,EHR,Southwest,Medicaid Managed Care,70,Female,English,Phone,0,1,0,0,0,0,0,0,1,1,1.0,Medium,0,0,0,1,8,,156,0,0,0,1,0,0,0,0,0,0,10,1.0,0,0,No,Yes,Yes,Unknown,Yes,3,2026-09-09,22,0,0,0,1,0,1,0,0,3,Not Started,,1,0,Unknown,Medication,1,Patient Outreach,3,2026-09-28,1,P2,0
2026-10-01,PT-000169,CM-017,EHR,Southeast,Medicare Advantage,63,Male,English,Portal,0,1,0,0,0,0,0,0,1,1,0.45,Medium,0,0,0,0,,,147,0,0,0,1,0,0,0,1,0,0,3,0.57,1,0,No,No,No,Yes,Unknown,1,2026-08-31,31,0,1,0,1,1,0,0,0,1,Current,16,0,0,Adequate,COPD,3,Patient Outreach,3,2026-10-04,0,P4,1
2026-10-01,PT-000170,CM-014,CareMgmt,Northeast,Medicare Advantage,74,Female,English,SMS,0,1,0,1,0,0,0,0,1,2,1.19,Medium,1,0,0,0,,,125,0,0,0,0,0,0,0,0,0,0,9,1.0,0,0,Yes,No,No,Yes,No,2,2026-08-05,57,2,0,0,0,0,0,0,0,4,Current,8,0,1,Limited,None,0,Medication Review,7,2026-10-02,0,P4,0
2026-10-01,PT-000171,CM-013,CareMgmt,Northeast,Medicare Advantage,74,Female,English,Phone,0,0,0,0,0,0,0,0,0,0,0.65,Low,0,0,0,0,,,107,0,0,0,0,0,0,0,1,0,0,0,0.93,0,0,No,No,No,No,No,0,2026-09-22,9,1,1,0,0,0,0,0,0,2,Current,14,0,0,Adequate,Diet/Lifestyle,1,Care Gap Closure,7,2026-09-30,1,P4,0
2026-10-01,PT-000172,CM-013,CareMgmt,Mid-Atlantic,Medicare Advantage,71,Male,Other,Phone,0,1,0,0,0,0,0,0,1,1,0.79,Low,0,0,0,0,,,149,0,0,0,1,0,0,0,0,0,0,4,0.95,0,0,Yes,No,No,Unknown,Yes,2,2026-09-03,28,1,1,0,0,0,0,1,0,2,Current,7,0,0,Limited,Diet/Lifestyle,1,Provider Follow-up,3,2026-10-06,0,P4,0
2026-10-01,PT-000173,CM-008,EHR,Mid-Atlantic,Medicaid Managed Care,60,Male,Bengali,Phone,0,1,0,0,0,0,0,0,0,1,0.59,Low,0,0,0,0,,,120,0,0,0,0,0,0,0,0,0,0,3,0.53,1,0,No,No,No,No,No,0,2026-09-17,14,0,0,0,0,0,0,0,0,2,Overdue,156,0,0,Adequate,Medication,1,Patient Outreach,0,2026-10-02,0,P2,0
2026-10-01,PT-000174,CM-008,Pharmacy,Southeast,Medicare Advantage,78,Male,English,SMS,1,0,0,0,0,0,0,0,0,1,1.09,Low,0,0,0,0,,8.8,140,0,0,0,0,0,0,0,0,0,0,5,0.92,0,1,No,No,No,Yes,Yes,2,2026-08-12,50,0,1,0,0,0,0,0,0,0,Overdue,171,0,0,Adequate,Appointment Preparation,0,Social Resource Referral,3,2026-09-30,1,P2,0
2026-10-01,PT-000175,CM-007,HIE,Southeast,Medicare Advantage,68,Male,English,Phone,1,1,0,0,0,0,0,0,0,2,1.75,Medium,1,0,0,0,,,176,0,0,0,1,0,0,0,1,0,0,6,0.72,1,1,No,No,No,No,No,0,2026-09-17,14,0,0,0,0,0,0,1,0,2,Not Started,,0,0,Limited,Discharge Instructions,3,Patient Outreach,0,2026-10-04,0,P3,0
2026-10-01,PT-000176,CM-010,CareMgmt,Southeast,Medicare Advantage,59,Male,English,Phone,1,0,0,0,1,0,0,0,0,2,1.31,Low,0,0,0,0,,6.6,153,0,1,1,0,0,0,0,0,0,0,5,0.95,0,0,No,No,No,No,No,0,2026-09-05,26,0,1,0,0,0,0,0,1,2,Overdue,167,0,0,Limited,None,2,Medication Review,9,2026-10-06,0,P2,0
2026-10-01,PT-000177,CM-015,CareMgmt,Midwest,Medicaid Managed Care,31,Male,English,SMS,1,0,0,0,0,0,0,0,0,1,0.88,Low,1,0,0,0,,9.2,123,0,0,1,0,0,0,0,0,0,1,3,0.86,0,0,No,No,No,No,No,0,2026-09-27,4,0,0,0,0,0,0,0,0,1,Current,15,0,0,Adequate,Medication,2,Care Plan Update,1,2026-09-30,1,P2,0
2026-10-01,PT-000178,CM-018,Claims,Mid-Atlantic,Medicare Advantage,73,Female,Other,Phone,0,0,0,0,0,0,0,1,0,1,0.82,Low,0,0,0,0,,,136,0,0,0,0,0,0,1,0,0,0,4,1.0,0,0,No,No,No,No,No,0,2026-08-23,39,0,1,0,0,0,0,0,1,0,Overdue,198,0,0,Limited,Medication,1,Provider Follow-up,0,2026-09-30,1,P2,0
2026-10-01,PT-000179,CM-006,HIE,Southeast,Commercial Complex Care,45,Female,Other,Caregiver,0,0,0,0,0,1,0,0,0,1,0.98,Low,0,0,2,0,,,132,0,0,0,0,0,0,0,0,1,0,4,0.85,0,0,Yes,No,No,No,No,1,2026-09-05,26,0,1,0,1,0,0,0,0,2,Overdue,212,0,0,Adequate,Medication,1,Care Gap Closure,3,2026-09-27,1,P2,0
2026-10-01,PT-000180,CM-011,Pharmacy,Midwest,Medicare Advantage,76,Female,English,Phone,1,1,0,0,1,0,0,0,0,3,1.6,Medium,1,0,1,0,,8.2,152,0,0,0,1,0,0,0,1,0,0,10,0.94,0,1,No,No,No,No,No,0,2026-09-22,9,0,0,0,0,0,0,0,0,3,Current,26,0,0,Low,Diet/Lifestyle,2,Medication Review,1,2026-09-29,1,P3,0
2026-10-01,PT-000181,CM-015,CareMgmt,Northeast,Medicare Advantage,69,Male,Spanish,Phone,0,1,0,0,0,0,0,0,0,1,1.02,Low,0,0,0,0,,,140,0,0,0,1,0,0,0,1,0,0,3,1.0,0,0,No,No,Yes,Yes,No,2,2026-09-09,22,2,0,0,0,0,0,0,0,1,Needs Review,100,1,0,Adequate,Diet/Lifestyle,2,Post-Discharge Follow-up,4,2026-09-28,1,P2,0
2026-10-01,PT-000182,CM-015,Pharmacy,Mid-Atlantic,Medicare Advantage,69,Female,Chinese,Phone,0,0,0,0,0,0,1,0,0,1,0.6,Low,0,0,0,0,,,117,0,0,0,0,0,0,0,0,0,0,0,0.92,0,0,No,No,No,No,No,0,2026-10-01,0,1,0,0,0,0,0,0,0,0,Current,6,0,0,Adequate,Medication,0,Social Resource Referral,2,2026-10-02,0,P4,0
2026-10-01,PT-000183,CM-014,Claims,Southeast,Medicare Advantage,81,Female,Other,Phone,1,0,0,1,0,0,0,0,0,2,1.37,Medium,0,0,0,0,,7.8,130,1,0,0,0,0,0,0,0,0,0,7,0.8,0,1,No,No,No,Yes,Unknown,1,2026-09-14,17,5,0,0,0,0,0,0,1,3,Current,2,0,0,Limited,None,1,Patient Outreach,10,2026-10-02,0,P2,0
2026-10-01,PT-000184,CM-013,EHR,Midwest,Dual Eligible,64,Female,English,Phone,0,0,0,0,0,1,1,0,0,2,0.65,Low,2,0,0,0,,,120,0,0,0,0,1,0,0,0,0,0,8,0.8,0,0,No,No,No,No,Unknown,0,2026-09-22,9,0,0,0,0,0,0,1,0,2,Current,5,0,0,Limited,Medication,1,Patient Education,5,2026-09-29,1,P2,0
2026-10-01,PT-000185,CM-004,Pharmacy,Midwest,Medicare Advantage,67,Female,English,Phone,0,1,0,0,0,0,0,0,0,1,1.03,Low,2,0,0,0,,,141,0,0,0,1,0,0,0,0,0,0,4,1.0,0,0,No,No,No,No,Yes,1,2026-08-16,46,0,0,0,0,0,0,0,0,1,Needs Review,110,0,0,Adequate,None,1,Care Gap Closure,0,2026-09-27,1,P4,0
2026-10-01,PT-000186,CM-013,CareMgmt,Southwest,Medicaid Managed Care,49,Female,English,Phone,0,0,0,0,0,0,0,0,0,0,0.96,Low,0,0,0,0,,,127,0,0,0,0,0,0,0,0,0,0,2,0.77,1,0,No,No,No,Unknown,No,0,2026-09-27,4,2,1,0,0,0,0,0,0,0,Current,37,0,0,Adequate,None,1,Medication Review,4,2026-09-29,1,P3,0
2026-10-01,PT-000187,CM-018,Claims,Southeast,Medicare Advantage,67,Female,English,Phone,0,1,0,0,0,0,0,0,0,1,0.7,Medium,0,0,0,0,,,144,0,0,0,1,1,0,1,0,0,0,4,0.84,0,0,Yes,No,Yes,Yes,No,3,2026-08-24,38,0,1,0,0,0,0,0,1,0,Needs Review,125,0,0,Unknown,Diet/Lifestyle,3,Care Plan Update,1,2026-09-29,1,P2,0
2026-10-01,PT-000188,CM-001,EHR,Northeast,Commercial Complex Care,53,Male,English,SMS,0,0,0,0,0,1,0,0,0,1,0.83,Low,0,0,0,0,,,119,0,0,0,0,0,0,0,0,0,0,6,0.72,1,1,No,No,No,No,No,0,2026-09-09,22,0,0,0,0,0,0,0,0,0,Current,15,0,0,Limited,Appointment Preparation,1,Care Gap Closure,6,2026-09-29,1,P2,0
2026-10-01,PT-000189,CM-007,CareMgmt,Northeast,Commercial Complex Care,53,Female,English,Caregiver,1,0,0,0,0,1,0,0,0,2,0.65,Medium,0,0,0,0,,6.4,151,0,0,0,0,1,0,0,0,0,1,7,0.7,1,1,Yes,No,No,No,No,1,2026-08-24,38,0,0,0,1,0,0,0,0,1,Needs Review,108,0,0,Adequate,Appointment Preparation,3,Social Resource Referral,0,2026-10-02,0,P3,0
2026-10-01,PT-000190,CM-012,Claims,Midwest,Medicare Advantage,72,Female,English,SMS,0,1,0,0,0,0,0,0,0,1,0.53,Low,0,0,0,0,,,124,0,0,0,0,0,0,1,0,0,0,3,0.91,0,1,No,Unknown,Unknown,No,No,0,2026-08-21,41,1,0,0,0,0,0,0,0,1,Not Started,,0,0,Low,None,1,Care Plan Update,1,2026-09-29,1,P3,0
2026-10-01,PT-000191,CM-010,Pharmacy,Northeast,Medicare Advantage,73,Female,Spanish,Phone,1,1,1,0,0,1,0,0,0,4,1.94,High,1,0,0,0,,6.1,147,0,0,1,1,0,0,0,1,0,0,8,0.92,0,1,No,No,Unknown,Yes,No,1,2026-08-10,52,0,0,0,0,0,0,1,0,4,Overdue,307,0,1,Adequate,Diet/Lifestyle,3,Care Gap Closure,3,2026-10-04,0,P3,0
2026-10-01,PT-000192,CM-018,CareMgmt,Northeast,Dual Eligible,84,Male,English,Phone,1,1,1,1,0,1,0,1,0,6,1.78,High,0,0,0,0,,8.2,117,0,0,1,0,0,0,1,0,0,0,14,0.65,1,0,Yes,No,Yes,No,Unknown,2,2026-08-19,43,0,0,0,0,0,0,1,0,3,Not Started,,0,0,Limited,None,3,Patient Outreach,5,2026-10-03,0,P1,1
2026-10-01,PT-000193,CM-001,CareMgmt,Southwest,Medicare Advantage,80,Male,Unknown,Phone,0,0,0,0,0,0,1,0,0,1,0.65,Low,1,0,0,0,,,148,0,0,0,0,0,0,0,0,0,0,6,0.87,0,1,No,Unknown,No,No,No,0,2026-09-01,30,0,0,0,0,0,0,0,0,1,Current,10,0,0,Unknown,None,0,Patient Outreach,0,2026-10-02,0,P3,0
2026-10-01,PT-000194,CM-011,Pharmacy,Midwest,Commercial Complex Care,20,Male,English,Phone,0,0,0,0,0,1,0,0,0,1,1.36,Low,0,0,0,0,,,123,0,0,0,0,0,0,0,0,0,0,4,0.73,1,0,No,No,No,No,No,0,2026-08-17,45,0,1,0,0,0,0,0,0,0,Overdue,250,0,0,Adequate,None,1,Care Gap Closure,2,2026-10-05,0,P1,0
2026-10-01,PT-000195,CM-007,Pharmacy,Southeast,Medicaid Managed Care,88,Female,English,SMS,0,1,0,0,0,0,1,0,0,2,1.0,Low,0,0,0,0,,,153,0,0,0,1,0,0,0,0,0,0,8,0.85,0,0,No,No,No,No,Unknown,0,2026-09-10,21,4,0,0,1,0,0,0,0,4,Current,33,0,0,Adequate,None,1,Patient Outreach,4,2026-10-06,0,P3,0
2026-10-01,PT-000196,CM-008,Claims,Midwest,Medicare Advantage,83,Female,Spanish,Phone,0,1,0,0,0,0,0,0,0,1,1.34,Low,0,0,0,0,,,133,0,0,0,0,0,0,0,0,0,0,2,0.86,0,0,No,Yes,No,No,No,1,2026-08-25,37,0,0,0,0,0,1,0,0,2,Needs Review,123,0,0,Adequate,Diet/Lifestyle,0,Patient Outreach,0,2026-10-01,0,P4,0
2026-10-01,PT-000197,CM-015,Claims,Northeast,Medicare Advantage,67,Female,English,Portal,1,1,0,0,0,0,0,0,0,2,1.37,Medium,0,0,0,1,7,,113,0,1,0,0,0,1,1,0,0,0,7,0.83,0,0,No,No,No,No,No,0,2026-09-04,27,1,0,0,0,1,0,0,1,1,Current,52,0,0,Adequate,Diabetes,3,Provider Follow-up,0,2026-10-03,0,P3,0
2026-10-01,PT-000198,CM-014,HIE,Northeast,Medicare Advantage,66,Male,English,Portal,0,1,0,0,0,1,0,0,0,2,1.26,Low,0,0,0,0,,,139,0,0,0,0,0,0,1,0,0,0,5,0.67,1,0,No,No,No,No,No,0,2026-08-22,40,0,0,0,1,0,0,0,1,1,Current,3,0,0,Adequate,COPD,2,Medication Review,0,2026-10-06,0,P3,0
2026-10-01,PT-000199,CM-010,Claims,Midwest,Medicare Advantage,76,Male,English,Caregiver,0,0,0,0,0,0,1,0,0,1,1.03,Low,0,0,0,0,,,138,0,0,0,0,0,0,1,1,0,0,8,0.93,0,0,No,No,No,Yes,No,1,2026-08-12,50,0,1,0,0,0,0,0,0,0,Needs Review,146,0,0,Adequate,Discharge Instructions,2,Social Resource Referral,0,2026-10-06,0,P2,0
2026-10-01,PT-000200,CM-001,HIE,Southwest,Medicare Advantage,73,Female,Russian,Phone,1,0,0,0,0,0,0,0,0,1,1.02,Low,0,0,0,0,,7.4,137,1,0,0,0,1,0,0,0,0,1,4,0.87,0,0,Yes,No,No,No,No,1,2026-08-30,32,0,0,1,0,0,0,1,0,2,Overdue,163,0,0,Low,Discharge Instructions,3,Care Gap Closure,0,2026-09-27,1,P2,0
2026-10-01,PT-000201,CM-004,Claims,Northeast,Medicare Advantage,55,Male,Spanish,Phone,0,1,0,0,0,0,0,0,0,1,1.05,Low,0,0,0,0,,,116,0,0,0,0,0,0,0,0,0,0,3,0.97,0,0,No,No,No,No,No,0,2026-09-19,12,0,1,0,0,0,0,0,0,1,Current,84,0,0,Low,Medication,0,Patient Outreach,3,2026-09-28,1,P4,0
2026-10-01,PT-000202,CM-009,Pharmacy,Mid-Atlantic,Medicare Advantage,77,Male,Spanish,Phone,0,0,0,0,0,0,0,0,0,0,1.25,Low,0,0,0,0,,,116,0,0,0,0,0,0,0,0,0,1,5,0.87,0,0,No,No,No,Yes,No,1,2026-09-21,10,0,1,0,0,0,0,0,0,2,Current,60,0,0,Limited,Diet/Lifestyle,1,Social Resource Referral,0,2026-09-30,1,P4,0
2026-10-01,PT-000203,CM-008,CareMgmt,Northeast,Medicare Advantage,70,Female,English,Caregiver,0,1,0,0,0,0,0,0,0,1,1.09,Low,0,0,0,0,,,159,0,0,0,1,0,0,0,0,0,0,5,1.0,0,0,Yes,No,No,No,Yes,2,2026-08-24,38,1,0,0,0,0,0,0,0,1,Not Started,,0,1,Low,Diet/Lifestyle,1,Care Plan Update,3,2026-10-01,0,P2,0
2026-10-01,PT-000204,CM-015,Pharmacy,Southeast,Medicare Advantage,58,Female,English,Caregiver,0,1,0,0,0,0,1,0,0,2,0.8,Low,0,0,0,0,,,138,0,0,0,0,0,0,0,0,1,0,7,0.74,1,0,No,No,No,No,No,0,2026-09-09,22,0,0,1,0,0,0,1,0,0,Current,45,0,0,Limited,Diet/Lifestyle,2,Patient Outreach,0,2026-09-29,1,P3,0
2026-10-01,PT-000205,CM-018,Pharmacy,Mid-Atlantic,Medicaid Managed Care,43,Female,Bengali,Phone,0,0,0,0,0,1,0,0,0,1,0.97,Low,0,0,0,0,,,149,0,0,0,0,1,0,0,0,0,0,1,0.62,0,0,Yes,No,No,No,No,1,2026-09-28,3,1,0,0,0,0,0,0,0,1,Current,55,1,0,Adequate,None,1,Provider Follow-up,2,2026-10-03,0,P2,0
2026-10-01,PT-000206,CM-018,Pharmacy,Northeast,Commercial Complex Care,54,Female,Russian,SMS,0,0,0,0,0,0,0,0,0,0,0.77,Low,0,0,0,0,,,145,0,0,0,0,0,0,0,0,0,0,3,0.92,0,0,No,No,No,No,Yes,1,2026-09-07,24,0,0,0,0,0,0,0,0,0,Current,11,0,0,Adequate,Diet/Lifestyle,0,Patient Outreach,2,2026-09-30,1,P2,0
2026-10-01,PT-000207,CM-004,EHR,Northeast,Medicaid Managed Care,47,Male,English,Phone,0,0,0,0,0,0,0,0,0,0,0.75,Low,0,0,0,0,,,145,0,0,0,0,0,0,1,0,0,0,3,0.67,1,0,Yes,No,No,No,No,1,2026-08-20,42,5,0,0,1,0,0,0,0,2,Current,86,0,1,Low,Appointment Preparation,2,Patient Education,8,2026-10-05,0,P3,0
2026-10-01,PT-000208,CM-017,EHR,Southeast,Commercial Complex Care,27,Female,Other,Phone,0,1,0,0,0,0,0,0,0,1,0.9,Low,0,0,0,0,,,109,0,0,0,0,0,0,0,0,0,0,5,0.71,1,0,No,No,No,No,No,0,2026-09-30,1,1,1,0,0,0,0,0,0,0,Needs Review,147,2,0,Adequate,CHF,1,Patient Outreach,0,2026-10-04,0,P3,0
2026-10-01,PT-000209,CM-001,CareMgmt,Mid-Atlantic,Commercial Complex Care,18,Male,Chinese,Phone,0,1,0,0,0,0,0,0,0,1,1.22,Low,0,0,0,0,,,142,0,0,0,1,0,0,0,1,0,0,8,0.9,0,0,No,No,No,No,No,0,2026-08-30,32,0,1,0,0,0,0,0,0,3,Needs Review,123,0,0,Low,None,2,Care Gap Closure,2,2026-10-04,0,P3,0
2026-10-01,PT-000210,CM-015,Claims,Mid-Atlantic,Medicare Advantage,73,Male,Spanish,Phone,0,0,0,1,0,0,0,0,0,1,0.89,Low,0,0,0,0,,,142,0,0,0,0,0,0,0,0,0,0,2,0.85,0,0,No,No,No,Yes,No,1,2026-09-03,28,1,1,0,0,0,0,0,0,1,Current,45,0,0,Limited,Diet/Lifestyle,0,Patient Outreach,1,2026-10-06,0,P3,0
2026-10-01,PT-000211,CM-016,EHR,Midwest,Commercial Complex Care,73,Female,English,Phone,0,0,0,0,0,0,0,0,0,0,0.2,Low,0,0,0,0,,,147,0,0,0,0,0,0,0,0,0,0,3,0.88,0,0,Yes,Yes,No,No,No,2,2026-09-11,20,0,0,0,0,0,0,0,1,0,Needs Review,120,0,0,Limited,Medication,0,Provider Follow-up,14,2026-10-05,0,P1,0
2026-10-01,PT-000212,CM-009,EHR,Southwest,Medicaid Managed Care,79,Female,English,Caregiver,1,0,0,0,0,0,0,0,0,1,1.38,Low,0,0,0,0,,6.6,110,0,0,0,0,0,0,0,1,0,0,4,0.93,0,0,No,No,Unknown,No,No,0,2026-08-26,36,2,1,0,0,0,0,0,0,2,Needs Review,95,0,0,Adequate,Diabetes,1,Care Plan Update,0,2026-09-30,1,P2,0
2026-10-01,PT-000213,CM-018,CareMgmt,Midwest,Medicaid Managed Care,52,Female,Bengali,Phone,0,0,0,0,0,0,0,0,0,0,1.11,Low,1,0,0,0,,,105,0,0,0,0,0,0,0,0,0,0,1,0.67,0,0,Unknown,No,Yes,No,No,1,2026-09-02,29,0,1,0,0,0,0,0,0,3,Overdue,284,0,1,Adequate,Appointment Preparation,0,Patient Outreach,8,2026-09-28,1,P4,0
2026-10-01,PT-000214,CM-017,CareMgmt,Midwest,Commercial Complex Care,69,Female,English,Caregiver,0,0,0,0,0,1,0,0,0,1,0.69,Low,0,0,0,0,,,106,0,0,0,0,0,0,1,0,0,0,4,0.65,1,0,No,No,Unknown,No,No,0,2026-09-19,12,0,1,0,0,0,0,0,0,1,Current,52,0,0,Adequate,Diet/Lifestyle,2,Medication Review,8,2026-09-30,1,P1,0
2026-10-01,PT-000215,CM-007,Claims,Midwest,Medicare Advantage,58,Female,English,Phone,0,1,0,0,0,0,0,0,0,1,1.15,Low,0,0,0,0,,,140,0,0,0,1,0,0,0,0,0,0,2,0.87,0,1,No,No,No,No,Unknown,0,2026-08-12,50,0,1,0,0,0,0,0,1,0,Needs Review,108,0,0,Low,None,1,Provider Follow-up,1,2026-10-03,0,P3,0
2026-10-01,PT-000216,CM-013,EHR,Midwest,Medicaid Managed Care,35,Male,Bengali,Phone,0,0,0,0,0,1,0,0,0,1,0.77,Medium,0,0,0,0,,,146,0,0,0,0,0,0,0,0,1,0,3,0.79,1,0,No,No,Yes,Yes,Yes,3,2026-08-28,34,0,0,0,1,0,0,0,0,0,Needs Review,131,0,0,Limited,None,2,Care Plan Update,2,2026-10-02,0,P4,0
2026-10-01,PT-000217,CM-004,Pharmacy,Northeast,Commercial Complex Care,55,Male,English,Phone,0,0,0,0,0,0,0,0,0,0,0.72,Low,0,0,0,0,,,134,0,0,0,0,0,0,0,0,0,0,2,0.91,0,0,No,No,No,No,No,0,2026-09-16,15,1,0,0,0,0,0,0,0,2,Current,12,0,0,Low,None,0,Patient Outreach,0,2026-10-01,0,P3,0
2026-10-01,PT-000218,CM-003,Claims,Midwest,Medicaid Managed Care,50,Female,English,Phone,0,0,0,0,0,0,0,0,0,0,0.95,Low,0,0,0,0,,,128,0,0,0,0,0,0,1,1,0,0,0,0.63,0,0,Unknown,Yes,No,No,No,1,2026-09-05,26,0,0,0,0,0,1,0,0,2,Current,3,0,1,Adequate,None,2,Care Gap Closure,8,2026-10-02,0,P3,0
2026-10-01,PT-000219,CM-012,CareMgmt,Southeast,Medicare Advantage,55,Female,English,SMS,0,0,0,0,1,0,0,0,0,1,0.77,Low,0,0,0,0,,,120,0,0,0,0,0,0,0,0,0,0,6,1.0,0,0,No,No,No,No,No,0,2026-08-31,31,0,0,0,0,0,0,0,0,3,Current,89,0,0,Unknown,Diet/Lifestyle,0,Care Gap Closure,2,2026-09-28,1,P3,0
2026-10-01,PT-000220,CM-013,Pharmacy,Midwest,Medicaid Managed Care,39,Female,Chinese,Caregiver,1,0,0,0,0,1,0,0,0,2,0.95,Low,0,0,0,0,,7.1,134,1,0,0,0,0,0,0,0,1,0,10,0.72,1,0,No,No,No,No,No,0,2026-08-21,41,0,1,0,0,0,0,0,0,0,Not Started,,0,0,Limited,Diabetes,3,Medication Review,0,2026-10-05,0,P4,0
2026-10-01,PT-000221,CM-002,CareMgmt,Mid-Atlantic,Medicaid Managed Care,41,Female,Chinese,SMS,0,0,1,0,0,0,0,0,0,1,1.37,Low,0,0,0,0,,,137,0,0,0,0,0,0,0,0,0,0,2,0.74,1,0,No,Unknown,No,No,No,0,2026-08-27,35,0,1,0,1,0,0,0,0,0,Current,45,0,0,Adequate,None,1,Patient Outreach,0,2026-09-30,1,P2,0
2026-10-01,PT-000222,CM-018,HIE,Southeast,Medicaid Managed Care,68,Male,English,Phone,0,1,0,0,0,0,0,0,0,1,0.95,Low,0,0,1,0,,,117,0,0,0,0,0,0,1,0,0,0,4,0.75,1,0,No,No,Yes,No,No,1,2026-09-14,17,0,1,0,0,0,0,0,0,2,Needs Review,148,0,0,Adequate,Medication,2,Patient Outreach,10,2026-10-02,0,P2,0
2026-10-01,PT-000223,CM-011,CareMgmt,Southeast,Medicare Advantage,85,Female,English,Portal,0,0,0,1,0,0,0,1,0,2,0.8,Medium,0,0,1,0,,,149,0,0,0,0,1,0,1,0,0,0,6,0.72,1,0,No,Unknown,No,No,No,0,2026-08-26,36,0,1,0,0,0,0,0,0,1,Needs Review,109,0,0,Low,Medication,3,Medication Review,0,2026-10-02,0,P2,0
2026-10-01,PT-000224,CM-010,Claims,Mid-Atlantic,Medicare Advantage,87,Male,Other,Caregiver,1,0,0,1,0,0,1,0,0,3,1.15,Medium,0,0,1,0,,10.1,129,0,1,1,0,0,0,0,1,0,0,9,0.95,0,0,No,No,No,No,No,0,2026-09-27,4,0,0,0,0,0,0,0,0,4,Overdue,289,0,1,Adequate,None,3,Care Gap Closure,7,2026-10-01,0,P1,0
2026-10-01,PT-000225,CM-001,EHR,Northeast,Commercial Complex Care,40,Female,English,SMS,0,0,0,0,0,0,0,0,0,0,0.66,Low,0,0,0,0,,,142,0,0,0,0,1,0,1,0,0,0,5,0.73,1,0,Unknown,No,No,No,No,0,2026-08-29,33,1,1,0,1,0,0,0,0,1,Current,23,0,0,Unknown,Medication,3,Care Gap Closure,8,2026-10-02,0,P3,0
2026-10-01,PT-000226,CM-008,CareMgmt,Southwest,Medicaid Managed Care,77,Male,English,SMS,1,0,0,0,0,1,0,0,1,2,1.05,Medium,2,0,0,0,,10.1,153,0,0,0,0,1,0,0,1,0,0,3,0.65,1,0,No,No,Yes,No,Unknown,1,2026-08-23,39,0,0,0,1,1,0,1,0,2,Current,89,0,0,Adequate,None,3,Medication Review,0,2026-10-05,0,P2,0
2026-10-01,PT-000227,CM-018,CareMgmt,Northeast,Medicare Advantage,88,Male,Other,Phone,1,0,0,0,0,0,1,1,0,3,1.0,Medium,0,0,0,0,,,142,1,0,0,0,0,0,0,1,0,0,6,0.7,1,1,No,Yes,No,No,No,1,2026-09-01,30,1,0,0,0,0,1,0,0,3,Current,16,1,1,Unknown,None,3,Care Gap Closure,8,2026-10-04,0,P2,0
2026-10-01,PT-000228,CM-007,Pharmacy,Mid-Atlantic,Medicare Advantage,66,Female,English,Phone,0,0,1,0,0,1,0,0,0,2,1.16,Medium,0,0,0,0,,,125,0,0,0,0,0,0,1,0,0,0,3,1.0,0,0,No,No,No,No,Yes,1,2026-08-24,38,0,0,0,0,0,0,0,0,2,Current,5,0,0,Adequate,Appointment Preparation,1,Patient Outreach,4,2026-09-30,1,P2,0
2026-10-01,PT-000229,CM-006,CareMgmt,Northeast,Dual Eligible,85,Male,English,Portal,1,1,0,0,0,0,0,0,0,2,1.15,Low,0,0,0,0,,8.5,157,0,0,0,1,0,0,0,1,0,0,5,0.92,0,0,Yes,No,No,No,No,1,2026-09-07,24,0,0,0,0,0,0,0,0,2,Current,71,1,0,Adequate,Diet/Lifestyle,2,Patient Outreach,2,2026-09-28,1,P1,0
2026-10-01,PT-000230,CM-015,Pharmacy,Southwest,Medicare Advantage,76,Female,Spanish,Phone,1,0,0,0,1,0,1,0,1,3,1.33,High,0,0,0,0,,6.4,125,1,0,0,0,0,0,0,0,0,0,13,0.76,1,0,No,No,Yes,Yes,Unknown,2,2026-09-06,25,0,1,0,0,0,0,0,0,3,Current,85,1,0,Limited,Discharge Instructions,2,Care Gap Closure,0,2026-10-02,0,P4,0
2026-10-01,PT-000231,CM-003,EHR,Southeast,Medicare Advantage,76,Male,English,Phone,0,0,0,0,0,0,1,0,0,1,1.39,Low,0,1,0,0,,,142,0,0,0,0,0,0,0,0,0,0,5,1.0,0,0,No,No,No,No,No,0,2026-09-07,24,0,0,0,0,0,0,0,0,0,Overdue,255,0,0,Adequate,COPD,0,Patient Education,8,2026-09-28,1,P3,0
2026-10-01,PT-000232,CM-017,HIE,Southwest,Dual Eligible,84,Female,English,Phone,0,1,0,0,0,0,0,0,0,1,0.87,Low,0,0,0,0,,,121,0,0,0,0,0,0,0,0,0,0,2,0.85,0,0,Yes,No,Yes,No,No,2,2026-08-14,48,0,1,0,0,0,0,0,0,2,Current,66,0,0,Low,Diet/Lifestyle,0,Patient Outreach,1,2026-10-02,0,P2,0
2026-10-01,PT-000233,CM-003,CareMgmt,Northeast,Medicaid Managed Care,42,Female,Chinese,Portal,0,0,0,0,0,1,0,0,0,1,0.96,Low,0,0,0,0,,,138,0,0,0,0,0,0,0,0,0,0,5,0.85,0,0,Yes,Unknown,Yes,No,No,2,2026-08-17,45,0,0,0,1,0,0,0,0,0,Needs Review,98,0,0,Low,CHF,0,Care Plan Update,3,2026-09-28,1,P2,0
2026-10-01,PT-000234,CM-004,HIE,Midwest,Dual Eligible,74,Female,Spanish,Phone,0,0,1,0,0,0,0,0,1,1,1.02,Medium,1,0,0,0,,,107,0,0,0,0,0,0,0,1,0,0,4,0.83,0,0,Unknown,No,Yes,No,No,1,2026-09-08,23,0,0,0,0,0,0,0,0,3,Current,36,0,1,Adequate,None,1,Patient Outreach,5,2026-10-03,0,P3,0
2026-10-01,PT-000235,CM-008,EHR,Southeast,Medicaid Managed Care,35,Male,English,Phone,0,0,0,0,0,1,0,0,0,1,0.77,Low,1,1,0,0,,,120,0,0,0,0,0,0,1,0,0,0,5,0.92,0,0,No,No,No,No,No,0,2026-09-02,29,1,1,0,0,0,0,0,0,1,Needs Review,140,0,0,Adequate,Medication,1,Care Plan Update,3,2026-10-01,0,P4,0
2026-10-01,PT-000236,CM-016,CareMgmt,Mid-Atlantic,Medicaid Managed Care,38,Male,Spanish,Phone,0,0,1,0,0,0,0,0,0,1,1.56,Low,0,0,0,0,,,158,0,0,0,0,0,0,0,1,0,0,5,0.87,0,0,No,No,No,No,No,0,2026-09-05,26,0,0,0,0,0,0,0,0,2,Current,70,0,0,Adequate,Appointment Preparation,1,Patient Outreach,8,2026-10-06,0,P2,0
2026-10-01,PT-000237,CM-001,Claims,Southeast,Commercial Complex Care,52,Male,Spanish,Phone,1,1,0,0,0,0,0,0,0,2,0.92,Low,0,0,0,0,,8.4,175,0,0,1,1,0,0,0,0,0,0,6,0.86,0,0,Unknown,No,No,No,No,0,2026-08-17,45,3,0,0,0,0,0,0,0,3,Not Started,,0,0,Limited,COPD,2,Patient Outreach,7,2026-10-05,0,P3,0
2026-10-01,PT-000238,CM-003,CareMgmt,Midwest,Commercial Complex Care,61,Female,English,Phone,0,0,0,0,0,0,0,0,0,0,0.47,Low,0,0,0,0,,,126,0,0,0,0,0,0,0,0,0,0,4,1.0,0,0,No,Yes,No,No,No,1,2026-08-25,37,0,0,0,0,0,1,0,0,0,Overdue,211,0,0,Adequate,Medication,0,Patient Outreach,0,2026-10-06,0,P3,0
2026-10-01,PT-000239,CM-017,HIE,Northeast,Dual Eligible,72,Female,Chinese,Phone,1,0,1,0,0,0,1,0,1,3,1.09,High,2,0,0,0,,7.7,164,0,0,0,0,0,0,0,1,0,0,7,0.68,1,0,No,No,No,Yes,No,1,2026-09-05,26,0,1,0,0,0,0,1,0,2,Current,82,0,0,Limited,None,2,Patient Outreach,2,2026-10-03,0,P2,0
2026-10-01,PT-000240,CM-008,Pharmacy,Midwest,Commercial Complex Care,50,Female,Other,Phone,0,0,0,0,0,0,0,0,0,0,0.84,Low,0,0,0,0,,,144,0,0,0,0,0,0,0,1,0,0,1,1.0,0,0,No,Unknown,No,No,Yes,1,2026-09-27,4,0,0,0,0,1,0,0,0,2,Current,77,0,1,Limited,Diabetes,1,Patient Outreach,6,2026-10-05,0,P3,0
2026-10-01,PT-000241,CM-013,EHR,Southeast,Medicare Advantage,63,Female,English,Phone,1,0,0,0,0,1,1,0,0,3,0.96,Medium,2,0,0,0,,6.6,133,0,1,0,0,0,0,0,0,1,1,6,0.97,0,1,No,No,Yes,No,No,1,2026-09-02,29,0,1,0,0,0,0,1,0,3,Current,79,0,0,Adequate,Diabetes,3,Care Gap Closure,1,2026-09-27,1,P4,0
2026-10-01,PT-000242,CM-009,EHR,Southeast,Medicaid Managed Care,53,Female,Russian,Phone,0,0,1,0,0,1,0,0,0,2,1.37,Medium,0,0,0,0,,,136,0,0,0,0,0,0,1,0,0,0,10,1.0,0,0,No,No,Unknown,No,No,0,2026-10-01,0,0,0,1,0,0,0,0,0,2,Overdue,328,0,1,Adequate,None,1,Patient Outreach,0,2026-09-28,1,P3,0
2026-10-01,PT-000243,CM-002,EHR,Northeast,Medicaid Managed Care,59,Female,Spanish,SMS,1,1,1,0,0,1,0,0,0,4,1.44,High,0,0,1,0,,7.1,165,1,0,0,1,0,0,0,0,1,0,13,0.7,1,0,No,No,Yes,No,Yes,2,2026-08-14,48,0,0,0,1,0,0,1,0,3,Overdue,215,0,0,Adequate,None,4,Post-Discharge Follow-up,4,2026-10-05,0,P3,0
2026-10-01,PT-000244,CM-015,Claims,Mid-Atlantic,Medicare Advantage,55,Male,Chinese,Phone,0,1,0,0,0,0,0,0,0,1,0.84,Low,0,0,0,0,,,125,0,0,0,0,0,0,0,0,0,0,6,0.72,1,0,No,No,No,No,No,0,2026-08-22,40,5,1,0,0,0,0,0,1,2,Needs Review,130,0,0,Low,Appointment Preparation,1,Provider Follow-up,15,2026-09-27,1,P3,0
2026-10-01,PT-000245,CM-006,Claims,Northeast,Medicare Advantage,68,Male,Chinese,Phone,0,0,1,0,0,0,0,0,0,1,1.13,Low,0,0,0,0,,,156,0,0,0,0,0,0,0,0,0,0,3,0.64,1,0,No,No,Unknown,No,Unknown,0,2026-08-23,39,0,1,0,0,1,0,0,0,1,Overdue,279,0,0,Unknown,Medication,1,Patient Outreach,1,2026-10-02,0,P3,0
2026-10-01,PT-000246,CM-006,Claims,Northeast,Commercial Complex Care,39,Female,English,Portal,1,1,0,0,0,0,0,0,0,2,0.74,Low,0,0,0,0,,,158,0,1,0,1,0,0,0,0,0,0,6,1.0,0,0,No,Yes,No,No,No,1,2026-08-28,34,2,1,0,0,0,1,1,0,2,Needs Review,104,0,1,Adequate,Diabetes,2,Care Plan Update,0,2026-09-27,1,P1,0
2026-10-01,PT-000247,CM-018,Claims,Mid-Atlantic,Dual Eligible,68,Female,Chinese,Caregiver,0,0,1,0,0,0,0,0,0,1,0.97,Medium,1,0,0,0,,,137,0,0,0,0,0,0,0,0,0,0,1,0.91,0,0,Yes,No,Yes,No,No,2,2026-08-11,51,1,1,0,0,0,0,0,0,3,Needs Review,112,0,0,Low,Discharge Instructions,0,Provider Follow-up,1,2026-10-05,0,P3,0
2026-10-01,PT-000248,CM-011,EHR,Mid-Atlantic,Dual Eligible,83,Female,Spanish,Phone,1,1,1,1,0,0,1,0,0,5,1.88,High,0,0,0,0,,8.5,151,0,0,0,1,1,0,0,1,0,1,11,0.94,0,0,No,No,No,No,No,0,2026-09-06,25,0,0,1,0,0,0,0,0,4,Current,82,0,0,Adequate,None,4,Care Plan Update,7,2026-10-02,0,P1,0
2026-10-01,PT-000249,CM-004,CareMgmt,Northeast,Medicare Advantage,80,Male,English,Portal,0,1,0,0,0,0,0,0,0,1,1.15,Low,0,0,0,0,,,142,0,0,0,1,1,0,0,0,0,0,5,0.85,0,0,No,No,No,No,No,0,2026-09-29,2,0,0,0,0,0,0,0,0,0,Current,55,0,0,Low,Diet/Lifestyle,2,Patient Education,7,2026-10-03,0,P1,0
2026-10-01,PT-000250,CM-010,Claims,Southwest,Medicaid Managed Care,62,Male,English,SMS,1,1,0,0,0,0,0,0,0,2,1.14,Low,1,1,0,0,,8.1,117,0,0,0,0,0,0,0,1,0,0,7,0.78,1,0,No,No,No,No,No,0,2026-09-26,5,1,0,0,0,0,0,0,0,1,Overdue,243,0,0,Adequate,Diet/Lifestyle,2,Patient Outreach,0,2026-10-02,0,P3,0
2026-10-01,PT-000251,CM-013,EHR,Southeast,Medicare Advantage,80,Male,Spanish,Phone,0,0,0,0,0,0,0,0,0,0,0.94,Low,0,0,0,0,,,130,0,0,0,0,0,0,0,0,0,0,4,0.74,1,0,Yes,Unknown,Unknown,No,No,1,2026-09-03,28,1,0,0,0,0,0,0,0,0,Current,37,0,0,Low,Medication,1,Patient Education,1,2026-10-01,0,P3,0
2026-10-01,PT-000252,CM-008,Pharmacy,Northeast,Medicaid Managed Care,61,Female,Spanish,Phone,0,0,0,0,0,0,0,1,0,1,1.22,Low,0,1,0,0,,,144,0,0,0,0,1,0,0,0,0,0,6,1.0,0,0,No,No,No,No,No,0,2026-08-14,48,0,0,0,0,0,0,1,0,1,Current,18,0,0,Adequate,None,1,Patient Outreach,0,2026-10-02,0,P4,0
2026-10-01,PT-000253,CM-018,CareMgmt,Northeast,Medicare Advantage,80,Male,English,Phone,0,1,1,0,0,0,0,0,1,2,1.41,High,5,0,0,1,30,,132,0,0,0,0,0,0,0,1,0,0,6,0.94,0,0,No,Unknown,No,No,No,0,2026-10-01,0,0,0,0,0,0,0,0,0,0,Needs Review,128,0,0,Limited,Diet/Lifestyle,1,Patient Outreach,8,2026-10-03,0,P3,0
2026-10-01,PT-000254,CM-002,Pharmacy,Southeast,Medicare Advantage,76,Male,English,Phone,1,1,1,0,0,1,0,0,1,4,2.26,High,6,0,0,1,18,8.3,124,1,1,0,0,1,0,0,0,0,0,7,0.73,1,1,No,No,No,No,No,0,2026-08-14,48,5,0,0,0,0,0,0,0,4,Current,50,0,0,Adequate,None,4,Post-Discharge Follow-up,10,2026-10-04,0,P2,0
2026-10-01,PT-000255,CM-004,CareMgmt,Northeast,Dual Eligible,64,Female,English,Phone,0,1,0,0,0,0,0,1,0,2,1.07,Low,0,0,0,0,,,142,0,0,0,1,0,0,1,0,0,0,10,0.74,1,0,No,No,Unknown,No,No,0,2026-08-26,36,1,0,0,0,0,0,0,0,2,Current,34,0,0,Adequate,Medication,3,Patient Outreach,1,2026-09-28,1,P3,0
2026-10-01,PT-000256,CM-014,CareMgmt,Mid-Atlantic,Commercial Complex Care,47,Male,English,Phone,0,0,0,0,0,0,0,0,0,0,1.1,Low,0,0,0,0,,,115,0,0,0,0,0,0,0,0,0,0,2,0.75,1,0,No,No,No,Yes,No,1,2026-09-21,10,0,0,0,1,0,0,0,0,0,Overdue,151,0,1,Adequate,Medication,1,Post-Discharge Follow-up,0,2026-10-03,0,P3,0
2026-10-01,PT-000257,CM-015,Claims,Mid-Atlantic,Commercial Complex Care,41,Male,English,SMS,0,1,0,1,0,0,0,0,0,2,1.28,Medium,0,0,0,0,,,154,0,0,0,1,0,0,0,1,0,0,6,0.91,0,0,No,No,No,No,No,0,2026-08-21,41,0,0,0,0,0,0,0,0,2,Current,39,0,1,Low,Medication,2,Patient Education,0,2026-09-30,1,P4,0
2026-10-01,PT-000258,CM-009,CareMgmt,Midwest,Medicare Advantage,66,Female,English,Phone,0,0,0,0,0,1,0,0,0,1,1.19,Medium,2,0,0,0,,,134,0,0,0,0,0,0,0,1,1,0,2,0.76,1,0,Yes,Yes,No,No,No,2,2026-08-28,34,0,1,0,1,0,1,0,0,2,Needs Review,99,0,1,Limited,Diet/Lifestyle,3,Medication Review,0,2026-10-06,0,P2,0
2026-10-01,PT-000259,CM-011,Pharmacy,Mid-Atlantic,Dual Eligible,78,Male,Other,Portal,0,0,0,0,0,0,0,0,0,0,1.12,Low,0,0,0,0,,,136,0,0,0,0,0,0,0,0,0,0,2,0.65,1,1,Yes,No,No,No,Unknown,1,2026-08-25,37,0,0,0,0,0,0,0,0,2,Current,86,0,1,Adequate,Medication,1,Care Plan Update,5,2026-10-02,0,P2,0
2026-10-01,PT-000260,CM-018,EHR,Midwest,Dual Eligible,76,Female,English,Phone,0,0,0,0,0,0,0,0,0,0,0.84,Low,2,0,0,0,,,126,0,0,0,0,0,0,0,0,0,1,3,0.84,0,0,No,No,Yes,Unknown,No,1,2026-09-13,18,0,0,0,1,0,0,0,0,2,Current,76,0,0,Adequate,None,1,Patient Outreach,3,2026-10-02,0,P4,0
2026-10-01,PT-000261,CM-014,CareMgmt,Midwest,Commercial Complex Care,42,Female,Chinese,Phone,0,0,0,0,0,1,0,0,0,1,0.24,Low,0,0,0,0,,,139,0,0,0,0,0,0,0,0,1,0,4,0.64,1,0,No,No,No,No,No,0,2026-09-21,10,0,1,0,1,0,0,0,1,0,Needs Review,93,0,0,Adequate,Diet/Lifestyle,2,Care Gap Closure,0,2026-09-30,1,P2,0
2026-10-01,PT-000262,CM-009,Claims,Midwest,Medicaid Managed Care,30,Female,English,SMS,1,1,0,0,0,0,0,0,0,2,1.33,Medium,0,0,0,0,,6.2,115,1,1,0,0,0,0,0,0,0,0,7,0.71,1,0,No,Unknown,No,Yes,No,1,2026-08-14,48,0,0,0,0,0,0,0,0,3,Current,78,0,0,Adequate,Medication,3,Care Gap Closure,10,2026-09-27,1,P4,0
2026-10-01,PT-000263,CM-012,EHR,Northeast,Dual Eligible,80,Female,English,Phone,1,1,0,0,0,1,0,0,0,3,1.38,Medium,0,0,0,0,,9.1,145,0,1,0,1,1,0,0,1,0,0,10,0.83,0,0,No,Yes,No,Unknown,No,1,2026-08-08,54,0,0,0,0,0,1,1,0,1,Current,3,0,0,Adequate,Medication,4,Patient Education,3,2026-09-27,1,P3,1
2026-10-01,PT-000264,CM-017,Claims,Midwest,Commercial Complex Care,27,Female,English,SMS,0,0,0,0,0,0,0,0,0,0,0.57,Low,0,0,0,0,,,135,0,0,0,0,0,0,1,0,0,0,4,0.88,0,0,No,No,No,No,No,0,2026-09-20,11,1,1,0,0,0,0,0,1,2,Current,23,0,0,Adequate,Medication,1,Patient Outreach,5,2026-09-27,1,P2,0
2026-10-01,PT-000265,CM-008,EHR,Mid-Atlantic,Commercial Complex Care,61,Male,Unknown,Phone,0,0,0,0,0,0,1,0,0,1,0.48,Low,0,0,0,0,,,142,0,0,0,0,0,0,0,0,0,1,5,0.6,1,1,No,No,No,No,Yes,1,2026-09-03,28,0,1,0,1,0,0,0,0,0,Needs Review,112,0,0,Limited,Medication,2,Patient Education,2,2026-10-03,0,P3,0
2026-10-01,PT-000266,CM-013,CareMgmt,Midwest,Medicare Advantage,61,Female,Spanish,Phone,0,0,0,0,0,0,1,0,0,1,0.5,Low,0,0,1,0,,,115,0,0,0,0,0,0,0,0,0,0,3,1.0,0,0,No,No,No,No,No,0,2026-09-10,21,1,0,0,0,0,0,0,0,1,Overdue,305,0,0,Limited,CHF,0,Patient Education,6,2026-10-06,0,P1,0
2026-10-01,PT-000267,CM-001,Claims,Northeast,Dual Eligible,77,Male,English,Phone,0,0,0,1,0,0,0,0,1,1,0.68,Low,0,0,1,0,,,108,0,0,0,0,0,0,0,0,0,0,3,0.82,0,0,No,No,No,Yes,No,1,2026-09-15,16,2,1,0,0,0,0,0,1,2,Current,87,0,0,Adequate,Diet/Lifestyle,0,Patient Outreach,10,2026-10-05,0,P4,0
2026-10-01,PT-000268,CM-008,CareMgmt,Northeast,Medicare Advantage,55,Male,English,Phone,1,0,0,0,1,0,0,0,0,2,1.13,Low,0,0,0,0,,9.3,97,0,0,0,0,0,0,0,0,0,0,5,0.85,0,0,Unknown,No,No,Yes,No,1,2026-10-01,0,0,0,0,0,0,0,1,0,0,Current,18,0,0,Adequate,Medication,0,Patient Education,4,2026-09-29,1,P1,0
2026-10-01,PT-000269,CM-008,Claims,Mid-Atlantic,Medicare Advantage,66,Female,English,Phone,0,0,0,0,0,0,1,0,0,1,1.18,Low,0,0,0,0,,,115,0,0,0,0,0,0,0,0,0,0,2,0.97,0,0,No,No,No,No,No,0,2026-09-23,8,1,0,0,0,0,0,0,0,1,Needs Review,96,0,0,Limited,None,0,Social Resource Referral,0,2026-10-02,0,P1,0
2026-10-01,PT-000270,CM-015,Pharmacy,Northeast,Medicare Advantage,73,Female,English,Phone,0,0,0,0,0,1,0,0,0,1,1.12,Low,0,0,0,0,,,142,0,0,0,0,0,0,1,0,0,0,6,0.85,0,0,No,No,No,No,No,0,2026-09-15,16,0,0,0,0,0,0,0,0,1,Current,43,0,0,Adequate,Diabetes,1,Medication Review,5,2026-10-01,0,P3,0
2026-10-01,PT-000271,CM-003,CareMgmt,Northeast,Medicaid Managed Care,41,Female,Spanish,Portal,0,0,0,0,0,0,0,0,0,0,0.4,Low,0,0,0,0,,,137,0,0,0,0,0,0,0,0,0,0,3,0.73,1,0,No,No,Yes,No,No,1,2026-08-19,43,0,0,0,0,0,0,0,0,0,Current,68,0,0,Adequate,Medication,1,Social Resource Referral,0,2026-09-28,1,P2,0
2026-10-01,PT-000272,CM-018,Claims,Midwest,Medicare Advantage,61,Male,English,SMS,0,1,0,0,0,0,0,0,0,1,0.95,Low,0,0,0,0,,,120,0,0,0,0,1,0,0,0,0,0,2,0.78,1,0,No,No,Yes,No,No,1,2026-09-13,18,0,0,0,0,0,0,0,0,1,Current,82,0,0,Limited,Diet/Lifestyle,2,Patient Outreach,0,2026-10-03,0,P3,1
2026-10-01,PT-000273,CM-004,Claims,Southeast,Dual Eligible,74,Female,Bengali,SMS,1,0,0,0,0,0,0,0,0,1,1.26,Low,0,0,0,0,,7.2,137,0,0,0,0,0,0,1,0,0,0,2,0.78,1,0,No,Unknown,No,No,No,0,2026-09-27,4,0,1,0,0,0,0,0,0,0,Current,50,0,0,Adequate,Diabetes,2,Patient Outreach,0,2026-09-29,1,P3,0
2026-10-01,PT-000274,CM-013,Pharmacy,Northeast,Medicare Advantage,74,Female,English,Phone,1,0,0,1,0,0,0,0,0,2,1.34,Medium,0,0,1,0,,,131,0,1,1,0,0,0,0,0,0,1,6,1.0,0,0,No,No,No,Unknown,No,0,2026-10-01,0,0,0,0,0,0,0,0,0,2,Overdue,266,0,0,Limited,Diet/Lifestyle,3,Patient Outreach,4,2026-10-04,0,P3,0
2026-10-01,PT-000275,CM-015,EHR,Southeast,Medicare Advantage,67,Female,English,Phone,1,1,0,0,0,0,0,0,0,2,1.16,Medium,1,0,0,0,,6.7,152,0,1,0,1,0,1,0,0,1,1,11,0.71,1,0,No,Unknown,No,No,No,0,2026-08-26,36,0,0,0,0,0,0,0,1,0,Needs Review,134,0,0,Adequate,Medication,6,Social Resource Referral,0,2026-09-27,1,P3,0
2026-10-01,PT-000276,CM-010,EHR,Southeast,Medicare Advantage,71,Male,English,Portal,0,0,0,0,0,0,0,0,0,0,0.59,Low,0,0,0,0,,,125,0,0,0,0,0,0,1,0,0,0,1,0.95,0,0,No,No,No,No,Yes,1,2026-09-04,27,1,1,0,0,1,0,0,0,3,Current,14,2,0,Adequate,None,1,Provider Follow-up,3,2026-10-04,0,P1,0
2026-10-01,PT-000277,CM-007,CareMgmt,Mid-Atlantic,Dual Eligible,72,Female,Chinese,Phone,1,0,0,0,0,0,0,0,0,1,1.01,Low,1,0,0,0,,8.0,132,1,0,0,0,0,0,1,1,0,1,3,0.75,1,0,No,No,No,No,No,0,2026-09-04,27,0,0,0,0,0,0,0,1,0,Needs Review,133,0,0,Adequate,Medication,5,Patient Outreach,7,2026-10-02,0,P3,0
2026-10-01,PT-000278,CM-003,EHR,Midwest,Medicare Advantage,81,Female,Chinese,Portal,0,0,0,0,0,0,0,0,0,0,0.97,Low,0,0,0,0,,,135,0,0,0,0,0,0,0,0,0,0,7,0.81,0,0,Yes,No,No,No,No,1,2026-09-09,22,0,1,0,0,0,0,0,0,2,Needs Review,107,1,1,Adequate,Diet/Lifestyle,0,Care Gap Closure,5,2026-09-27,1,P2,0
2026-10-01,PT-000279,CM-007,Pharmacy,Mid-Atlantic,Medicaid Managed Care,51,Female,English,Portal,0,0,0,0,0,1,0,0,0,1,1.08,Low,0,0,0,0,,,148,0,0,0,0,0,0,0,0,1,0,6,0.85,0,0,No,Unknown,Yes,No,No,1,2026-09-19,12,6,0,1,1,0,0,0,0,1,Current,14,0,1,Adequate,Medication,1,Social Resource Referral,2,2026-10-01,0,P2,0
2026-10-01,PT-000280,CM-010,CareMgmt,Southeast,Medicare Advantage,71,Female,English,Portal,1,0,0,0,0,0,0,0,0,1,1.09,Low,0,0,0,0,,,140,0,1,0,0,0,0,0,1,0,1,5,0.6,1,0,Yes,Unknown,No,No,No,1,2026-08-26,36,0,1,0,0,0,0,0,1,3,Not Started,,0,1,Adequate,None,4,Patient Outreach,0,2026-10-06,0,P3,1
2026-10-01,PT-000281,CM-013,Claims,Northeast,Medicare Advantage,68,Female,English,Phone,1,1,0,0,0,1,0,0,0,3,1.03,Medium,0,0,0,0,,9.0,154,1,0,0,1,0,0,0,0,0,0,11,0.72,1,0,No,No,No,No,No,0,,16,1,0,0,0,0,0,1,0,2,Needs Review,95,0,0,Adequate,None,3,Social Resource Referral,0,2026-09-29,1,P4,0
2026-10-01,PT-000282,CM-017,Pharmacy,Southwest,Medicare Advantage,61,Male,Russian,Phone,0,1,0,0,0,0,0,0,0,1,0.62,Low,0,0,0,0,,,152,0,0,0,1,0,1,0,0,0,0,0,0.71,0,0,Yes,No,Yes,No,No,2,2026-09-12,19,1,1,0,0,1,0,0,0,3,Overdue,172,0,1,Limited,None,2,Care Gap Closure,1,2026-09-27,1,P3,0
2026-10-01,PT-000283,CM-010,Claims,Midwest,Medicare Advantage,67,Female,Bengali,SMS,0,0,0,0,0,0,1,0,0,1,0.84,Low,0,0,0,0,,,108,0,0,0,0,0,0,1,0,0,0,3,1.0,0,0,Yes,No,No,No,Unknown,1,2026-08-25,37,2,1,0,0,0,0,0,0,2,Current,16,0,0,Adequate,Diet/Lifestyle,1,Provider Follow-up,2,2026-10-03,0,P2,0
2026-10-01,PT-000284,CM-012,Pharmacy,Southeast,Medicaid Managed Care,36,Female,English,SMS,0,0,0,0,1,1,0,0,0,2,1.23,Medium,1,0,2,0,,,118,0,0,0,0,0,0,1,0,0,0,6,0.63,1,0,Unknown,No,No,No,No,0,2026-08-25,37,0,1,0,0,0,0,0,0,2,Current,38,0,0,Adequate,Diet/Lifestyle,2,Care Gap Closure,2,2026-10-01,0,P4,0
2026-10-01,PT-000285,CM-007,EHR,Southwest,Medicaid Managed Care,62,Male,English,Portal,0,0,0,0,0,1,0,0,0,1,0.84,Low,1,0,0,0,,,129,0,0,0,0,0,0,1,0,0,0,8,0.62,1,0,Yes,No,No,No,No,1,2026-09-06,25,0,0,0,0,0,0,0,1,0,Overdue,357,0,0,Adequate,None,2,Care Gap Closure,4,2026-10-02,0,P3,0
2026-10-01,PT-000286,CM-013,CareMgmt,Mid-Atlantic,Medicaid Managed Care,33,Female,Bengali,Phone,1,1,1,0,0,0,0,0,0,3,1.7,High,2,0,0,0,,9.4,155,0,0,0,1,0,0,0,1,0,0,11,0.67,1,0,Yes,Unknown,No,No,Yes,2,2026-09-07,24,0,0,0,0,0,0,1,1,3,Current,66,0,0,Limited,Appointment Preparation,3,Provider Follow-up,0,2026-09-30,1,P2,1
2026-10-01,PT-000287,CM-008,CareMgmt,Northeast,Dual Eligible,75,Male,Chinese,Phone,0,0,0,0,0,1,0,0,0,1,1.0,Low,0,0,0,0,,,116,0,0,0,0,0,0,0,0,1,0,5,0.88,0,0,Yes,No,No,Yes,No,2,2026-09-12,19,0,0,0,0,0,0,0,0,1,Current,49,0,1,Adequate,Diet/Lifestyle,1,Care Gap Closure,0,2026-10-02,0,P3,0
2026-10-01,PT-000288,CM-009,CareMgmt,Mid-Atlantic,Medicaid Managed Care,43,Female,English,Phone,0,0,0,0,0,1,0,0,0,1,0.68,Low,1,0,0,0,,,131,0,0,0,0,0,0,0,0,0,0,4,0.8,0,0,No,No,No,Yes,No,1,2026-08-27,35,1,1,0,0,0,0,0,1,0,Current,25,0,0,Unknown,Appointment Preparation,0,Patient Education,4,2026-10-04,0,P1,0
2026-10-01,PT-000289,CM-018,CareMgmt,Northeast,Medicare Advantage,81,Female,English,SMS,0,1,0,0,1,0,1,1,0,4,1.95,High,0,0,0,0,,,160,0,0,0,1,0,0,0,0,0,0,6,0.57,1,1,No,No,No,No,Yes,1,2026-09-16,15,0,0,0,0,0,0,0,0,3,Current,74,1,0,Adequate,Diet/Lifestyle,2,Care Gap Closure,7,2026-10-02,0,P3,0
2026-10-01,PT-000290,CM-009,Pharmacy,Northeast,Dual Eligible,83,Male,English,Phone,0,0,0,0,0,0,0,0,0,0,0.39,Low,0,0,0,0,,,134,0,0,0,0,0,0,0,0,0,0,4,0.73,1,0,No,Yes,No,Yes,Unknown,2,2026-09-09,22,0,0,0,1,0,0,0,0,1,Current,53,0,0,Adequate,COPD,1,Social Resource Referral,3,2026-10-01,0,P3,0
2026-10-01,PT-000291,CM-006,EHR,Southeast,Dual Eligible,90,Female,Spanish,Phone,0,1,1,0,0,0,1,0,0,3,1.68,High,1,0,2,0,,,163,0,0,0,1,0,0,0,0,0,1,13,0.88,0,0,Yes,Yes,No,No,No,2,2026-08-31,31,0,1,0,0,0,1,0,0,1,Overdue,156,0,0,Adequate,None,2,Care Gap Closure,8,2026-10-05,0,P2,0
2026-10-01,PT-000292,CM-005,Pharmacy,Southeast,Medicare Advantage,85,Female,Spanish,Portal,0,1,0,0,1,0,1,0,0,3,1.51,Medium,0,0,0,0,,,156,0,0,0,1,0,0,1,1,0,0,8,0.85,0,0,No,No,No,No,No,0,2026-08-17,45,0,1,0,0,0,0,0,0,3,Needs Review,108,1,0,Adequate,Diet/Lifestyle,3,Care Gap Closure,5,2026-10-02,0,P3,0
2026-10-01,PT-000293,CM-016,CareMgmt,Mid-Atlantic,Medicare Advantage,65,Male,English,SMS,0,1,0,0,0,0,0,0,0,1,0.37,Low,0,0,0,0,,,122,0,0,0,0,0,0,0,0,0,0,8,0.94,0,0,No,No,No,No,No,0,2026-08-20,42,2,0,0,0,0,0,0,0,3,Current,26,0,0,Adequate,COPD,0,Patient Outreach,3,2026-09-30,1,P2,0
2026-10-01,PT-000294,CM-006,Claims,Southeast,Medicare Advantage,63,Female,English,Phone,1,1,0,0,1,0,1,0,0,4,1.78,High,0,2,0,0,,7.0,148,0,0,1,1,0,0,0,0,0,0,7,0.66,1,0,No,No,Yes,No,Yes,2,2026-08-29,33,0,1,0,1,0,0,0,0,3,Needs Review,116,1,0,Adequate,Diabetes,3,Care Gap Closure,5,2026-09-28,1,P4,0
2026-10-01,PT-000295,CM-004,CareMgmt,Northeast,Dual Eligible,55,Male,English,Caregiver,1,0,0,0,0,0,1,0,0,2,1.03,Medium,1,0,0,0,,9.4,150,0,0,1,0,0,0,0,0,0,1,4,0.77,1,0,No,No,Yes,No,No,1,2026-09-15,16,0,0,0,1,0,0,0,0,1,Current,41,0,0,Adequate,Appointment Preparation,3,Care Gap Closure,2,2026-10-03,0,P1,0
2026-10-01,PT-000296,CM-015,Pharmacy,Southwest,Medicaid Managed Care,69,Male,English,Phone,1,0,0,0,0,0,0,0,0,1,0.75,Low,0,0,0,0,,8.6,145,0,0,1,0,0,0,1,0,0,0,11,0.84,0,0,No,Unknown,No,No,Unknown,0,2026-09-22,9,1,0,0,0,0,0,0,0,2,Current,75,0,0,Limited,CHF,2,Provider Follow-up,4,2026-10-06,0,P1,0
2026-10-01,PT-000297,CM-016,Pharmacy,Southeast,Medicaid Managed Care,45,Male,English,Portal,0,0,1,0,0,0,0,0,0,1,1.19,Low,0,0,0,0,,,127,0,0,0,0,0,0,1,0,0,0,3,0.84,0,0,No,Yes,No,No,No,1,2026-09-03,28,0,0,0,0,0,1,0,0,1,Overdue,267,0,0,Adequate,Medication,1,Post-Discharge Follow-up,7,2026-09-27,1,P3,0
2026-10-01,PT-000298,CM-018,HIE,Mid-Atlantic,Medicaid Managed Care,34,Female,Spanish,Caregiver,0,1,0,0,0,0,1,0,0,2,1.47,Medium,1,0,0,0,,,104,0,0,0,0,0,0,0,0,0,0,7,0.59,1,0,No,No,No,No,Yes,1,2026-09-08,23,0,0,0,0,0,0,1,0,3,Current,76,0,0,Limited,None,1,Patient Outreach,0,2026-09-27,1,P4,0
2026-10-01,PT-000299,CM-014,Pharmacy,Mid-Atlantic,Dual Eligible,89,Female,English,Phone,0,1,1,1,1,0,0,0,0,4,1.43,High,0,0,0,0,,,150,0,0,0,1,0,1,1,0,0,0,7,0.73,1,0,Yes,No,No,No,No,1,2026-09-09,22,0,0,0,0,0,0,0,0,3,Needs Review,107,1,0,Limited,Medication,4,Care Gap Closure,3,2026-09-27,1,P1,1
2026-10-01,PT-000300,CM-010,EHR,Southeast,Medicaid Managed Care,61,Female,Chinese,Phone,0,1,0,0,1,0,0,0,0,2,0.99,Low,0,0,0,0,,,138,0,0,0,0,0,0,0,0,0,0,6,0.9,0,0,No,No,No,No,Yes,1,2026-09-15,16,0,0,0,0,0,0,0,0,0,Current,21,0,0,Adequate,Appointment Preparation,0,Patient Outreach,5,2026-10-06,0,P4,0
2026-10-01,PT-000301,CM-006,EHR,Mid-Atlantic,Medicare Advantage,79,Male,English,Phone,1,1,1,0,0,0,1,0,0,4,1.9,High,0,0,0,0,,8.0,129,0,0,0,0,0,0,0,0,0,0,9,0.79,1,0,No,No,Yes,No,No,1,2026-09-04,27,1,1,0,0,1,0,0,0,6,Needs Review,99,0,0,Low,CHF,1,Patient Outreach,8,2026-10-06,0,P2,0
2026-10-01,PT-000302,CM-001,Claims,Southeast,Medicare Advantage,75,Male,English,Caregiver,1,0,0,0,0,0,1,0,0,2,1.2,Low,2,0,1,0,,8.2,151,0,0,0,0,0,0,0,0,0,0,1,0.72,0,0,No,Yes,No,No,No,1,2026-09-21,10,1,0,0,0,0,0,0,0,2,Current,33,0,0,Adequate,None,0,Post-Discharge Follow-up,8,2026-10-03,0,P1,0
2026-10-01,PT-000303,CM-016,EHR,Northeast,Medicare Advantage,72,Male,English,Portal,0,0,0,0,0,0,0,0,0,0,0.57,Low,0,3,0,0,,,127,0,0,0,0,0,0,0,1,0,0,0,0.96,0,0,Yes,No,No,No,No,1,2026-10-01,0,0,0,0,0,0,0,0,0,0,Current,36,0,0,Adequate,Medication,1,Patient Outreach,7,2026-09-28,1,P4,0
2026-10-01,PT-000304,CM-009,EHR,Mid-Atlantic,Medicare Advantage,76,Female,English,Phone,0,1,0,0,0,0,0,0,0,1,0.61,Low,2,0,0,0,,,124,0,0,0,0,0,0,1,0,0,0,4,0.9,0,0,No,No,No,No,No,0,2026-08-29,33,0,1,0,0,0,0,0,0,1,Needs Review,136,0,0,Low,Diet/Lifestyle,1,Patient Outreach,2,2026-10-03,0,P3,0
2026-10-01,PT-000305,CM-018,CareMgmt,Southeast,Medicare Advantage,84,Female,English,Caregiver,0,0,0,0,0,1,1,0,1,2,1.18,Medium,0,0,0,0,,,128,0,0,0,0,0,0,1,0,0,0,3,0.87,0,0,Yes,No,Yes,No,No,2,2026-08-07,55,0,0,0,1,0,0,0,0,2,Overdue,336,0,0,Adequate,Medication,1,Post-Discharge Follow-up,1,2026-10-06,0,P1,0
2026-10-01,PT-000306,CM-008,EHR,Mid-Atlantic,Commercial Complex Care,62,Male,English,Phone,0,1,0,0,0,0,0,0,0,1,1.11,Low,0,0,0,0,,,150,0,0,0,1,0,1,0,1,0,0,0,0.66,0,1,No,No,No,No,No,0,2026-09-21,10,0,0,1,0,0,0,1,0,1,Current,65,0,0,Adequate,Appointment Preparation,3,Care Gap Closure,3,2026-10-06,0,P2,0
2026-10-01,PT-000307,CM-011,EHR,Mid-Atlantic,Medicare Advantage,82,Male,English,Phone,0,1,0,0,0,0,1,0,0,2,0.91,Low,0,0,0,0,,,149,0,0,0,1,0,0,0,1,0,1,6,0.85,0,1,No,No,No,No,No,0,2026-08-22,40,1,0,0,0,0,0,1,0,1,Needs Review,98,0,0,Adequate,None,3,Provider Follow-up,0,2026-10-02,0,P3,0
2026-10-01,PT-000308,CM-011,CareMgmt,Southwest,Medicaid Managed Care,69,Female,Spanish,Phone,0,0,0,0,0,0,0,0,0,0,0.96,Low,0,0,0,0,,,130,0,0,0,0,0,0,0,0,0,1,3,0.76,1,1,Yes,No,No,Unknown,No,1,2026-09-19,12,2,0,0,0,0,0,0,0,0,Overdue,160,0,0,Adequate,Medication,2,Medication Review,0,2026-10-06,0,P2,0
2026-10-01,PT-000309,CM-015,CareMgmt,Southeast,Medicare Advantage,75,Female,Spanish,Portal,1,1,0,0,0,1,0,0,0,3,0.85,Medium,0,0,0,0,,10.7,132,0,1,0,0,1,0,0,1,0,0,10,0.7,1,0,No,No,Yes,No,No,1,2026-08-25,37,1,0,0,0,0,0,0,0,2,Current,52,0,1,Unknown,Diabetes,4,Patient Outreach,2,2026-10-06,0,P3,0
2026-10-01,PT-000310,CM-010,EHR,Mid-Atlantic,Medicare Advantage,75,Female,Spanish,SMS,0,1,0,1,0,0,0,0,0,2,0.82,Medium,0,0,0,1,30,,154,0,0,0,1,1,1,0,0,0,0,11,0.9,0,0,No,Yes,No,No,No,1,2026-09-21,10,0,0,0,0,0,0,1,0,1,Needs Review,146,0,1,Adequate,Discharge Instructions,3,Patient Outreach,0,2026-10-01,0,P2,0
2026-10-01,PT-000311,CM-008,Claims,Northeast,Commercial Complex Care,68,Female,English,Phone,0,0,0,1,0,1,0,0,0,2,0.69,Medium,0,0,0,0,,,139,0,0,0,0,0,0,0,0,1,0,6,0.94,0,0,No,No,Yes,No,No,1,2026-08-03,59,0,0,0,1,0,0,0,1,2,Current,84,1,0,Adequate,None,1,Patient Outreach,0,2026-10-04,0,P3,0
2026-10-01,PT-000312,CM-013,HIE,Southeast,Medicare Advantage,65,Male,Unknown,Phone,1,1,1,0,1,0,0,0,0,4,1.94,High,0,0,0,0,,7.4,159,0,0,0,1,0,0,0,1,0,0,10,0.87,0,1,No,No,No,No,No,0,2026-08-26,36,1,0,0,0,0,0,0,0,5,Needs Review,117,0,0,Adequate,None,2,Patient Outreach,5,2026-09-30,1,P3,1
2026-10-01,PT-000313,CM-009,Claims,Midwest,Medicare Advantage,76,Female,English,Caregiver,0,1,0,0,0,1,0,0,0,2,1.28,Low,0,0,0,0,,,159,0,0,0,1,0,0,0,1,1,0,5,0.8,0,0,No,No,No,No,No,0,2026-08-23,39,0,0,0,0,0,0,0,0,2,Current,57,0,0,Adequate,Diet/Lifestyle,3,Post-Discharge Follow-up,0,2026-10-05,0,P4,0
2026-10-01,PT-000314,CM-011,EHR,Northeast,Dual Eligible,61,Female,Bengali,SMS,0,0,0,0,0,0,0,0,0,0,0.78,Low,0,0,0,0,,,112,0,0,0,0,0,0,0,0,0,0,4,0.66,1,0,No,Yes,No,No,Yes,2,2026-09-15,16,2,1,0,1,0,1,1,0,2,Overdue,314,0,1,Adequate,Appointment Preparation,1,Care Gap Closure,1,2026-09-29,1,P2,0
2026-10-01,PT-000315,CM-013,HIE,Southwest,Medicaid Managed Care,61,Female,English,Phone,0,0,0,0,0,0,0,1,0,1,0.99,Low,0,0,0,0,,,114,0,0,0,0,0,0,0,0,0,0,4,0.77,1,0,No,No,No,No,No,0,2026-08-31,31,0,0,0,0,0,0,0,0,0,Needs Review,127,0,0,Limited,None,1,Patient Outreach,0,2026-10-05,0,P2,0
2026-10-01,PT-000316,CM-001,CareMgmt,Southeast,Medicaid Managed Care,74,Female,English,Phone,0,0,0,0,0,1,0,0,0,1,0.49,Low,1,0,0,0,,,126,0,0,0,0,0,0,0,0,0,0,2,0.89,0,0,Yes,No,No,No,No,1,2026-09-05,26,0,0,0,1,0,0,1,0,0,Current,80,0,0,Low,Medication,0,Medication Review,5,2026-09-28,1,P4,0
2026-10-01,PT-000317,CM-007,Claims,Southwest,Medicare Advantage,68,Male,Spanish,Phone,0,0,0,0,0,0,0,0,0,0,0.79,Low,0,0,0,0,,,150,0,0,0,0,1,0,1,1,0,0,3,0.89,0,0,No,No,No,Unknown,No,0,2026-09-17,14,4,0,0,0,0,0,0,0,1,Needs Review,91,0,0,Adequate,Appointment Preparation,3,Patient Outreach,4,2026-09-29,1,P3,0
2026-10-01,PT-000318,CM-016,EHR,Southwest,Dual Eligible,75,Male,English,SMS,0,1,0,1,0,0,0,0,1,2,1.16,Medium,0,0,0,0,,,146,0,0,0,1,0,0,0,0,0,0,3,0.75,1,0,Yes,No,No,No,No,1,2026-09-18,13,0,0,0,0,0,0,1,1,3,Current,3,0,0,Adequate,Appointment Preparation,2,Provider Follow-up,1,2026-10-01,0,P3,0
2026-10-01,PT-000319,CM-013,CareMgmt,Mid-Atlantic,Medicaid Managed Care,71,Male,English,Portal,0,0,0,0,0,0,0,0,0,0,0.66,Low,0,0,0,0,,,139,0,0,0,0,0,0,0,0,0,0,5,0.72,1,0,Yes,No,Unknown,No,No,1,2026-08-30,32,1,0,0,0,0,0,0,0,0,Current,56,0,0,Unknown,Medication,1,Patient Outreach,3,2026-10-01,0,P3,0
2026-10-01,PT-000320,CM-009,HIE,Midwest,Medicare Advantage,69,Male,English,Phone,0,1,0,0,1,0,0,0,0,2,0.97,Medium,0,0,0,0,,,135,0,0,0,0,0,0,0,0,0,0,2,0.95,0,0,Yes,Yes,No,Unknown,No,2,2026-09-06,25,0,1,0,0,0,1,1,0,0,Needs Review,90,0,0,Adequate,Medication,0,Patient Outreach,7,2026-10-04,0,P4,0
2026-10-01,PT-000321,CM-005,CareMgmt,Midwest,Medicare Advantage,83,Male,English,Portal,1,0,0,0,0,0,0,0,0,1,1.15,Low,0,0,0,0,,9.0,116,1,0,0,0,0,0,0,1,0,0,9,0.71,1,0,Yes,No,No,No,No,1,2026-09-05,26,1,1,0,0,0,0,0,0,2,Current,26,0,0,Adequate,Appointment Preparation,3,Patient Education,6,2026-09-29,1,P3,0
2026-10-01,PT-000322,CM-004,CareMgmt,Northeast,Medicare Advantage,74,Female,English,Phone,0,0,0,1,0,0,0,0,0,1,0.7,Medium,2,0,0,0,,,123,0,0,0,0,0,0,1,1,0,0,4,0.87,0,1,No,No,No,No,No,0,2026-10-01,0,0,0,0,0,0,0,0,0,1,Current,2,0,0,Adequate,None,2,Provider Follow-up,5,2026-10-04,0,P3,0
2026-10-01,PT-000323,CM-008,Pharmacy,Southeast,Medicare Advantage,72,Male,English,SMS,0,0,1,0,0,0,0,0,0,1,1.71,Low,0,0,0,0,,,132,0,0,0,0,1,0,0,1,0,0,8,0.88,0,0,No,No,No,No,No,0,2026-08-29,33,0,1,0,0,0,0,0,0,1,Needs Review,121,0,0,Adequate,CHF,2,Patient Education,9,2026-10-05,0,P2,0
2026-10-01,PT-000324,CM-007,EHR,Mid-Atlantic,Commercial Complex Care,46,Female,English,SMS,1,0,0,0,0,0,0,0,0,1,0.68,Low,0,1,0,0,,7.1,131,0,0,1,0,0,1,1,0,0,0,3,0.87,0,0,Yes,No,No,No,Yes,2,2026-08-01,61,0,0,0,0,0,0,0,0,3,Needs Review,100,0,0,Limited,Diet/Lifestyle,3,Provider Follow-up,0,2026-10-06,0,P3,0
2026-10-01,PT-000325,CM-010,EHR,Northeast,Medicare Advantage,65,Female,English,Phone,0,1,0,0,0,0,0,0,0,1,1.39,Medium,0,0,0,1,13,,150,0,0,0,1,0,1,0,0,0,0,3,0.76,1,1,No,No,No,No,No,0,2026-08-25,37,1,0,0,0,0,0,1,0,2,Needs Review,115,0,0,Limited,None,3,Care Gap Closure,4,2026-09-29,1,P1,0
2026-10-01,PT-000326,CM-017,HIE,Northeast,Dual Eligible,85,Male,English,Portal,0,1,0,1,0,0,0,0,0,2,1.35,Medium,0,0,0,0,,,119,0,0,0,0,0,0,1,0,0,0,8,0.74,1,1,No,No,No,Yes,No,1,2026-08-29,33,0,1,0,0,0,0,1,0,2,Current,70,0,0,Limited,COPD,2,Care Gap Closure,2,2026-10-04,0,P4,0
2026-10-01,PT-000327,CM-007,CareMgmt,Southeast,Dual Eligible,74,Female,Russian,Phone,0,1,0,0,0,1,0,0,1,2,1.17,Medium,3,0,0,0,,,165,0,0,0,1,0,0,0,0,0,0,5,0.94,0,0,No,Yes,No,No,No,1,2026-10-01,0,0,0,0,0,1,1,0,0,1,Current,59,0,0,Adequate,Appointment Preparation,1,Social Resource Referral,0,2026-09-28,1,P3,0
2026-10-01,PT-000328,CM-005,CareMgmt,Southeast,Medicaid Managed Care,45,Female,Chinese,Phone,0,0,0,0,1,0,0,0,0,1,1.21,Medium,0,0,0,0,,,145,0,0,0,0,0,1,0,0,0,0,2,0.48,1,0,Yes,Yes,Yes,No,No,3,2026-09-03,28,0,0,0,0,0,0,0,1,1,Current,6,0,0,Limited,Appointment Preparation,2,Post-Discharge Follow-up,4,2026-09-27,1,P4,0
2026-10-01,PT-000329,CM-011,HIE,Southeast,Medicare Advantage,92,Male,English,Phone,1,0,0,0,0,0,0,0,0,1,1.27,Low,0,0,0,0,,7.1,125,0,0,0,0,0,0,0,0,0,0,8,0.82,0,0,No,Unknown,No,No,Yes,1,2026-08-19,43,1,1,0,0,0,0,1,0,2,Needs Review,106,0,0,Adequate,Medication,0,Post-Discharge Follow-up,0,2026-10-02,0,P2,0
2026-10-01,PT-000330,CM-001,EHR,Midwest,Dual Eligible,81,Female,English,Portal,0,0,0,0,1,0,0,1,1,2,1.18,Medium,0,0,0,0,,,139,0,0,0,0,0,0,1,0,0,0,6,0.67,1,1,Unknown,No,No,No,No,0,2026-09-22,9,0,0,0,1,0,0,1,0,2,Current,2,0,0,Adequate,None,2,Care Plan Update,0,2026-10-02,0,P2,0
2026-10-01,PT-000331,CM-001,CareMgmt,Northeast,Medicare Advantage,69,Male,English,Phone,0,1,0,0,1,0,0,0,0,2,1.74,Medium,0,0,0,0,,,144,0,0,0,1,0,0,0,0,0,0,7,0.81,0,0,Yes,No,No,No,No,1,2026-09-04,27,0,0,1,1,0,0,0,1,2,Needs Review,92,0,0,Adequate,None,1,Patient Outreach,1,2026-09-30,1,P2,0
2026-10-01,PT-000332,CM-008,CareMgmt,Southeast,Medicare Advantage,72,Female,Unknown,Portal,0,1,1,0,0,0,0,0,0,2,1.48,Medium,0,0,0,0,,,120,0,0,0,0,0,0,0,0,0,0,5,0.92,0,0,No,No,Yes,No,No,1,2026-08-29,33,1,1,0,0,0,0,0,0,1,Current,9,0,0,Unknown,None,0,Care Gap Closure,0,2026-10-02,0,P1,0
2026-10-01,PT-000333,CM-003,Claims,Southeast,Medicaid Managed Care,45,Male,English,SMS,0,0,0,0,0,0,0,0,0,0,0.44,Low,0,0,0,0,,,116,0,0,0,0,0,0,0,0,0,0,5,0.89,0,0,Yes,No,No,No,No,1,2026-09-23,8,0,0,0,0,0,0,0,0,1,Current,64,0,0,Adequate,Medication,0,Patient Outreach,1,2026-09-28,1,P3,0
2026-10-01,PT-000334,CM-001,Claims,Northeast,Medicaid Managed Care,53,Male,English,Phone,0,0,0,0,0,0,0,0,0,0,0.77,Low,0,0,0,0,,,125,0,0,0,0,0,0,0,0,0,0,1,0.74,0,0,No,Unknown,No,Yes,Yes,2,2026-08-27,35,0,0,0,0,0,0,0,0,0,Current,42,0,0,Adequate,None,0,Patient Outreach,4,2026-10-03,0,P3,0
2026-10-01,PT-000335,CM-001,Pharmacy,Southeast,Medicare Advantage,76,Male,English,SMS,0,0,0,1,0,0,0,0,0,1,0.77,Medium,2,0,0,0,,,125,0,0,0,0,0,0,0,0,0,0,5,0.68,1,1,Yes,No,No,No,Yes,2,2026-08-23,39,0,0,0,0,1,0,1,0,1,Overdue,334,0,0,Low,Diet/Lifestyle,1,Provider Follow-up,4,2026-09-30,1,P3,0
2026-10-01,PT-000336,CM-013,Claims,Southeast,Medicare Advantage,70,Male,English,SMS,0,0,0,0,0,0,0,0,0,0,0.83,Medium,0,0,0,1,12,,127,0,0,0,0,1,0,1,0,0,0,8,0.78,1,1,No,Yes,No,No,No,1,2026-09-11,20,0,1,0,0,0,0,1,0,2,Current,10,0,0,Adequate,Medication,3,Care Gap Closure,1,2026-09-30,1,P3,0
2026-10-01,PT-000337,CM-012,Claims,Southwest,Dual Eligible,68,Female,Unknown,Phone,1,1,1,0,0,0,1,0,1,4,1.87,High,0,0,0,0,,7.1,118,1,0,0,0,0,0,0,0,0,0,12,0.88,0,0,No,No,No,Yes,No,1,2026-08-27,35,0,0,0,0,1,0,0,0,3,Current,33,0,0,Adequate,Medication,1,Provider Follow-up,8,2026-10-04,0,P1,0
2026-10-01,PT-000338,CM-011,Pharmacy,Midwest,Dual Eligible,73,Male,English,Portal,1,0,0,0,0,1,0,0,0,2,1.11,Low,0,0,0,0,,9.1,133,0,1,1,0,0,0,0,0,0,0,10,0.93,0,0,No,No,No,No,No,0,2026-09-24,7,0,0,0,0,0,0,0,1,1,Current,20,0,0,Adequate,None,2,Provider Follow-up,0,2026-10-04,0,P1,0
2026-10-01,PT-000339,CM-014,EHR,Mid-Atlantic,Commercial Complex Care,56,Male,English,Phone,0,0,0,0,0,0,0,0,0,0,0.78,Low,0,0,0,0,,,130,0,0,0,0,0,0,0,0,0,0,4,0.95,0,0,No,Unknown,Yes,No,Yes,2,2026-08-05,57,2,1,0,1,0,0,0,0,0,Current,53,0,0,Adequate,Medication,0,Medication Review,0,2026-09-30,1,P3,0
2026-10-01,PT-000340,CM-007,Claims,Southeast,Medicare Advantage,68,Male,English,Phone,1,1,0,0,0,0,0,0,0,2,1.08,Medium,0,0,0,0,,8.9,155,0,1,0,1,0,0,0,0,0,0,5,0.86,0,1,No,No,Yes,Yes,No,2,2026-09-17,14,0,0,0,0,0,0,0,0,1,Current,32,0,0,Adequate,Diet/Lifestyle,2,Patient Education,3,2026-09-27,1,P3,0
2026-10-01,PT-000341,CM-017,Pharmacy,Southwest,Medicaid Managed Care,49,Female,Unknown,SMS,0,1,0,0,0,0,0,0,0,1,1.11,Low,0,1,0,0,,,136,0,0,0,0,0,0,0,1,0,0,2,0.76,1,0,No,Yes,No,No,No,1,,24,1,1,0,0,0,1,0,0,2,Overdue,306,0,0,Limited,None,2,Patient Education,6,2026-10-01,0,P3,0
2026-10-01,PT-000342,CM-008,Claims,Midwest,Medicare Advantage,60,Male,Spanish,Caregiver,0,1,0,0,0,0,0,0,0,1,0.32,Low,0,0,0,0,,,155,0,0,0,1,0,0,0,0,0,0,6,0.98,0,0,No,No,No,No,No,0,2026-10-01,0,0,0,0,0,0,0,1,0,0,Current,61,0,0,Adequate,None,1,Care Gap Closure,0,2026-10-02,0,P1,0
2026-10-01,PT-000343,CM-010,CareMgmt,Northeast,Medicare Advantage,58,Male,English,Phone,0,0,0,0,0,0,0,0,0,0,0.78,Low,0,0,0,0,,,143,0,0,0,0,0,1,0,0,0,0,1,0.84,0,0,No,No,No,Unknown,Yes,1,2026-08-16,46,0,1,0,1,0,0,0,0,1,Current,31,0,0,Adequate,Medication,1,Patient Education,2,2026-09-30,1,P2,1
2026-10-01,PT-000344,CM-009,CareMgmt,Mid-Atlantic,Medicaid Managed Care,70,Female,English,Phone,0,0,0,1,0,0,0,0,0,1,0.77,Low,0,0,0,0,,,119,0,0,0,0,0,0,0,0,0,0,6,0.97,0,0,No,No,No,No,No,0,2026-09-28,3,0,0,0,0,0,0,0,0,0,Needs Review,143,3,0,Adequate,None,0,Post-Discharge Follow-up,0,2026-10-04,0,P3,1
2026-10-01,PT-000345,CM-010,CareMgmt,Midwest,Medicare Advantage,75,Male,English,Phone,1,0,0,0,0,0,0,0,0,1,1.01,Medium,0,0,0,1,6,5.8,135,1,0,1,0,0,0,1,1,0,1,7,0.84,0,0,No,No,No,No,Yes,1,2026-10-01,0,1,0,0,0,0,0,0,0,2,Current,10,0,0,Limited,Diet/Lifestyle,5,Social Resource Referral,0,2026-10-02,0,P4,0
2026-10-01,PT-000346,CM-004,CareMgmt,Southwest,Medicare Advantage,63,Female,English,Phone,0,0,0,0,0,0,0,0,0,0,0.34,Low,0,0,0,0,,,125,0,0,0,0,0,0,0,0,0,0,1,0.9,0,0,Yes,No,No,No,No,1,2026-09-10,21,0,0,0,0,0,0,0,0,0,Current,56,0,0,Limited,None,0,Provider Follow-up,6,2026-09-28,1,P4,0
2026-10-01,PT-000347,CM-015,CareMgmt,Southeast,Medicare Advantage,75,Female,English,Phone,0,1,0,0,0,0,1,0,0,2,0.8,Low,0,0,0,0,,,159,0,0,0,1,0,0,0,0,0,1,5,0.9,0,0,No,No,No,Unknown,No,0,2026-10-01,0,0,1,0,0,0,0,0,0,2,Current,79,0,0,Limited,None,2,Patient Outreach,4,2026-10-01,0,P4,0
2026-10-01,PT-000348,CM-012,EHR,Midwest,Medicare Advantage,69,Male,Chinese,SMS,0,0,0,1,1,0,0,0,0,2,1.34,Medium,0,0,0,0,,,146,0,0,0,0,0,0,0,0,0,0,4,0.89,0,1,No,No,No,No,No,0,2026-09-20,11,0,1,0,0,0,0,1,0,3,Current,24,0,0,Limited,Medication,0,Care Gap Closure,8,2026-10-01,0,P4,0
2026-10-01,PT-000349,CM-006,Pharmacy,Northeast,Dual Eligible,65,Female,English,SMS,1,0,0,0,0,0,0,0,0,1,0.87,Low,0,0,0,0,,7.0,129,1,1,0,0,0,0,0,1,0,1,7,0.89,0,0,No,Yes,Yes,No,No,2,2026-08-27,35,1,1,0,0,0,1,1,0,3,Needs Review,131,0,0,Adequate,None,4,Patient Outreach,1,2026-10-04,0,P3,0
2026-10-01,PT-000350,CM-014,CareMgmt,Southeast,Medicare Advantage,58,Female,English,Phone,1,1,0,0,0,0,1,0,0,3,1.13,Medium,3,0,0,0,,7.1,153,1,1,0,1,0,0,0,0,0,0,9,0.91,0,0,Yes,No,No,No,No,1,2026-09-16,15,1,0,1,0,0,0,0,0,4,Not Started,,0,0,Adequate,None,3,Post-Discharge Follow-up,2,2026-10-04,0,P1,0
2026-10-01,PT-000351,CM-010,EHR,Northeast,Medicare Advantage,71,Male,English,Phone,0,0,0,0,0,1,0,0,0,1,1.02,Low,0,0,0,0,,,133,0,0,0,0,1,0,0,0,0,0,3,0.85,0,0,No,No,No,No,Unknown,0,2026-08-08,54,2,1,0,0,0,0,1,0,2,Current,68,0,0,Limited,Discharge Instructions,1,Care Plan Update,0,2026-10-05,0,P4,0
2026-10-01,PT-000352,CM-017,EHR,Southeast,Dual Eligible,75,Male,English,Phone,1,1,0,1,1,0,0,0,0,4,1.72,High,2,1,0,0,,6.7,149,0,0,0,1,0,0,0,0,0,1,5,0.61,1,0,No,No,Yes,No,No,1,2026-09-01,30,0,0,0,1,0,0,0,0,2,Current,28,0,0,Adequate,COPD,3,Patient Education,6,2026-09-30,1,P1,0
2026-10-01,PT-000353,CM-008,EHR,Mid-Atlantic,Medicare Advantage,66,Female,English,Phone,1,0,1,0,0,0,0,0,0,2,1.29,Medium,0,0,0,0,,6.7,127,0,1,0,0,0,0,0,0,0,1,10,0.88,0,0,No,Unknown,No,No,No,0,2026-09-18,13,0,0,0,0,1,0,0,0,1,Current,28,0,0,Adequate,Diet/Lifestyle,2,Care Gap Closure,9,2026-10-04,0,P3,0
2026-10-01,PT-000354,CM-011,Claims,Southeast,Medicaid Managed Care,55,Male,English,Phone,0,0,0,0,0,0,0,0,0,0,0.84,Low,0,0,0,0,,,132,0,0,0,0,0,0,0,0,0,0,2,0.77,1,0,Yes,No,No,No,Yes,2,2026-08-30,32,1,0,0,1,0,0,0,0,0,Current,71,0,0,Adequate,Diabetes,1,Care Plan Update,9,2026-09-27,1,P2,0
2026-10-01,PT-000355,CM-012,CareMgmt,Southwest,Medicare Advantage,93,Male,English,Caregiver,0,1,0,0,0,0,0,0,1,1,1.13,Low,0,0,0,0,,,126,0,0,0,0,0,0,0,0,0,0,8,0.91,0,1,No,Yes,No,Yes,Unknown,2,2026-09-14,17,0,0,0,0,1,1,0,0,0,Current,10,0,0,Unknown,COPD,0,Patient Outreach,3,2026-09-29,1,P2,0
2026-10-01,PT-000356,CM-006,Claims,Northeast,Dual Eligible,69,Female,English,SMS,0,0,0,0,1,0,0,0,0,1,1.15,Low,0,0,0,0,,,133,0,0,0,0,0,0,0,0,0,0,3,0.81,0,0,Yes,No,No,No,No,1,,22,1,0,0,0,0,0,0,0,0,Current,17,0,1,Limited,Medication,0,Patient Outreach,0,2026-10-01,0,P3,0
2026-10-01,PT-000357,CM-013,EHR,Southeast,Dual Eligible,73,Female,English,Phone,0,1,1,0,0,1,0,0,0,3,1.18,High,0,0,0,1,25,,149,0,0,0,1,0,1,0,0,0,0,4,0.68,1,1,No,Yes,No,No,Yes,2,2026-08-05,57,1,1,0,1,0,0,0,0,1,Current,75,0,0,Adequate,Appointment Preparation,3,Care Plan Update,6,2026-10-04,0,P3,0
2026-10-01,PT-000358,CM-006,Claims,Midwest,Commercial Complex Care,39,Male,English,SMS,0,0,0,0,0,0,0,0,0,0,0.92,Low,2,0,0,0,,,129,0,0,0,0,0,0,0,0,0,0,5,0.9,0,1,No,No,No,No,No,0,2026-08-20,42,2,0,0,0,0,0,0,0,0,Current,26,0,0,Limited,Medication,0,Care Gap Closure,2,2026-09-30,1,P1,0
2026-10-01,PT-000359,CM-005,EHR,Midwest,Medicare Advantage,61,Female,English,Phone,1,0,0,0,0,0,0,0,0,1,0.84,Low,0,0,0,0,,9.0,120,0,0,0,0,0,0,0,0,0,0,9,0.78,1,0,Yes,No,No,No,No,1,2026-09-18,13,3,0,0,1,0,0,0,0,1,Current,62,0,0,Unknown,None,1,Patient Outreach,0,2026-09-27,1,P2,0
2026-10-01,PT-000360,CM-012,Claims,Southwest,Medicaid Managed Care,67,Male,English,Phone,0,1,0,0,0,0,0,0,1,1,0.68,Low,0,0,0,0,,,159,0,0,0,1,1,0,0,0,0,0,5,0.9,0,0,No,Yes,No,No,No,1,2026-09-12,19,0,0,0,0,0,1,0,0,0,Current,84,0,1,Limited,Medication,2,Provider Follow-up,0,2026-10-05,0,P3,0
2026-10-01,PT-000361,CM-001,EHR,Southeast,Medicaid Managed Care,50,Female,English,Phone,0,1,0,0,0,0,0,0,0,1,0.7,Low,0,0,0,0,,,125,0,0,0,0,0,0,0,1,0,1,2,0.81,0,0,No,No,No,No,Unknown,0,2026-09-13,18,0,0,0,0,0,0,0,0,2,Not Started,,0,0,Adequate,Diet/Lifestyle,2,Patient Outreach,3,2026-09-30,1,P1,0
2026-10-01,PT-000362,CM-007,Pharmacy,Mid-Atlantic,Medicare Advantage,69,Female,Other,Phone,0,0,0,0,0,0,1,0,0,1,0.93,Low,0,0,0,0,,,143,0,0,0,0,0,0,0,1,0,0,7,0.85,0,0,No,No,No,No,Yes,1,2026-08-31,31,0,0,0,0,0,0,0,0,1,Current,79,0,0,Limited,Diet/Lifestyle,1,Patient Outreach,9,2026-10-06,0,P2,0
2026-10-01,PT-000363,CM-003,CareMgmt,Mid-Atlantic,Dual Eligible,83,Female,Other,SMS,1,0,0,0,1,1,1,0,0,4,1.11,High,1,0,1,1,2,10.0,136,0,0,0,0,1,0,0,0,1,0,9,0.69,1,0,Yes,Yes,No,Unknown,No,2,2026-07-31,62,0,1,0,0,0,0,1,1,3,Needs Review,130,0,0,Adequate,Medication,3,Care Gap Closure,9,2026-10-04,0,P3,0
2026-10-01,PT-000364,CM-006,CareMgmt,Southwest,Dual Eligible,82,Female,English,Caregiver,1,1,0,0,1,1,0,0,0,4,1.42,High,4,0,0,0,,8.9,145,1,1,0,1,0,0,0,0,0,0,11,0.88,0,1,No,No,No,No,Unknown,0,2026-08-05,57,0,1,0,0,0,0,1,1,2,Overdue,272,2,0,Low,None,3,Patient Outreach,3,2026-10-05,0,P3,0
2026-10-01,PT-000365,CM-011,Claims,Midwest,Medicare Advantage,80,Female,Chinese,Phone,1,1,0,0,0,0,0,0,0,2,1.53,Low,0,0,0,0,,,136,0,0,1,0,0,0,0,0,0,0,8,0.87,0,0,No,No,Unknown,No,Yes,1,2026-08-18,44,0,1,0,0,0,0,0,0,2,Current,74,0,0,Adequate,Diabetes,1,Medication Review,0,2026-09-30,1,P4,0
2026-10-01,PT-000366,CM-011,Claims,Mid-Atlantic,Medicaid Managed Care,69,Female,Spanish,SMS,0,0,0,0,0,0,0,0,0,0,0.61,Low,0,0,0,0,,,149,0,0,0,0,0,0,0,0,0,0,3,0.89,0,0,No,No,No,No,No,0,2026-09-23,8,0,1,0,0,0,0,1,0,1,Current,63,0,0,Adequate,Medication,0,Social Resource Referral,0,2026-10-01,0,P3,0
2026-10-01,PT-000367,CM-010,EHR,Northeast,Commercial Complex Care,31,Male,English,Phone,1,0,0,0,0,0,0,0,0,1,0.91,Low,0,0,0,0,,9.5,167,1,0,0,0,0,0,0,0,0,1,6,1.0,0,0,No,No,No,No,No,0,2026-09-07,24,1,0,0,0,0,0,1,0,1,Current,28,0,1,Limited,Medication,2,Patient Outreach,4,2026-10-03,0,P3,0
2026-10-01,PT-000368,CM-012,Pharmacy,Southeast,Medicare Advantage,64,Female,Chinese,Phone,1,0,0,0,0,0,0,0,0,1,0.92,Low,0,0,0,0,,,147,0,1,0,0,0,0,1,0,0,1,4,1.0,0,0,No,No,No,Yes,No,1,2026-08-22,40,0,1,0,0,0,0,0,0,3,Overdue,273,0,1,Limited,Diabetes,3,Patient Outreach,0,2026-10-02,0,P2,0
2026-10-01,PT-000369,CM-009,CareMgmt,Northeast,Medicare Advantage,73,Male,English,Caregiver,0,0,0,0,0,0,0,0,0,0,0.64,Low,0,0,0,0,,,123,0,0,0,0,0,0,0,0,0,0,4,0.74,1,0,No,No,No,No,No,0,2026-09-05,26,0,1,0,0,0,0,0,0,2,Current,31,0,0,Limited,Discharge Instructions,1,Social Resource Referral,0,2026-10-02,0,P3,0
2026-10-01,PT-000370,CM-013,CareMgmt,Southeast,Medicare Advantage,74,Female,English,Phone,0,1,0,0,0,0,0,0,0,1,0.7,Low,0,0,0,0,,,152,0,0,0,1,0,0,0,0,0,0,4,1.0,0,0,No,No,No,No,No,0,,26,0,0,0,0,0,0,0,0,0,Overdue,181,0,0,Adequate,Medication,1,Patient Outreach,6,2026-10-03,0,P3,0
2026-10-01,PT-000371,CM-007,CareMgmt,Southeast,Dual Eligible,71,Female,English,Phone,0,0,0,1,0,0,0,0,0,1,0.92,Low,0,0,0,0,,,113,0,0,0,0,0,0,0,0,0,0,7,0.91,0,0,Yes,No,No,No,Unknown,1,2026-09-14,17,0,0,0,1,0,0,1,0,2,Current,61,0,0,Adequate,Discharge Instructions,0,Patient Outreach,0,2026-10-06,0,P4,0
2026-10-01,PT-000372,CM-003,HIE,Midwest,Commercial Complex Care,57,Female,Other,Phone,0,0,0,0,0,0,0,0,0,0,0.6,Low,0,0,0,0,,,126,0,0,0,0,0,0,0,0,0,0,2,0.66,1,0,No,No,No,No,No,0,2026-09-14,17,0,0,0,0,0,0,0,0,0,Not Started,,0,0,Low,None,1,Provider Follow-up,1,2026-09-28,1,P1,0
2026-10-01,PT-000373,CM-018,Claims,Mid-Atlantic,Dual Eligible,79,Male,English,Portal,0,1,0,1,0,0,0,0,0,2,1.35,Medium,0,0,0,0,,,107,0,0,0,0,0,0,0,0,0,0,5,0.79,1,1,No,No,No,Unknown,Yes,1,2026-08-19,43,0,0,1,0,0,0,0,0,2,Current,79,0,0,Unknown,Medication,1,Patient Education,1,2026-10-05,0,P3,0
2026-10-01,PT-000374,CM-018,CareMgmt,Northeast,Medicare Advantage,74,Female,English,Phone,0,1,0,0,0,0,0,0,0,1,0.99,Low,0,0,0,0,,,113,0,0,0,0,0,0,0,0,0,0,8,0.87,0,0,No,No,Unknown,No,Yes,1,2026-08-30,32,0,1,0,0,0,0,0,0,1,Overdue,353,0,0,Limited,Diabetes,0,Care Gap Closure,0,2026-09-27,1,P4,0
2026-10-01,PT-000375,CM-008,CareMgmt,Midwest,Medicare Advantage,78,Male,English,Phone,0,0,1,0,0,0,0,0,0,1,1.77,Medium,1,1,0,0,,,130,0,0,0,0,0,0,1,0,0,0,3,0.66,1,0,No,No,No,Yes,Yes,2,2026-08-04,58,0,1,0,1,0,0,0,0,0,Current,31,0,0,Adequate,CHF,2,Patient Outreach,0,2026-10-03,0,P4,0
2026-10-01,PT-000376,CM-014,EHR,Southwest,Medicaid Managed Care,45,Female,English,Phone,0,0,0,0,0,0,0,0,0,0,0.65,Low,0,0,0,0,,,100,0,0,0,0,0,0,0,0,0,1,4,0.55,1,0,No,No,No,No,Yes,1,2026-09-15,16,1,0,0,0,0,0,0,0,1,Current,75,0,0,Limited,Medication,2,Care Gap Closure,3,2026-10-03,0,P2,0
2026-10-01,PT-000377,CM-017,EHR,Southeast,Medicare Advantage,69,Male,English,Portal,1,0,0,0,0,0,0,0,0,1,1.02,Low,0,0,0,0,,8.6,143,0,1,0,0,0,0,0,0,0,0,5,1.0,0,0,Yes,No,No,No,Yes,2,2026-08-24,38,0,0,0,0,0,0,0,0,1,Current,89,0,0,Low,Medication,1,Patient Education,0,2026-10-03,0,P4,0
2026-10-01,PT-000378,CM-008,Claims,Midwest,Medicaid Managed Care,73,Male,English,Phone,1,1,1,0,0,0,1,0,0,4,1.42,High,4,0,0,0,,8.1,139,1,1,0,0,0,0,0,0,0,0,6,0.89,0,0,No,Yes,Yes,No,No,2,2026-08-31,31,0,0,0,1,0,0,1,0,2,Current,53,0,0,Limited,Diabetes,2,Care Gap Closure,0,2026-10-05,0,P4,0
2026-10-01,PT-000379,CM-003,EHR,Mid-Atlantic,Medicare Advantage,75,Female,English,Phone,1,0,0,0,1,1,1,0,0,4,1.66,High,0,0,1,0,,10.4,151,1,1,0,0,0,0,0,0,0,0,8,0.91,0,0,No,Yes,No,No,Yes,2,2026-09-02,29,0,0,0,0,0,1,0,0,2,Overdue,296,0,0,Adequate,Discharge Instructions,2,Social Resource Referral,9,2026-10-03,0,P1,1
2026-10-01,PT-000380,CM-009,Claims,Southeast,Medicare Advantage,78,Female,English,SMS,0,0,0,1,1,1,0,0,0,3,1.6,High,0,0,0,0,,,133,0,0,0,0,1,0,1,0,0,0,6,0.52,1,0,Yes,No,No,Yes,No,2,2026-09-03,28,0,0,0,0,0,0,1,0,3,Current,60,0,0,Low,Medication,3,Care Gap Closure,0,2026-09-29,1,P2,0
2026-10-01,PT-000381,CM-003,HIE,Southwest,Dual Eligible,62,Female,English,Phone,0,1,0,0,0,0,0,0,0,1,0.95,Low,0,0,0,0,,,132,0,0,0,0,0,0,0,0,0,0,4,0.7,1,0,No,No,No,No,No,0,2026-10-01,0,1,0,1,1,0,0,0,0,2,Current,23,0,0,Limited,None,1,Medication Review,3,2026-10-06,0,P3,0
2026-10-01,PT-000382,CM-003,CareMgmt,Northeast,Medicaid Managed Care,50,Male,Russian,Portal,0,1,0,0,0,0,0,0,0,1,1.05,Low,1,0,0,0,,,167,0,0,0,1,0,0,0,0,0,0,4,1.0,0,0,No,No,No,No,No,0,2026-08-31,31,0,0,0,0,0,0,0,0,2,Current,27,0,0,Limited,Medication,1,Care Plan Update,0,2026-10-01,0,P3,0
2026-10-01,PT-000383,CM-016,EHR,Northeast,Medicare Advantage,73,Female,Russian,Phone,1,0,0,0,0,0,0,0,0,1,0.64,Low,0,0,0,0,,6.6,135,1,0,1,0,0,0,0,0,0,1,2,0.77,1,0,No,No,No,No,No,0,2026-09-09,22,0,1,0,0,1,0,0,0,1,Current,31,0,1,Adequate,None,4,Patient Outreach,2,2026-10-02,0,P4,0
2026-10-01,PT-000384,CM-002,CareMgmt,Northeast,Medicaid Managed Care,41,Male,English,Phone,0,0,0,0,0,1,0,0,0,1,1.08,Low,0,0,0,0,,,112,0,0,0,0,0,0,0,0,0,0,4,0.75,1,0,No,No,No,No,No,0,2026-09-30,1,0,0,0,0,0,0,0,0,0,Current,11,0,0,Low,None,1,Patient Outreach,3,2026-10-03,0,P2,0
2026-10-01,PT-000385,CM-010,EHR,Midwest,Medicare Advantage,73,Female,English,Phone,0,1,0,0,0,0,0,0,0,1,0.6,Low,0,0,0,0,,,139,0,0,0,0,0,0,0,0,0,0,1,0.99,0,1,No,No,No,No,No,0,2026-09-01,30,0,0,0,0,0,0,0,0,1,Current,63,0,0,Adequate,Diet/Lifestyle,0,Patient Education,7,2026-10-01,0,P3,0
2026-10-01,PT-000386,CM-015,EHR,Midwest,Medicare Advantage,81,Female,English,Phone,1,1,1,0,0,0,0,0,0,3,1.32,High,1,0,0,0,,7.6,156,0,0,0,1,0,0,0,0,0,0,10,0.93,0,0,Yes,No,No,No,Yes,2,2026-09-08,23,0,0,0,0,0,0,0,0,2,Current,32,0,0,Adequate,None,1,Care Gap Closure,6,2026-09-29,1,P1,1
2026-10-01,PT-000387,CM-009,Claims,Northeast,Dual Eligible,78,Male,English,Phone,0,1,0,0,0,0,0,0,0,1,0.7,Low,0,0,0,0,,,150,0,0,0,1,0,0,0,0,0,0,6,0.81,0,0,Yes,No,No,No,No,1,2026-08-22,40,0,1,0,0,0,0,1,0,1,Overdue,164,0,1,Adequate,None,1,Care Plan Update,6,2026-09-28,1,P1,0
2026-10-01,PT-000388,CM-012,Claims,Midwest,Dual Eligible,72,Female,English,Phone,0,1,0,0,0,0,0,0,0,1,1.08,Medium,0,0,0,1,18,,111,0,0,0,0,1,1,1,0,0,0,8,0.58,1,0,Yes,No,No,No,No,1,2026-09-19,12,0,0,0,0,1,0,0,0,1,Needs Review,148,0,0,Adequate,None,4,Patient Education,4,2026-09-28,1,P3,0
2026-10-01,PT-000389,CM-004,EHR,Mid-Atlantic,Medicaid Managed Care,63,Male,Spanish,Caregiver,0,0,0,0,0,0,0,0,0,0,0.92,Low,0,1,0,0,,,107,0,0,0,0,0,0,0,0,0,0,3,0.73,1,0,No,Yes,Yes,Yes,No,3,2026-09-07,24,0,1,0,0,0,0,0,0,1,Not Started,,0,0,Unknown,Diet/Lifestyle,1,Patient Education,3,2026-10-04,0,P3,0
2026-10-01,PT-000390,CM-017,EHR,Southwest,Medicare Advantage,69,Male,Spanish,Phone,1,0,0,0,1,0,0,0,0,2,1.27,Medium,2,0,0,0,,7.5,178,0,1,0,0,0,0,0,0,0,1,10,1.0,0,1,No,No,No,No,No,0,2026-09-04,27,2,1,0,1,0,0,0,0,2,Current,30,1,0,Limited,Appointment Preparation,2,Medication Review,10,2026-09-28,1,P3,0
2026-10-01,PT-000391,CM-014,CareMgmt,Southwest,Medicaid Managed Care,73,Male,English,Portal,0,0,0,0,0,0,0,0,0,0,0.2,Low,0,0,0,0,,,137,0,0,0,0,0,0,0,0,0,0,9,0.94,0,0,No,Yes,No,No,No,1,2026-09-24,7,0,1,0,0,0,0,0,0,0,Current,73,0,0,Adequate,Diet/Lifestyle,0,Patient Outreach,0,2026-10-05,0,P1,0
2026-10-01,PT-000392,CM-003,Pharmacy,Northeast,Commercial Complex Care,57,Male,English,Phone,0,0,0,0,0,0,0,0,0,0,0.68,Low,0,0,0,0,,,125,0,0,0,0,0,0,0,0,0,0,0,0.71,0,0,Yes,No,Unknown,No,No,1,2026-09-19,12,0,0,0,0,0,0,0,0,1,Current,24,0,0,Limited,Diet/Lifestyle,0,Patient Outreach,4,2026-10-03,0,P3,0
2026-10-01,PT-000393,CM-007,CareMgmt,Southeast,Dual Eligible,66,Male,Other,Phone,0,0,1,0,0,1,0,0,0,2,1.25,Medium,0,0,0,0,,,119,0,0,0,0,0,0,0,1,0,0,2,0.92,0,0,No,No,No,No,No,0,2026-08-28,34,0,0,0,0,0,0,0,0,0,Overdue,248,0,0,Unknown,None,1,Patient Outreach,7,2026-10-06,0,P3,0
2026-10-01,PT-000394,CM-011,CareMgmt,Mid-Atlantic,Commercial Complex Care,67,Male,English,Phone,1,1,0,1,0,0,0,0,0,3,1.57,Medium,3,0,0,0,,,137,0,0,0,0,0,0,1,1,0,0,12,0.87,0,0,No,No,No,No,No,0,2026-09-24,7,0,1,0,0,0,0,0,0,1,Needs Review,140,0,0,Low,Diabetes,2,Patient Education,11,2026-10-06,0,P2,0
2026-10-01,PT-000395,CM-009,EHR,Northeast,Commercial Complex Care,64,Male,English,SMS,0,0,0,0,0,1,0,0,0,1,1.38,Low,0,0,0,0,,,134,0,0,0,0,0,0,0,0,0,0,7,0.82,0,0,No,No,Yes,No,Unknown,1,2026-09-05,26,0,0,0,0,0,0,0,0,1,Current,5,0,0,Unknown,Appointment Preparation,0,Social Resource Referral,0,2026-10-01,0,P3,0
2026-10-01,PT-000396,CM-017,Pharmacy,Northeast,Medicare Advantage,71,Male,Bengali,Phone,0,0,0,0,0,0,0,0,0,0,0.75,Low,0,0,0,0,,,124,0,0,0,0,0,0,1,0,0,0,3,0.63,1,0,No,No,No,Yes,Unknown,1,2026-08-24,38,0,1,0,1,0,0,1,0,1,Current,6,0,0,Limited,None,2,Patient Outreach,4,2026-10-04,0,P2,0
2026-10-01,PT-000397,CM-004,EHR,Northeast,Commercial Complex Care,43,Male,English,Phone,0,0,0,0,0,0,0,0,0,0,1.08,Low,0,0,0,0,,,145,0,0,0,0,0,0,0,1,0,0,2,0.85,0,1,No,No,No,Unknown,Yes,1,2026-09-25,6,1,0,0,0,0,0,0,0,2,Needs Review,100,0,0,Low,Medication,1,Care Plan Update,4,2026-10-04,0,P2,0
2026-10-01,PT-000398,CM-009,CareMgmt,Southwest,Medicaid Managed Care,68,Male,Bengali,Caregiver,0,0,0,0,0,1,0,0,0,1,1.11,Low,1,0,0,0,,,123,0,0,0,0,1,0,0,0,1,0,4,0.75,1,0,No,Yes,No,No,No,1,2026-07-23,70,0,1,0,0,0,1,0,0,2,Overdue,263,0,0,Limited,None,3,Care Gap Closure,0,2026-09-27,1,P4,0
2026-10-01,PT-000399,CM-015,CareMgmt,Midwest,Medicare Advantage,68,Female,Chinese,Portal,0,1,0,0,0,0,0,0,0,1,0.69,Low,0,0,0,0,,,125,0,0,0,0,0,0,0,0,0,0,7,1.0,0,0,No,Unknown,No,No,Yes,1,2026-08-28,34,1,0,0,0,0,0,0,0,3,Overdue,283,0,0,Low,Appointment Preparation,0,Patient Outreach,0,2026-10-05,0,P3,0
2026-10-01,PT-000400,CM-017,Claims,Southwest,Dual Eligible,82,Male,Spanish,Phone,0,1,0,0,0,0,0,0,0,1,0.6,Low,1,0,0,0,,,130,0,0,0,0,0,0,0,0,0,0,8,0.59,1,1,No,No,No,No,No,0,2026-08-25,37,0,0,0,0,0,0,0,0,2,Current,79,0,0,Adequate,Medication,1,Patient Outreach,1,2026-10-05,0,P3,0
2026-10-01,PT-000401,CM-010,EHR,Midwest,Commercial Complex Care,42,Female,English,SMS,1,0,0,0,0,0,0,0,0,1,1.03,Low,0,0,0,0,,7.1,137,1,0,0,0,0,0,0,0,0,1,2,0.8,0,1,No,No,No,No,No,0,2026-09-08,23,1,1,0,0,0,0,1,0,0,Needs Review,127,0,0,Adequate,Appointment Preparation,2,Patient Outreach,1,2026-09-28,1,P1,0
2026-10-01,PT-000402,CM-014,Pharmacy,Mid-Atlantic,Commercial Complex Care,50,Female,English,Phone,1,0,0,0,0,0,0,0,0,1,1.28,Low,0,1,0,0,,10.7,146,0,1,0,0,0,0,0,0,0,0,5,0.73,1,0,Yes,No,Yes,No,No,2,2026-07-31,62,2,1,0,1,0,0,0,1,2,Current,74,0,0,Adequate,Diet/Lifestyle,2,Care Gap Closure,5,2026-09-29,1,P3,0
2026-10-01,PT-000403,CM-011,HIE,Mid-Atlantic,Dual Eligible,85,Female,English,Portal,0,0,1,0,1,1,0,0,0,3,1.58,High,1,0,0,0,,,117,0,0,0,0,0,0,1,0,1,0,10,0.79,1,0,No,No,Yes,Yes,Yes,3,2026-08-23,39,0,1,0,0,0,0,0,0,2,Needs Review,146,0,0,Unknown,None,3,Patient Outreach,0,2026-09-27,1,P4,0
2026-10-01,PT-000404,CM-006,Claims,Mid-Atlantic,Medicare Advantage,61,Male,English,Phone,0,1,0,0,0,0,0,0,0,1,0.53,Low,1,0,0,0,,,148,0,0,0,1,0,0,0,0,0,0,5,0.85,0,0,No,No,Unknown,No,No,0,2026-08-27,35,0,0,0,0,0,0,1,0,1,Overdue,262,0,0,Adequate,Medication,1,Post-Discharge Follow-up,2,2026-10-05,0,P2,1
2026-10-01,PT-000405,CM-013,CareMgmt,Mid-Atlantic,Medicare Advantage,66,Male,Other,Phone,0,0,0,0,0,0,0,0,0,0,0.73,Medium,0,0,0,1,19,,150,0,0,0,0,1,1,0,0,0,1,4,0.67,1,0,No,No,No,Yes,Yes,2,2026-09-03,28,0,1,0,0,0,0,1,1,1,Not Started,,0,0,Adequate,None,4,Patient Outreach,1,2026-10-01,0,P2,0
2026-10-01,PT-000406,CM-008,EHR,Southeast,Medicaid Managed Care,59,Male,Unknown,Phone,0,0,0,0,0,0,0,0,0,0,0.42,Low,0,0,0,0,,,121,0,0,0,0,0,0,0,0,0,0,7,0.78,1,1,No,No,Yes,No,No,1,2026-09-11,20,0,0,0,0,0,0,0,0,1,Current,16,0,0,Adequate,Medication,1,Provider Follow-up,4,2026-10-06,0,P4,0
2026-10-01,PT-000407,CM-017,EHR,Northeast,Medicare Advantage,65,Male,English,Phone,0,1,0,0,0,0,1,0,0,2,1.04,Low,0,0,0,0,,,139,0,0,0,0,0,0,1,1,0,1,8,0.83,0,0,Yes,No,No,No,No,1,2026-09-20,11,0,1,0,0,0,0,0,0,2,Overdue,318,0,0,Adequate,Medication,3,Patient Education,10,2026-10-01,0,P2,0
2026-10-01,PT-000408,CM-017,EHR,Northeast,Medicaid Managed Care,55,Male,Russian,Caregiver,0,0,0,0,0,0,0,0,0,0,0.77,Low,0,0,0,0,,,121,0,0,0,0,0,0,0,0,0,0,3,0.78,1,0,No,No,No,No,No,0,2026-09-08,23,0,0,0,0,0,0,0,0,1,Overdue,298,0,0,Adequate,None,1,Post-Discharge Follow-up,0,2026-10-04,0,P4,0
2026-10-01,PT-000409,CM-007,CareMgmt,Northeast,Medicare Advantage,70,Male,English,SMS,0,1,0,0,0,0,0,0,0,1,0.8,Low,0,1,0,0,,,142,0,0,0,1,0,0,0,0,0,1,4,0.82,0,0,Yes,No,No,No,No,1,2026-08-28,34,0,0,0,0,0,0,0,0,1,Needs Review,124,0,0,Low,Diet/Lifestyle,2,Patient Education,0,2026-10-01,0,P4,0
2026-10-01,PT-000410,CM-011,CareMgmt,Midwest,Dual Eligible,77,Female,English,Portal,0,1,0,0,1,1,0,0,0,3,1.25,Medium,0,0,2,0,,,115,0,0,0,0,0,0,1,0,1,0,11,0.66,1,0,Unknown,Yes,No,No,No,1,2026-09-02,29,0,0,0,0,0,1,0,0,4,Needs Review,117,0,0,Adequate,Medication,3,Medication Review,5,2026-09-27,1,P4,0
2026-10-01,PT-000411,CM-015,Claims,Midwest,Dual Eligible,75,Male,English,Phone,0,1,0,0,0,0,0,0,0,1,0.74,Low,0,0,0,0,,,148,0,0,0,1,0,0,1,0,0,0,3,0.73,1,0,No,No,Yes,No,No,1,2026-09-12,19,0,0,0,0,0,0,0,0,1,Needs Review,147,0,0,Adequate,Diabetes,3,Care Plan Update,9,2026-10-03,0,P4,0
2026-10-01,PT-000412,CM-013,Claims,Southwest,Medicaid Managed Care,64,Female,English,Caregiver,0,1,0,0,0,0,0,0,0,1,0.73,Low,0,0,0,0,,,130,0,0,0,0,0,0,1,0,0,0,7,0.59,1,0,No,No,Yes,No,Yes,2,2026-09-24,7,0,1,0,0,0,0,0,0,2,Needs Review,112,0,1,Low,Appointment Preparation,2,Patient Outreach,0,2026-10-02,0,P2,0
2026-10-01,PT-000413,CM-009,Claims,Southeast,Medicaid Managed Care,23,Female,English,Portal,1,0,1,0,0,0,0,0,0,2,1.23,Medium,3,0,0,0,,6.2,155,0,0,0,0,0,0,0,0,0,0,10,0.65,1,0,No,No,Yes,No,No,1,2026-09-03,28,0,1,0,1,1,0,0,0,0,Current,49,0,0,Adequate,Diet/Lifestyle,1,Medication Review,0,2026-10-06,0,P3,0
2026-10-01,PT-000414,CM-001,CareMgmt,Southeast,Dual Eligible,74,Male,English,Phone,0,1,0,0,0,0,0,0,0,1,0.81,Low,0,0,0,0,,,130,0,0,0,0,0,0,0,0,0,0,6,0.92,0,0,No,No,No,Yes,Yes,2,2026-08-12,50,0,0,0,0,0,0,0,0,1,Current,48,0,0,Adequate,Medication,0,Care Gap Closure,2,2026-10-01,0,P2,0
2026-10-01,PT-000415,CM-004,CareMgmt,Southwest,Medicare Advantage,75,Male,Spanish,Portal,1,0,0,0,0,0,0,0,0,1,1.2,Low,0,0,0,0,,,111,0,0,0,0,1,0,0,0,0,0,9,1.0,0,0,No,Unknown,No,No,No,0,2026-09-09,22,2,0,0,1,0,0,1,0,3,Current,22,0,0,Low,Medication,1,Patient Outreach,3,2026-10-05,0,P3,0
2026-10-01,PT-000416,CM-002,CareMgmt,Mid-Atlantic,Medicaid Managed Care,41,Male,English,Phone,0,0,0,0,0,0,0,0,0,0,0.84,Low,0,0,0,0,,,132,0,0,0,0,0,0,0,0,0,0,3,0.64,1,0,No,No,Yes,No,No,1,2026-09-30,1,0,1,0,1,0,0,0,0,0,Current,5,0,1,Limited,None,1,Care Plan Update,6,2026-10-03,0,P3,0
2026-10-01,PT-000417,CM-016,Claims,Northeast,Medicare Advantage,81,Female,English,Caregiver,0,1,0,0,0,0,0,0,0,1,0.82,Low,2,0,0,0,,,126,0,0,0,0,0,0,1,0,0,1,5,0.96,0,0,No,No,No,No,No,0,2026-09-16,15,0,0,0,0,0,0,0,0,1,Needs Review,115,0,1,Adequate,Medication,2,Care Gap Closure,5,2026-10-03,0,P2,1
2026-10-01,PT-000418,CM-017,Claims,Mid-Atlantic,Medicare Advantage,70,Male,English,Caregiver,0,0,0,0,1,0,1,0,0,2,1.13,Low,0,0,0,0,,,134,0,0,0,0,0,0,1,0,0,0,5,0.94,0,0,No,No,No,No,No,0,2026-09-09,22,0,0,0,0,0,0,0,0,1,Current,3,0,1,Low,None,1,Patient Outreach,3,2026-10-05,0,P3,0
2026-10-01,PT-000419,CM-009,Claims,Midwest,Medicaid Managed Care,46,Male,Spanish,Portal,0,0,0,0,0,0,0,0,0,0,0.82,Low,0,0,0,0,,,111,0,0,0,0,0,0,1,0,0,0,5,0.64,1,0,Yes,No,No,No,Yes,2,2026-08-19,43,1,1,0,0,0,0,0,0,0,Needs Review,98,0,0,Adequate,Appointment Preparation,2,Medication Review,1,2026-10-05,0,P1,1
2026-10-01,PT-000420,CM-014,CareMgmt,Mid-Atlantic,Commercial Complex Care,51,Male,Bengali,SMS,0,0,0,0,0,0,0,0,0,0,0.2,Low,0,0,0,0,,,90,0,0,0,0,1,0,0,1,0,0,4,0.85,0,0,No,No,Yes,Yes,No,2,2026-09-07,24,1,0,0,0,0,0,0,0,1,Not Started,,0,0,Adequate,Medication,2,Patient Outreach,3,2026-09-30,1,P2,0
2026-10-01,PT-000421,CM-011,Pharmacy,Southeast,Medicare Advantage,61,Female,Spanish,Portal,0,1,0,0,0,1,0,0,0,2,1.2,Low,0,0,0,0,,,111,0,0,0,0,0,0,1,0,1,0,3,0.57,1,0,No,No,No,No,No,0,2026-09-22,9,0,0,0,0,0,0,0,0,0,Needs Review,119,0,0,Limited,None,3,Provider Follow-up,2,2026-10-05,0,P3,0
2026-10-01,PT-000422,CM-006,CareMgmt,Mid-Atlantic,Medicaid Managed Care,38,Male,English,Phone,0,0,0,0,0,0,0,0,0,0,0.55,Low,0,0,0,0,,,142,0,0,0,0,0,0,0,0,0,0,3,0.78,1,1,Yes,Yes,No,No,No,2,2026-08-05,57,0,0,0,0,0,1,0,0,1,Current,40,0,0,Adequate,None,1,Care Plan Update,3,2026-10-02,0,P3,0
2026-10-01,PT-000423,CM-014,EHR,Mid-Atlantic,Medicare Advantage,69,Male,English,Phone,0,0,1,0,1,0,0,0,1,2,1.39,Medium,0,0,0,0,,,144,0,0,0,0,0,0,0,0,0,0,5,0.89,0,0,Unknown,No,No,Yes,No,1,2026-09-14,17,0,0,0,0,0,0,0,1,1,Needs Review,143,0,0,Adequate,None,0,Patient Education,3,2026-09-29,1,P4,0
2026-10-01,PT-000424,CM-013,Claims,Midwest,Medicare Advantage,83,Female,Chinese,SMS,1,1,0,1,1,0,0,0,0,4,1.39,High,0,0,1,0,,7.2,140,0,1,0,1,0,0,1,0,0,0,11,0.75,1,0,No,No,Unknown,No,No,0,2026-09-15,16,0,0,0,0,0,0,0,0,2,Current,47,0,0,Adequate,COPD,4,Provider Follow-up,0,2026-10-03,0,P2,0
2026-10-01,PT-000425,CM-005,Claims,Southeast,Dual Eligible,76,Female,English,Phone,1,1,0,0,0,0,0,1,0,3,0.79,Medium,1,0,0,0,,8.2,161,1,1,0,1,0,0,0,0,0,0,7,0.62,1,1,Yes,No,No,No,No,1,2026-10-01,0,0,1,0,0,0,0,0,1,3,Needs Review,109,0,0,Adequate,Diabetes,4,Care Gap Closure,8,2026-09-30,1,P4,0
2026-10-01,PT-000426,CM-008,Pharmacy,Mid-Atlantic,Dual Eligible,73,Male,English,Phone,1,1,0,0,1,0,0,0,1,3,1.26,High,0,0,1,0,,8.9,155,0,0,0,1,0,0,1,0,0,0,8,0.88,0,0,No,Yes,Yes,Yes,No,3,2026-07-24,69,0,0,0,0,0,0,0,0,1,Needs Review,112,0,0,Adequate,Diet/Lifestyle,2,Provider Follow-up,4,2026-09-30,1,P4,0
2026-10-01,PT-000427,CM-010,CareMgmt,Southwest,Commercial Complex Care,51,Male,English,Phone,0,0,0,0,0,0,0,0,0,0,0.61,Low,1,0,0,0,,,150,0,0,0,0,0,0,1,0,0,0,1,0.93,0,0,No,No,No,No,No,0,2026-09-07,24,1,0,0,0,0,0,0,0,0,Needs Review,115,0,0,Adequate,Diet/Lifestyle,1,Patient Outreach,2,2026-10-02,0,P2,0
2026-10-01,PT-000428,CM-004,Claims,Northeast,Medicaid Managed Care,68,Female,Spanish,Phone,1,1,0,0,0,1,0,0,0,3,1.3,Medium,0,0,0,0,,7.0,143,1,0,0,1,0,0,0,0,0,0,6,0.84,0,0,Yes,Unknown,No,No,Yes,2,,33,0,0,0,1,0,0,1,0,1,Overdue,282,3,0,Adequate,Diet/Lifestyle,2,Care Gap Closure,1,2026-10-02,0,P3,0
2026-10-01,PT-000429,CM-003,CareMgmt,Midwest,Dual Eligible,63,Female,Russian,Phone,0,1,0,0,0,0,0,0,0,1,0.82,Low,1,0,0,0,,,122,0,0,0,0,0,0,0,0,0,0,8,0.59,1,0,No,Yes,No,No,Yes,2,2026-08-25,37,0,0,0,0,0,0,0,0,3,Needs Review,121,0,0,Adequate,Medication,1,Social Resource Referral,4,2026-09-29,1,P4,0
2026-10-01,PT-000430,CM-005,Claims,Southwest,Medicaid Managed Care,35,Male,English,Caregiver,0,1,0,0,1,0,0,0,0,2,1.37,Medium,1,0,0,0,,,114,0,0,0,0,0,0,0,0,0,0,4,0.79,1,0,Yes,Yes,No,No,No,2,2026-08-20,42,0,0,0,0,0,0,0,0,0,Current,20,0,0,Adequate,Diet/Lifestyle,1,Patient Education,0,2026-09-27,1,P3,0
2026-10-01,PT-000431,CM-014,Pharmacy,Northeast,Medicaid Managed Care,69,Male,English,Caregiver,0,1,0,0,0,0,0,1,0,2,0.84,Low,0,0,1,0,,,122,0,0,0,0,0,0,0,0,0,0,4,0.7,1,0,Unknown,No,No,No,No,0,2026-08-27,35,0,0,0,0,0,0,0,0,2,Overdue,174,0,0,Adequate,Appointment Preparation,1,Post-Discharge Follow-up,5,2026-10-03,0,P2,0
2026-10-01,PT-000432,CM-001,Pharmacy,Northeast,Medicare Advantage,76,Female,Spanish,Phone,0,0,0,0,0,0,0,0,0,0,0.8,Low,0,0,0,0,,,109,0,0,0,0,0,0,1,0,0,0,0,0.87,0,1,Yes,No,No,Yes,No,2,2026-08-24,38,1,0,0,0,0,0,0,0,0,Not Started,,0,0,Low,Diet/Lifestyle,1,Patient Outreach,4,2026-10-03,0,P3,1
2026-10-01,PT-000433,CM-008,CareMgmt,Northeast,Medicare Advantage,76,Male,Unknown,Portal,0,1,0,0,0,0,0,0,0,1,0.25,Low,0,0,0,0,,,145,0,0,0,1,0,0,0,0,0,0,6,0.72,1,0,No,No,No,Yes,No,1,2026-08-23,39,0,0,0,0,0,0,0,0,0,Current,61,0,0,Limited,Medication,2,Provider Follow-up,4,2026-10-02,0,P3,0
2026-10-01,PT-000434,CM-010,CareMgmt,Northeast,Dual Eligible,78,Male,Other,Phone,0,1,0,0,1,0,0,0,0,2,1.76,Medium,0,0,0,0,,,139,0,0,0,0,0,0,1,0,0,0,5,0.88,0,1,Yes,No,No,Yes,Yes,3,2026-09-06,25,0,1,0,0,0,0,1,0,0,Current,39,2,0,Limited,Diet/Lifestyle,1,Medication Review,7,2026-10-06,0,P3,0
2026-10-01,PT-000435,CM-010,CareMgmt,Midwest,Medicare Advantage,67,Female,English,Phone,1,0,0,0,0,0,0,0,0,1,0.98,Low,0,0,0,0,,7.9,126,0,0,0,0,0,0,0,0,0,1,1,0.99,0,1,No,No,No,No,No,0,2026-09-20,11,2,0,0,0,0,0,0,0,1,Overdue,265,0,0,Low,Appointment Preparation,1,Patient Outreach,0,2026-10-04,0,P4,0
2026-10-01,PT-000436,CM-009,Pharmacy,Southwest,Medicare Advantage,79,Female,English,Caregiver,0,1,0,0,0,0,0,0,0,1,1.13,Low,0,0,0,0,,,165,0,0,0,1,0,0,0,0,0,0,3,0.92,0,0,No,Yes,No,No,No,1,2026-08-29,33,0,1,0,0,0,1,0,0,2,Overdue,293,2,0,Low,Medication,1,Patient Outreach,2,2026-10-03,0,P3,0
2026-10-01,PT-000437,CM-003,Pharmacy,Southwest,Medicare Advantage,78,Male,English,Caregiver,1,0,1,0,0,0,0,0,0,2,1.44,Medium,0,0,0,0,,6.9,127,1,0,0,0,0,0,0,1,0,0,4,0.87,0,0,No,Yes,No,No,No,1,2026-08-19,43,0,0,0,1,0,0,0,0,2,Current,5,0,1,Adequate,Medication,2,Patient Education,5,2026-10-04,0,P4,0
2026-10-01,PT-000438,CM-009,Claims,Midwest,Commercial Complex Care,49,Male,English,Portal,0,0,0,0,1,0,0,0,0,1,0.76,Low,2,0,0,0,,,131,0,0,0,0,0,0,0,0,0,0,3,0.8,0,1,No,No,Unknown,No,No,0,2026-08-26,36,0,0,0,0,0,0,0,0,0,Current,2,0,0,Limited,Medication,0,Patient Outreach,3,2026-10-03,0,P4,1
2026-10-01,PT-000439,CM-014,CareMgmt,Midwest,Dual Eligible,65,Female,English,SMS,0,1,0,0,0,0,0,0,0,1,0.85,Low,0,1,0,0,,,149,0,0,0,1,0,0,1,0,0,0,2,0.81,0,0,No,No,No,No,No,0,2026-08-19,43,0,0,0,0,0,0,0,0,1,Needs Review,106,0,0,Adequate,None,2,Provider Follow-up,0,2026-10-06,0,P4,0
2026-10-01,PT-000440,CM-009,HIE,Northeast,Medicare Advantage,82,Male,English,Phone,0,1,0,0,0,0,0,0,0,1,0.77,Low,0,0,0,0,,,141,0,0,0,1,0,1,1,0,0,0,5,0.86,0,0,No,No,Unknown,No,No,0,2026-09-23,8,0,1,0,0,0,0,0,0,0,Current,6,0,0,Low,Diet/Lifestyle,3,Post-Discharge Follow-up,0,2026-09-29,1,P3,0
2026-10-01,PT-000441,CM-010,Claims,Mid-Atlantic,Medicaid Managed Care,79,Female,English,Portal,0,0,1,0,0,0,0,0,0,1,1.32,High,6,0,0,1,3,,145,0,0,0,0,1,0,0,0,0,0,6,0.78,1,0,No,No,Yes,Yes,No,2,2026-08-26,36,0,0,1,1,1,0,0,0,1,Current,29,0,0,Adequate,Appointment Preparation,2,Social Resource Referral,4,2026-09-30,1,P2,0
2026-10-01,PT-000442,CM-014,Pharmacy,Southeast,Commercial Complex Care,42,Male,Unknown,Phone,0,0,0,0,0,0,0,0,0,0,0.7,Low,0,0,0,0,,,136,0,0,0,0,0,0,0,0,0,0,1,0.89,0,0,No,Yes,No,Unknown,Yes,2,2026-08-19,43,0,0,0,0,0,1,0,0,0,Current,36,0,0,Limited,Appointment Preparation,0,Patient Education,2,2026-09-27,1,P4,0
2026-10-01,PT-000443,CM-014,CareMgmt,Midwest,Medicare Advantage,72,Female,English,Phone,0,0,0,0,0,0,0,0,0,0,0.57,Low,0,0,0,0,,,118,0,0,0,0,0,1,0,0,0,0,1,1.0,0,0,No,No,No,No,Yes,1,2026-08-30,32,0,1,1,0,0,0,0,1,1,Overdue,181,0,1,Adequate,Appointment Preparation,1,Provider Follow-up,7,2026-09-30,1,P2,0
2026-10-01,PT-000444,CM-016,EHR,Midwest,Dual Eligible,81,Female,Spanish,Phone,1,1,1,0,0,0,0,0,0,3,1.4,Medium,4,0,0,0,,,125,0,0,0,0,0,0,0,0,0,0,8,0.83,0,1,No,No,No,No,No,0,2026-09-01,30,1,0,0,0,0,0,1,0,1,Current,39,0,1,Low,Appointment Preparation,0,Social Resource Referral,6,2026-09-30,1,P2,0
2026-10-01,PT-000445,CM-017,Claims,Mid-Atlantic,Medicare Advantage,86,Female,English,Phone,0,0,0,0,0,0,0,0,1,0,0.78,Low,0,0,0,0,,,141,0,0,0,0,0,0,0,0,0,0,2,0.8,0,0,No,No,No,No,No,0,2026-09-08,23,0,1,0,0,0,0,0,0,0,Current,17,0,0,Adequate,Medication,0,Patient Outreach,4,2026-10-02,0,P3,0
2026-10-01,PT-000446,CM-007,EHR,Mid-Atlantic,Medicare Advantage,55,Male,English,Phone,0,0,0,0,0,0,0,0,0,0,0.45,Low,1,0,0,0,,,132,0,0,0,0,0,0,0,0,0,0,3,0.87,0,0,No,No,Yes,No,No,1,2026-08-26,36,0,0,0,0,0,0,0,0,2,Needs Review,92,0,0,Adequate,Medication,0,Patient Outreach,0,2026-10-02,0,P3,0
2026-10-01,PT-000447,CM-003,CareMgmt,Southeast,Medicare Advantage,70,Female,English,Portal,0,1,0,0,0,0,0,1,0,2,0.94,Medium,0,0,0,0,,,146,0,0,0,1,0,0,0,0,0,0,6,0.74,1,0,No,No,Unknown,No,Yes,1,2026-09-17,14,0,0,0,1,0,0,0,0,2,Overdue,360,0,0,Adequate,Medication,2,Care Gap Closure,0,2026-10-01,0,P3,0
2026-10-01,PT-000448,CM-010,Pharmacy,Northeast,Medicare Advantage,70,Male,English,Portal,0,1,1,0,0,0,0,0,0,2,1.29,Medium,0,0,0,0,,,141,0,0,0,1,1,0,0,0,0,0,4,0.97,0,0,Yes,No,No,No,No,1,2026-08-28,34,0,0,0,0,0,0,1,0,3,Needs Review,122,0,0,Low,Medication,2,Post-Discharge Follow-up,2,2026-10-02,0,P3,0
2026-10-01,PT-000449,CM-011,Claims,Midwest,Dual Eligible,66,Male,Russian,Phone,0,0,1,0,1,0,0,0,0,2,1.31,High,1,0,0,0,,,139,0,0,0,0,0,0,1,0,0,0,7,0.89,0,0,Yes,Yes,No,No,Yes,3,2026-09-12,19,0,0,0,0,0,1,0,0,1,Current,71,0,0,Adequate,Diet/Lifestyle,1,Social Resource Referral,5,2026-09-30,1,P3,0
2026-10-01,PT-000450,CM-002,Claims,Midwest,Medicaid Managed Care,60,Female,English,Portal,0,0,0,1,0,0,0,0,0,1,0.7,Low,0,0,0,0,,,139,0,0,0,0,0,0,1,0,0,0,3,0.93,0,1,Yes,No,Unknown,Unknown,No,1,2026-09-14,17,1,0,0,1,0,0,0,0,2,Not Started,,0,0,Unknown,None,1,Patient Outreach,0,2026-09-28,1,P3,0
2026-10-01,PT-000451,CM-012,CareMgmt,Mid-Atlantic,Medicare Advantage,79,Female,Chinese,Phone,0,1,0,0,0,0,0,0,0,1,0.86,Low,0,0,0,0,,,141,0,0,0,1,0,1,0,0,0,0,7,0.79,1,1,No,No,No,No,No,0,2026-09-08,23,1,0,0,1,0,0,0,0,2,Needs Review,95,1,0,Adequate,Diet/Lifestyle,3,Patient Outreach,0,2026-09-29,1,P2,0
2026-10-01,PT-000452,CM-017,CareMgmt,Northeast,Medicaid Managed Care,39,Male,English,Phone,0,0,0,0,0,0,0,0,0,0,0.68,Low,0,0,0,0,,,115,0,0,0,0,0,0,0,0,0,1,5,0.57,1,1,No,No,No,Unknown,No,0,2026-09-07,24,0,0,0,0,0,0,0,0,0,Current,59,0,0,Adequate,Medication,2,Patient Education,4,2026-09-30,1,P4,0
2026-10-01,PT-000453,CM-008,Pharmacy,Southeast,Medicare Advantage,67,Male,Spanish,Phone,0,0,0,0,0,0,0,0,0,0,1.08,Low,0,0,0,0,,,91,0,0,0,0,0,0,0,0,0,0,0,0.74,0,0,Yes,No,No,No,No,1,2026-08-16,46,1,1,1,1,0,0,0,0,3,Needs Review,97,0,0,Adequate,Appointment Preparation,0,Care Gap Closure,0,2026-09-27,1,P1,0
2026-10-01,PT-000454,CM-009,Claims,Southwest,Medicaid Managed Care,71,Male,English,Phone,0,1,1,0,0,0,0,0,0,2,1.66,Medium,0,0,0,0,,,139,0,0,0,0,0,0,1,0,0,0,5,0.73,1,0,No,No,No,No,No,0,2026-08-22,40,0,0,0,0,0,0,0,0,0,Needs Review,129,0,1,Adequate,Diet/Lifestyle,2,Medication Review,0,2026-10-04,0,P3,0
2026-10-01,PT-000455,CM-018,EHR,Mid-Atlantic,Medicare Advantage,83,Female,English,Phone,0,0,0,0,0,0,0,0,0,0,0.93,Low,0,0,0,0,,,147,0,0,0,0,1,0,0,0,0,0,5,1.0,0,1,Yes,No,No,No,No,1,2026-09-13,18,0,0,0,1,0,0,0,0,2,Current,19,0,0,Adequate,None,1,Social Resource Referral,7,2026-09-30,1,P2,0
2026-10-01,PT-000456,CM-015,Claims,Mid-Atlantic,Medicare Advantage,88,Female,English,Phone,0,1,0,0,0,0,0,0,0,1,0.96,Low,0,0,0,0,,,134,0,0,0,0,0,0,1,0,0,0,4,0.8,0,0,No,No,Yes,No,Yes,2,2026-08-28,34,1,0,0,0,0,0,0,0,0,Current,60,0,0,Adequate,None,1,Patient Education,0,2026-10-01,0,P1,0
2026-10-01,PT-000457,CM-003,Pharmacy,Mid-Atlantic,Medicare Advantage,79,Male,English,Phone,1,0,1,0,0,0,0,0,0,2,1.69,Medium,0,1,0,0,,8.9,135,1,0,0,0,0,0,1,0,0,0,8,0.82,0,1,Yes,No,No,No,No,1,2026-08-24,38,0,0,0,0,0,0,0,0,3,Needs Review,121,0,0,Adequate,Medication,2,Patient Outreach,8,2026-10-02,0,P2,0
2026-10-01,PT-000458,CM-002,Claims,Southwest,Medicaid Managed Care,48,Female,English,Caregiver,0,1,0,0,0,1,0,0,0,2,0.91,Low,0,0,0,0,,,123,0,0,0,0,0,0,0,0,0,0,7,0.73,1,0,Yes,No,No,No,Unknown,1,2026-10-01,0,0,0,0,0,0,0,0,0,0,Current,40,1,0,Limited,None,1,Care Gap Closure,5,2026-09-28,1,P2,0
2026-10-01,PT-000459,CM-003,EHR,Southwest,Medicare Advantage,70,Female,English,Phone,0,1,0,0,1,1,0,0,0,3,1.31,Medium,0,0,2,0,,,103,0,0,0,0,0,0,0,0,0,0,11,0.87,0,0,Yes,No,No,No,No,1,2026-08-23,39,1,0,0,1,0,0,1,0,3,Current,70,0,0,Adequate,Diet/Lifestyle,0,Patient Outreach,8,2026-10-01,0,P4,0
2026-10-01,PT-000460,CM-016,CareMgmt,Southwest,Medicaid Managed Care,74,Male,Other,Phone,0,0,0,0,0,0,1,0,0,1,0.88,Low,0,0,0,0,,,152,0,0,0,0,0,0,0,0,0,0,3,0.7,1,0,No,No,No,No,Yes,1,2026-07-31,62,0,0,1,0,0,0,0,0,2,Overdue,220,0,0,Adequate,Appointment Preparation,1,Social Resource Referral,3,2026-10-03,0,P4,0
2026-10-01,PT-000461,CM-008,EHR,Northeast,Dual Eligible,78,Female,English,Caregiver,0,1,0,0,1,0,1,0,0,3,1.69,Medium,0,0,0,0,,,151,0,0,0,1,0,0,1,0,0,0,7,0.84,0,0,No,Yes,No,No,No,1,,27,0,0,0,0,0,0,0,0,1,Current,66,0,0,Adequate,None,2,Medication Review,1,2026-10-01,0,P3,0
2026-10-01,PT-000462,CM-009,Pharmacy,Northeast,Medicaid Managed Care,51,Female,English,Portal,0,0,0,0,0,1,0,0,0,1,1.1,Low,0,0,0,0,,,129,0,0,0,0,0,0,0,0,0,0,6,0.99,0,0,Yes,No,Yes,No,No,2,2026-08-23,39,0,0,0,0,0,0,0,0,2,Current,69,0,0,Adequate,Medication,0,Medication Review,0,2026-09-29,1,P2,0
2026-10-01,PT-000463,CM-006,Pharmacy,Midwest,Medicare Advantage,61,Female,English,Phone,1,1,0,0,1,0,0,0,0,3,1.74,Medium,0,0,0,0,,9.2,127,1,1,0,0,1,0,0,0,0,0,9,0.88,0,1,Yes,Yes,No,No,No,2,2026-09-22,9,0,0,0,0,0,1,1,1,2,Current,41,1,0,Unknown,Medication,3,Post-Discharge Follow-up,0,2026-10-03,0,P1,1
2026-10-01,PT-000464,CM-010,EHR,Northeast,Medicare Advantage,79,Female,Spanish,Phone,0,0,0,1,0,0,0,0,0,1,1.54,Medium,0,0,0,0,,,141,0,0,0,0,0,0,0,0,0,0,6,0.74,1,0,No,Yes,Unknown,No,Yes,2,2026-09-21,10,0,1,0,0,0,0,0,0,2,Overdue,352,0,0,Adequate,Appointment Preparation,1,Social Resource Referral,4,2026-10-03,0,P3,0
2026-10-01,PT-000465,CM-002,HIE,Southeast,Medicare Advantage,71,Male,Spanish,SMS,1,0,0,0,0,0,0,0,0,1,0.24,Low,0,1,0,0,,7.2,135,0,0,0,0,0,0,0,0,0,0,5,1.0,0,0,No,No,No,No,No,0,2026-09-02,29,4,0,0,0,0,0,0,0,1,Overdue,159,0,0,Limited,None,0,Care Plan Update,3,2026-09-28,1,P4,0
2026-10-01,PT-000466,CM-010,Pharmacy,Southeast,Medicare Advantage,86,Male,English,Phone,1,0,1,0,0,0,0,0,0,2,1.11,Medium,4,0,0,0,,,134,1,0,0,0,0,0,0,0,0,0,7,0.95,0,0,Unknown,No,No,No,No,0,2026-09-09,22,0,0,0,1,0,0,0,0,2,Needs Review,149,0,0,Limited,Diabetes,1,Patient Outreach,1,2026-09-30,1,P3,1
2026-10-01,PT-000467,CM-010,Pharmacy,Southeast,Medicare Advantage,73,Female,Spanish,Phone,1,0,1,0,1,0,1,0,0,4,1.72,High,0,0,2,1,29,6.7,173,0,0,0,0,1,1,0,0,0,1,11,0.91,0,1,No,Yes,No,No,Unknown,1,2026-08-31,31,0,0,0,0,0,1,0,0,2,Needs Review,98,0,1,Limited,Discharge Instructions,3,Social Resource Referral,0,2026-10-01,0,P1,0
2026-10-01,PT-000468,CM-003,HIE,Mid-Atlantic,Dual Eligible,78,Female,Spanish,Portal,0,1,0,0,0,0,0,0,0,1,1.23,Low,0,0,0,0,,,128,0,0,0,0,0,0,0,0,0,0,2,0.62,1,1,No,No,Yes,No,No,1,2026-09-01,30,0,0,0,0,0,0,0,0,0,Current,37,0,1,Adequate,None,1,Care Plan Update,3,2026-09-29,1,P3,0
2026-10-01,PT-000469,CM-005,Pharmacy,Northeast,Commercial Complex Care,47,Female,English,Phone,0,0,0,0,0,1,0,0,0,1,0.52,Low,0,0,0,0,,,119,0,0,0,0,0,0,1,0,1,0,0,0.59,0,0,No,No,No,No,No,0,2026-08-26,36,0,0,0,0,0,0,0,0,2,Needs Review,106,0,0,Adequate,Appointment Preparation,2,Care Gap Closure,6,2026-10-01,0,P3,0
2026-10-01,PT-000470,CM-011,Claims,Mid-Atlantic,Commercial Complex Care,46,Male,Spanish,SMS,1,0,0,0,0,0,0,0,0,1,0.85,Low,0,0,0,0,,9.6,153,1,0,1,0,0,0,0,0,0,0,1,0.85,0,0,No,Yes,No,No,No,1,2026-09-02,29,1,1,0,0,0,0,0,0,0,Current,55,0,0,Limited,Medication,2,Patient Education,3,2026-10-04,0,P4,0
2026-10-01,PT-000471,CM-015,Pharmacy,Northeast,Dual Eligible,85,Female,English,Caregiver,1,1,1,1,0,1,0,0,0,5,1.94,High,0,0,0,0,,6.0,156,0,1,0,1,0,0,0,0,0,1,10,0.73,1,0,Yes,No,No,No,No,1,2026-10-01,0,0,0,0,0,0,0,0,0,1,Overdue,313,0,0,Adequate,COPD,4,Patient Outreach,5,2026-09-27,1,P3,0
2026-10-01,PT-000472,CM-003,EHR,Northeast,Medicaid Managed Care,60,Male,Spanish,Phone,0,1,0,1,0,1,0,0,0,3,0.61,High,2,0,0,1,12,,136,0,0,0,0,0,1,0,0,0,0,11,0.53,1,0,No,No,No,No,Yes,1,2026-09-13,18,0,0,0,1,0,0,0,0,2,Current,81,0,0,Adequate,Medication,2,Patient Outreach,4,2026-09-28,1,P3,0
2026-10-01,PT-000473,CM-002,HIE,Northeast,Medicare Advantage,79,Male,Spanish,Phone,1,1,1,0,1,0,0,0,0,4,2.15,High,0,0,2,0,,7.5,157,0,0,0,1,0,0,0,0,0,0,8,1.0,0,0,No,Yes,No,No,No,1,2026-09-13,18,0,0,0,0,1,1,0,0,4,Current,87,0,0,Adequate,Appointment Preparation,1,Care Gap Closure,4,2026-09-27,1,P3,0
2026-10-01,PT-000474,CM-013,CareMgmt,Midwest,Medicare Advantage,74,Male,Bengali,Portal,0,0,0,0,0,0,0,0,0,0,0.7,Low,0,0,0,0,,,141,0,0,0,0,0,0,1,0,1,0,5,0.76,1,0,No,No,No,Unknown,No,0,2026-08-25,37,0,0,0,0,0,0,0,0,1,Overdue,313,0,0,Adequate,Medication,3,Patient Education,2,2026-10-06,0,P3,0
2026-10-01,PT-000475,CM-015,Claims,Northeast,Medicaid Managed Care,83,Female,English,Phone,0,1,0,0,0,1,1,0,0,3,0.89,Medium,0,0,0,0,,,135,0,0,0,0,0,0,0,0,0,0,10,0.72,1,0,No,No,No,No,No,0,2026-09-21,10,0,1,0,0,0,0,0,0,2,Current,24,0,0,Adequate,None,1,Social Resource Referral,0,2026-10-05,0,P4,0
2026-10-01,PT-000476,CM-006,CareMgmt,Midwest,Medicare Advantage,69,Male,English,Phone,0,0,1,0,0,0,0,0,0,1,1.1,Low,0,0,0,0,,,109,0,0,0,0,0,0,0,0,0,0,5,1.0,0,0,No,No,No,No,No,0,2026-08-30,32,0,0,0,0,0,0,0,0,0,Overdue,275,0,0,Limited,Diabetes,0,Care Gap Closure,0,2026-10-04,0,P3,0
2026-10-01,PT-000477,CM-005,Claims,Southeast,Medicare Advantage,73,Female,English,Phone,0,0,0,0,0,0,0,0,1,0,0.7,Low,0,0,0,0,,,147,0,0,0,0,0,0,1,0,0,0,7,0.88,0,0,Yes,No,Yes,No,No,2,2026-08-04,58,0,1,0,0,0,0,0,0,1,Current,59,0,0,Adequate,Medication,1,Medication Review,0,2026-09-30,1,P2,0
2026-10-01,PT-000478,CM-018,CareMgmt,Mid-Atlantic,Medicaid Managed Care,62,Male,Spanish,Phone,0,0,0,0,0,1,0,0,0,1,0.59,Low,1,0,0,0,,,143,0,0,0,0,0,0,0,0,0,0,4,0.7,1,0,No,No,No,No,Yes,1,2026-09-01,30,0,0,0,0,0,0,0,0,2,Overdue,288,0,0,Adequate,Diet/Lifestyle,1,Care Plan Update,0,2026-10-01,0,P3,0
2026-10-01,PT-000479,CM-013,CareMgmt,Southeast,Medicare Advantage,66,Female,Other,Portal,1,1,0,0,1,0,0,1,0,4,1.63,Medium,0,0,0,0,,,157,1,0,0,1,0,0,0,1,0,0,7,0.8,0,0,No,No,No,No,No,0,2026-08-20,42,0,1,0,0,0,0,0,1,1,Current,88,0,0,Adequate,Medication,3,Care Gap Closure,0,2026-10-01,0,P1,0
2026-10-01,PT-000480,CM-005,CareMgmt,Southeast,Medicare Advantage,74,Female,English,Portal,0,1,0,0,1,0,0,0,0,2,1.09,Medium,0,0,0,0,,,146,0,0,0,1,0,0,0,0,0,0,7,0.73,1,0,No,No,No,No,No,0,2026-09-06,25,0,0,0,0,0,0,0,0,0,Current,87,0,0,Adequate,Medication,2,Care Gap Closure,4,2026-10-03,0,P3,0
2026-10-01,PT-000481,CM-011,CareMgmt,Northeast,Dual Eligible,73,Female,Spanish,Phone,1,1,0,0,0,0,0,0,0,2,0.81,Medium,1,0,0,1,2,10.6,120,0,0,0,0,1,1,0,0,0,0,7,0.92,0,1,No,No,Yes,No,Yes,2,2026-09-02,29,0,0,0,0,0,0,0,0,1,Current,61,0,0,Adequate,Medication,2,Patient Education,6,2026-10-03,0,P3,0
2026-10-01,PT-000482,CM-003,HIE,Mid-Atlantic,Medicare Advantage,73,Female,English,Phone,1,0,0,0,0,0,0,0,0,1,1.19,Medium,1,0,0,1,26,5.6,131,0,1,1,0,0,1,0,0,0,1,5,1.0,0,1,Yes,No,No,No,No,1,2026-08-04,58,0,1,0,0,1,0,1,0,2,Current,4,0,0,Low,COPD,4,Patient Outreach,2,2026-10-01,0,P4,0
2026-10-01,PT-000483,CM-018,Claims,Southeast,Medicare Advantage,72,Female,English,Phone,0,0,0,0,0,0,0,0,0,0,1.35,Low,1,0,0,0,,,116,0,0,0,0,0,0,0,0,0,0,5,0.81,0,0,No,Unknown,No,No,No,0,2026-08-27,35,0,1,0,0,0,0,0,0,1,Needs Review,148,0,0,Adequate,Diet/Lifestyle,0,Patient Outreach,6,2026-09-30,1,P2,0
2026-10-01,PT-000484,CM-014,EHR,Northeast,Medicare Advantage,86,Female,English,SMS,0,1,0,0,0,0,0,0,0,1,0.56,Low,0,0,0,0,,,158,0,0,0,1,0,0,0,0,0,0,10,0.71,1,0,No,No,No,No,No,0,2026-10-01,0,0,1,0,0,0,0,0,0,0,Current,65,2,0,Adequate,Diet/Lifestyle,2,Patient Outreach,3,2026-09-30,1,P4,0
2026-10-01,PT-000485,CM-006,CareMgmt,Northeast,Medicare Advantage,70,Male,English,Phone,1,0,0,0,1,1,0,0,0,3,1.22,Medium,0,0,0,0,,,164,1,0,0,0,1,0,0,0,0,0,5,1.0,0,0,No,No,No,No,No,0,2026-09-03,28,5,0,0,0,0,0,0,0,2,Needs Review,119,1,0,Adequate,Diabetes,2,Patient Outreach,8,2026-09-27,1,P3,0
2026-10-01,PT-000486,CM-017,EHR,Southeast,Medicare Advantage,75,Male,Russian,Phone,1,0,1,0,0,1,0,0,0,3,1.42,Medium,0,0,1,0,,9.3,156,0,1,1,0,0,0,0,1,0,0,9,0.92,0,0,Yes,No,No,No,No,1,2026-09-07,24,0,1,0,0,0,0,1,1,2,Needs Review,120,0,0,Adequate,Medication,3,Patient Outreach,0,2026-10-06,0,P4,0
2026-10-01,PT-000487,CM-002,CareMgmt,Northeast,Dual Eligible,80,Female,English,Phone,0,1,0,0,0,0,0,0,0,1,1.09,Low,0,0,0,0,,,141,0,0,0,1,0,0,0,0,0,0,7,0.81,0,0,Yes,No,No,No,No,1,2026-09-11,20,0,1,0,1,0,0,1,0,2,Needs Review,91,0,1,Limited,Diet/Lifestyle,1,Patient Outreach,0,2026-09-28,1,P3,0
2026-10-01,PT-000488,CM-009,EHR,Southwest,Dual Eligible,88,Male,Russian,Caregiver,1,0,0,0,1,0,0,0,0,2,1.27,Medium,0,0,0,0,,6.7,146,1,1,0,0,0,0,0,0,0,0,6,1.0,0,1,No,Unknown,Yes,No,No,1,2026-08-25,37,2,0,0,0,0,0,0,0,1,Current,19,0,1,Low,CHF,2,Patient Outreach,2,2026-10-04,0,P2,0
2026-10-01,PT-000489,CM-017,CareMgmt,Midwest,Medicare Advantage,84,Male,Other,Portal,0,1,0,0,1,0,0,0,0,2,1.53,Medium,0,0,1,0,,,130,0,0,0,0,0,0,0,0,0,0,6,0.75,1,0,No,No,No,No,No,0,2026-08-24,38,0,0,0,0,0,0,0,0,3,Current,49,1,0,Adequate,None,1,Patient Outreach,6,2026-09-29,1,P2,0
2026-10-01,PT-000490,CM-015,HIE,Northeast,Medicare Advantage,66,Female,English,SMS,0,1,0,0,1,1,0,0,0,3,1.45,Medium,1,0,0,0,,,140,0,0,0,1,0,0,1,1,0,0,7,1.0,0,0,No,No,No,No,No,0,2026-08-10,52,0,0,0,0,0,0,0,0,2,Current,17,0,0,Limited,None,3,Patient Education,5,2026-09-30,1,P4,0
2026-10-01,PT-000491,CM-018,CareMgmt,Midwest,Medicare Advantage,84,Female,English,Phone,1,0,0,0,0,0,0,0,0,1,0.99,Low,0,0,0,0,,7.6,112,1,1,0,0,0,0,0,0,0,0,7,1.0,0,1,No,Unknown,No,No,Yes,1,2026-08-27,35,0,1,1,0,0,0,0,0,1,Current,81,0,0,Adequate,None,2,Medication Review,2,2026-09-28,1,P3,0
2026-10-01,PT-000492,CM-018,Pharmacy,Midwest,Medicare Advantage,63,Male,Spanish,SMS,0,0,0,0,0,0,0,0,0,0,0.94,Low,0,0,0,0,,,153,0,0,0,0,0,0,0,0,0,0,5,0.81,0,0,No,No,No,No,No,0,2026-08-31,31,2,0,0,0,0,0,1,0,1,Needs Review,113,0,0,Unknown,None,0,Patient Education,0,2026-10-02,0,P3,0
2026-10-01,PT-000493,CM-001,CareMgmt,Mid-Atlantic,Medicaid Managed Care,30,Male,English,Caregiver,0,1,0,0,0,1,0,0,0,2,1.0,Low,0,0,0,0,,,134,0,0,0,0,0,0,1,1,0,0,5,0.84,0,0,No,No,No,No,No,0,2026-09-19,12,1,0,0,0,0,0,0,0,4,Overdue,341,0,0,Adequate,Diabetes,2,Care Gap Closure,7,2026-09-27,1,P3,0
2026-10-01,PT-000494,CM-011,EHR,Northeast,Medicaid Managed Care,70,Male,English,SMS,0,1,0,0,0,0,0,0,0,1,0.6,Low,0,0,0,0,,,115,0,0,0,0,1,1,0,0,0,0,6,0.76,1,0,No,No,Unknown,No,No,0,2026-09-23,8,1,0,1,1,0,0,1,0,3,Current,54,0,0,Adequate,Medication,3,Patient Education,0,2026-09-30,1,P3,0
2026-10-01,PT-000495,CM-002,CareMgmt,Northeast,Medicare Advantage,71,Female,Spanish,Phone,0,0,0,1,0,0,1,0,0,2,0.76,Low,0,0,0,0,,,111,0,0,0,0,0,0,1,0,0,0,6,0.82,0,0,No,No,No,No,No,0,2026-09-18,13,0,1,0,0,0,0,0,0,3,Current,16,0,0,Adequate,None,1,Patient Outreach,0,2026-09-30,1,P4,0
2026-10-01,PT-000496,CM-003,CareMgmt,Midwest,Medicare Advantage,64,Female,English,Phone,1,1,1,0,0,1,0,0,0,4,1.4,High,0,0,0,0,,5.2,128,1,0,0,0,0,0,0,0,0,0,11,0.74,1,1,No,No,No,Yes,No,1,2026-09-05,26,0,0,0,0,0,0,0,0,1,Needs Review,143,0,1,Limited,Diabetes,2,Provider Follow-up,4,2026-10-03,0,P2,0
2026-10-01,PT-000497,CM-010,CareMgmt,Northeast,Medicare Advantage,67,Male,English,Phone,0,1,0,0,0,0,0,0,0,1,0.94,Low,0,0,0,0,,,136,0,0,0,0,0,0,0,1,0,0,5,0.88,0,0,No,No,Unknown,No,No,0,2026-08-26,36,1,0,0,0,0,0,0,1,0,Overdue,218,0,0,Adequate,Discharge Instructions,1,Provider Follow-up,1,2026-09-30,1,P4,0
2026-10-01,PT-000498,CM-013,CareMgmt,Mid-Atlantic,Medicare Advantage,62,Male,English,Phone,0,1,0,1,0,0,0,0,0,2,0.83,Medium,2,0,2,0,,,124,0,0,0,0,0,0,0,1,0,0,5,0.95,0,0,Yes,No,No,No,No,1,2026-08-27,35,0,0,0,0,0,0,0,0,1,Current,40,0,0,Limited,Diet/Lifestyle,1,Patient Outreach,0,2026-10-02,0,P3,0
2026-10-01,PT-000499,CM-009,Claims,Northeast,Medicaid Managed Care,58,Female,Chinese,SMS,0,1,0,0,0,1,0,0,0,2,1.12,Medium,0,0,0,0,,,123,0,0,0,0,0,0,1,0,0,0,6,0.66,1,1,Yes,No,No,No,No,1,2026-08-20,42,1,0,0,0,0,0,0,0,4,Current,69,0,0,Low,Diet/Lifestyle,2,Patient Outreach,1,2026-10-03,0,P3,0
2026-10-01,PT-000500,CM-005,Pharmacy,Midwest,Medicare Advantage,60,Female,Unknown,SMS,0,0,0,0,0,1,1,0,0,2,0.73,Low,0,1,0,0,,,125,0,0,0,0,0,0,0,0,0,0,6,0.84,0,0,No,Yes,No,No,Yes,2,2026-08-03,59,0,0,0,0,0,1,0,0,1,Current,27,0,0,Adequate,Medication,0,Care Plan Update,0,2026-09-30,1,P3,0
2026-10-01,PT-000501,CM-015,Claims,Midwest,Dual Eligible,70,Female,English,SMS,1,0,0,0,1,0,0,0,0,2,1.32,Medium,2,0,0,0,,6.8,140,0,1,0,0,0,0,0,0,0,0,10,0.75,1,0,No,No,No,No,No,0,2026-09-15,16,0,0,0,0,0,0,0,0,4,Current,32,0,0,Unknown,Diet/Lifestyle,2,Patient Education,2,2026-09-28,1,P3,0
2026-10-01,PT-000502,CM-013,Claims,Midwest,Medicaid Managed Care,46,Female,English,Caregiver,0,0,0,0,0,0,0,0,0,0,0.5,Low,0,0,0,0,,,131,0,0,0,0,0,0,1,0,0,0,7,0.84,0,0,No,No,Unknown,No,No,0,2026-10-01,0,0,1,0,0,0,0,0,0,2,Current,82,0,0,Limited,Diet/Lifestyle,1,Patient Outreach,0,2026-10-01,0,P3,0
2026-10-01,PT-000503,CM-008,Pharmacy,Southwest,Medicare Advantage,73,Male,Spanish,Caregiver,0,0,0,0,1,0,0,0,0,1,0.91,Medium,0,0,2,1,19,,155,0,0,0,0,1,0,1,0,0,0,7,0.87,0,0,Unknown,Yes,No,No,Unknown,1,2026-09-25,6,0,0,0,0,0,1,0,0,0,Current,53,0,0,Adequate,None,2,Care Gap Closure,1,2026-10-04,0,P2,1
2026-10-01,PT-000504,CM-004,CareMgmt,Midwest,Medicare Advantage,80,Male,English,Phone,0,1,0,0,1,0,0,0,1,2,1.16,Medium,1,0,1,0,,,143,0,0,0,1,0,0,1,0,0,0,3,0.79,1,0,No,No,No,No,No,0,2026-09-02,29,0,0,0,0,0,0,0,0,4,Current,69,0,0,Adequate,COPD,3,Patient Outreach,0,2026-10-03,0,P2,0
2026-10-01,PT-000505,CM-006,Pharmacy,Northeast,Medicaid Managed Care,41,Female,English,Phone,1,0,0,0,0,0,0,0,0,1,0.69,Low,0,0,0,0,,7.9,154,0,0,1,0,0,0,0,1,0,0,10,0.87,0,1,No,No,No,No,No,0,2026-08-23,39,0,1,0,0,0,0,0,0,1,Current,24,0,0,Adequate,Diet/Lifestyle,2,Care Gap Closure,6,2026-10-03,0,P4,0
2026-10-01,PT-000506,CM-002,Pharmacy,Southwest,Medicaid Managed Care,52,Male,English,Phone,0,0,0,0,0,0,0,0,0,0,0.27,Low,0,0,0,0,,,92,0,0,0,0,0,0,0,1,0,0,2,0.78,1,0,No,Yes,No,No,No,1,2026-09-02,29,4,0,0,0,0,1,0,0,0,Not Started,,0,0,Adequate,None,2,Social Resource Referral,7,2026-09-28,1,P3,0
2026-10-01,PT-000507,CM-013,HIE,Mid-Atlantic,Medicaid Managed Care,48,Male,English,SMS,0,1,0,0,0,0,0,0,0,1,0.8,Medium,3,0,0,0,,,133,0,0,0,0,0,0,1,0,0,0,5,0.76,1,0,Yes,No,No,No,Yes,2,2026-08-06,56,0,1,0,1,0,0,0,0,0,Current,35,0,0,Adequate,None,2,Patient Outreach,0,2026-10-01,0,P1,0
2026-10-01,PT-000508,CM-015,Pharmacy,Northeast,Dual Eligible,75,Male,Other,Phone,0,0,0,1,1,0,0,0,0,2,1.41,Medium,3,0,0,0,,,127,0,0,0,0,0,0,1,0,0,0,4,0.87,0,0,No,No,No,No,Unknown,0,2026-08-25,37,0,1,0,0,0,0,0,0,4,Current,87,0,0,Adequate,None,1,Social Resource Referral,5,2026-09-27,1,P1,0
2026-10-01,PT-000509,CM-004,CareMgmt,Midwest,Medicare Advantage,95,Female,English,Phone,1,0,0,0,1,0,0,0,0,2,1.29,Low,0,0,0,0,,6.1,133,1,0,0,0,0,0,0,1,0,0,6,1.0,0,0,No,No,No,No,No,0,2026-08-28,34,0,0,0,0,0,0,0,0,2,Current,24,1,0,Adequate,Diet/Lifestyle,2,Patient Outreach,2,2026-09-28,1,P1,0
2026-10-01,PT-000510,CM-015,HIE,Mid-Atlantic,Medicaid Managed Care,43,Female,English,Portal,1,0,0,0,0,0,0,0,0,1,0.57,Low,0,0,0,0,,,122,0,0,0,0,0,0,0,0,0,1,9,0.73,1,1,No,No,No,No,No,0,2026-09-26,5,0,1,0,0,0,0,0,0,2,Current,78,1,0,Unknown,Diet/Lifestyle,2,Provider Follow-up,3,2026-09-30,1,P3,0
2026-10-01,PT-000511,CM-010,Claims,Southeast,Medicare Advantage,75,Male,English,SMS,1,0,0,0,0,0,0,0,0,1,0.4,Low,0,0,0,0,,5.2,137,1,0,0,0,1,0,0,0,0,1,3,0.66,1,1,Yes,No,No,No,No,1,2026-09-21,10,0,0,1,0,0,0,0,0,0,Needs Review,133,0,0,Limited,Medication,4,Patient Education,0,2026-10-03,0,P4,0
2026-10-01,PT-000512,CM-016,Claims,Northeast,Medicare Advantage,75,Female,English,Phone,1,0,0,0,0,0,0,0,0,1,1.02,Low,1,0,0,0,,8.9,129,0,0,0,0,0,0,1,0,0,0,2,0.84,0,1,No,No,No,No,No,0,2026-09-07,24,0,0,0,0,0,0,0,0,3,Current,73,0,0,Limited,None,1,Provider Follow-up,0,2026-10-04,0,P2,0
2026-10-01,PT-000513,CM-016,EHR,Southeast,Medicare Advantage,79,Female,English,SMS,0,1,0,0,0,0,0,0,0,1,0.87,Low,0,0,0,0,,,127,0,0,0,0,0,0,1,0,0,0,0,0.73,0,0,No,No,No,No,No,0,2026-09-09,22,0,0,0,0,0,0,0,0,2,Needs Review,110,0,0,Adequate,None,1,Medication Review,10,2026-10-05,0,P3,0
2026-10-01,PT-000514,CM-004,Pharmacy,Southwest,Commercial Complex Care,34,Male,English,Phone,0,1,0,0,0,0,0,0,0,1,1.05,Low,0,0,0,1,17,,157,0,0,0,1,1,0,0,0,0,0,10,0.94,0,0,No,No,No,No,No,0,2026-09-20,11,0,0,0,0,0,0,1,0,0,Overdue,336,0,0,Adequate,Discharge Instructions,2,Provider Follow-up,6,2026-09-29,1,P3,0
2026-10-01,PT-000515,CM-011,EHR,Midwest,Medicaid Managed Care,48,Female,English,Phone,0,1,0,0,0,0,0,0,0,1,0.2,Low,1,0,0,0,,,154,0,0,0,1,0,0,0,0,0,0,5,0.98,0,0,No,No,No,No,No,0,2026-09-03,28,1,0,0,0,0,0,0,0,2,Current,9,1,0,Adequate,Medication,1,Medication Review,4,2026-09-29,1,P3,0
2026-10-01,PT-000516,CM-015,HIE,Northeast,Medicare Advantage,62,Female,English,SMS,0,0,0,1,0,0,0,0,0,1,0.67,Low,0,0,0,0,,,142,0,0,0,0,0,0,0,1,0,0,3,0.81,0,0,No,No,No,No,No,0,2026-09-15,16,1,0,1,0,0,0,1,0,1,Needs Review,104,0,0,Unknown,Diet/Lifestyle,1,Medication Review,4,2026-10-02,0,P1,0
2026-10-01,PT-000517,CM-008,CareMgmt,Southwest,Medicaid Managed Care,57,Male,English,Phone,0,0,0,0,0,1,0,1,0,2,1.42,Medium,4,0,1,0,,,139,0,0,0,0,0,0,0,0,0,0,4,0.94,0,1,Yes,No,No,No,No,1,2026-09-17,14,0,0,0,0,0,0,0,0,1,Needs Review,101,0,0,Limited,Medication,0,Medication Review,4,2026-10-02,0,P1,0
2026-10-01,PT-000518,CM-015,CareMgmt,Mid-Atlantic,Medicaid Managed Care,35,Female,Chinese,SMS,0,0,0,0,0,0,0,1,0,1,1.15,Low,0,0,0,0,,,154,0,0,0,0,0,0,1,0,0,0,5,0.71,1,0,Yes,No,No,No,Yes,2,2026-08-20,42,0,0,0,0,0,0,0,0,3,Not Started,,0,0,Limited,Diet/Lifestyle,2,Care Gap Closure,0,2026-10-06,0,P3,0
2026-10-01,PT-000519,CM-017,HIE,Southeast,Medicaid Managed Care,46,Male,Chinese,Phone,1,1,1,0,0,1,0,0,0,4,1.36,High,0,0,0,0,,9.2,123,0,0,0,0,0,0,0,1,1,1,6,0.65,1,0,Yes,No,No,No,No,1,2026-08-22,40,0,0,0,0,0,0,1,0,3,Overdue,326,0,0,Limited,Diet/Lifestyle,4,Patient Outreach,5,2026-10-01,0,P2,0
2026-10-01,PT-000520,CM-012,Pharmacy,Mid-Atlantic,Medicare Advantage,77,Male,English,SMS,0,0,0,0,0,0,1,0,0,1,0.78,Low,0,0,0,0,,,123,0,0,0,0,0,0,0,0,0,0,4,0.87,0,0,No,No,No,No,No,0,2026-09-15,16,0,0,0,0,0,0,0,0,2,Current,6,0,0,Low,Discharge Instructions,0,Medication Review,0,2026-10-05,0,P2,0
2026-10-01,PT-000521,CM-014,EHR,Southeast,Dual Eligible,72,Female,English,Phone,0,0,0,0,0,0,1,0,0,1,1.09,Low,0,0,0,0,,,170,0,0,0,0,0,0,0,0,0,1,5,1.0,0,0,Yes,Yes,Yes,No,No,3,2026-09-03,28,0,1,0,0,0,1,0,0,1,Current,29,0,0,Adequate,Diet/Lifestyle,1,Patient Education,6,2026-10-03,0,P3,0
2026-10-01,PT-000522,CM-009,CareMgmt,Southwest,Medicare Advantage,65,Male,English,Phone,0,1,0,0,0,0,0,0,0,1,0.79,Low,0,0,0,0,,,133,0,0,0,0,0,0,1,0,0,0,4,0.92,0,0,No,No,No,No,Yes,1,2026-08-29,33,3,1,0,0,0,0,0,0,0,Overdue,279,0,0,Limited,Diet/Lifestyle,1,Post-Discharge Follow-up,3,2026-10-06,0,P2,0
2026-10-01,PT-000523,CM-017,EHR,Mid-Atlantic,Medicaid Managed Care,72,Female,Spanish,Phone,0,1,0,0,0,0,1,0,0,2,1.35,Low,0,0,0,0,,,132,0,0,0,0,0,0,0,1,0,0,10,0.82,0,0,No,No,No,No,Yes,1,2026-09-17,14,0,1,0,0,0,0,1,0,2,Current,53,0,0,Adequate,None,1,Patient Education,10,2026-10-04,0,P3,0
2026-10-01,PT-000524,CM-018,EHR,Northeast,Dual Eligible,68,Female,Bengali,SMS,1,0,1,0,0,0,0,0,0,2,1.24,Medium,1,0,0,0,,7.8,112,0,1,0,0,0,0,0,1,0,0,4,0.95,0,0,Yes,No,No,No,No,1,2026-09-27,4,6,1,0,0,0,0,1,0,0,Overdue,344,0,0,Low,CHF,2,Patient Outreach,1,2026-09-29,1,P4,0
2026-10-01,PT-000525,CM-011,EHR,Southeast,Dual Eligible,71,Male,English,Caregiver,1,1,0,0,0,1,0,0,0,3,1.15,Medium,0,0,0,0,,7.7,125,0,0,0,0,0,0,0,0,0,0,7,0.76,1,0,No,No,Unknown,No,No,0,2026-09-15,16,0,0,0,0,0,0,0,1,4,Needs Review,121,0,0,Adequate,Diet/Lifestyle,1,Patient Outreach,2,2026-09-28,1,P2,0
2026-10-01,PT-000526,CM-009,CareMgmt,Southeast,Dual Eligible,60,Male,English,Portal,0,0,0,0,0,0,0,0,0,0,1.01,Low,0,0,0,0,,,90,0,0,0,0,1,0,0,0,0,0,8,0.77,1,1,No,No,No,No,No,0,2026-09-08,23,0,0,0,0,0,0,0,0,1,Not Started,,0,0,Adequate,Medication,2,Medication Review,1,2026-10-02,0,P3,0
2026-10-01,PT-000527,CM-002,Pharmacy,Mid-Atlantic,Medicare Advantage,74,Male,English,Phone,0,1,0,0,0,0,1,0,0,2,1.07,Low,0,0,0,0,,,148,0,0,0,1,0,0,0,0,0,0,10,0.77,1,0,No,No,No,No,No,0,2026-08-30,32,0,1,0,0,0,0,0,0,2,Not Started,,0,0,Adequate,Diet/Lifestyle,2,Care Gap Closure,3,2026-09-29,1,P3,0
2026-10-01,PT-000528,CM-016,Claims,Southeast,Medicare Advantage,79,Male,English,Portal,0,1,0,0,0,0,0,0,1,1,0.29,Low,0,0,0,0,,,145,0,0,0,1,0,0,0,0,0,0,4,0.78,1,0,No,No,Unknown,No,No,0,2026-08-21,41,0,0,0,0,0,0,0,0,1,Current,51,1,0,Adequate,Medication,2,Patient Outreach,0,2026-09-30,1,P3,0
2026-10-01,PT-000529,CM-005,CareMgmt,Northeast,Medicare Advantage,64,Male,English,Phone,0,1,0,0,0,0,0,0,0,1,0.7,Medium,0,0,0,1,30,,138,0,0,0,0,1,0,0,0,0,0,7,0.82,0,0,No,No,No,No,Yes,1,2026-08-01,61,0,0,0,0,0,0,0,0,0,Overdue,179,1,0,Adequate,Appointment Preparation,1,Social Resource Referral,4,2026-10-03,0,P3,0
2026-10-01,PT-000530,CM-006,CareMgmt,Mid-Atlantic,Medicare Advantage,72,Female,English,Caregiver,1,0,0,0,0,0,0,0,0,1,1.06,Low,0,0,0,0,,8.4,130,1,0,0,0,1,0,0,0,0,1,5,0.96,0,0,Yes,Yes,No,No,No,2,2026-08-27,35,0,0,0,0,0,0,0,0,2,Needs Review,110,0,0,Adequate,None,3,Social Resource Referral,8,2026-09-27,1,P3,0
2026-10-01,PT-000531,CM-011,Pharmacy,Northeast,Dual Eligible,58,Female,Spanish,SMS,0,1,0,0,0,0,0,0,0,1,0.85,Low,0,0,0,0,,,138,0,0,0,0,0,0,1,0,0,0,4,0.91,0,1,No,Yes,No,Unknown,Yes,2,2026-09-06,25,0,1,0,1,0,1,1,0,0,Current,10,0,0,Low,Medication,1,Care Gap Closure,8,2026-10-06,0,P4,0
2026-10-01,PT-000532,CM-015,EHR,Midwest,Dual Eligible,85,Female,English,Phone,0,1,0,0,0,1,0,0,0,2,0.94,Medium,0,0,0,1,3,,136,0,0,0,0,0,1,0,0,0,0,7,0.9,0,0,No,Yes,No,No,No,1,2026-08-12,50,0,1,0,0,0,1,0,0,1,Current,54,0,0,Low,Appointment Preparation,1,Post-Discharge Follow-up,2,2026-09-30,1,P3,0
2026-10-01,PT-000533,CM-014,EHR,Midwest,Medicare Advantage,66,Male,English,Phone,0,1,1,1,0,0,0,0,0,3,1.45,High,6,0,0,0,,,149,0,0,0,1,0,0,0,1,0,0,9,0.72,1,1,No,No,Unknown,Yes,Yes,2,2026-08-16,46,0,0,1,0,0,0,1,0,3,Overdue,312,0,0,Adequate,Medication,3,Social Resource Referral,0,2026-09-27,1,P4,1
2026-10-01,PT-000534,CM-010,Pharmacy,Northeast,Medicare Advantage,67,Male,English,Phone,0,0,0,0,0,0,0,0,0,0,0.73,Low,0,0,0,0,,,166,0,0,0,0,0,0,0,0,0,0,4,0.92,0,0,No,Unknown,No,Yes,No,1,2026-09-09,22,1,0,0,0,0,0,0,0,2,Current,72,0,0,Limited,Medication,0,Patient Outreach,0,2026-10-02,0,P1,0
2026-10-01,PT-000535,CM-013,HIE,Midwest,Medicare Advantage,64,Female,English,SMS,0,1,0,0,0,0,0,1,0,2,1.1,Low,0,0,0,0,,,146,0,0,0,1,0,0,0,0,0,0,7,0.8,0,1,No,No,No,No,No,0,2026-08-27,35,1,0,0,0,0,0,1,0,1,Overdue,258,0,0,Low,Diet/Lifestyle,1,Patient Education,0,2026-10-02,0,P2,0
2026-10-01,PT-000536,CM-004,HIE,Northeast,Medicare Advantage,68,Female,English,Portal,0,0,0,0,1,0,0,0,0,1,0.77,Low,0,0,0,0,,,140,0,0,0,0,0,0,0,0,0,0,0,0.71,0,0,No,No,No,No,No,0,2026-09-03,28,0,1,0,0,0,0,1,0,1,Needs Review,103,0,0,Adequate,Diabetes,0,Care Plan Update,10,2026-10-02,0,P4,0
2026-10-01,PT-000537,CM-011,HIE,Midwest,Medicare Advantage,65,Male,English,Phone,0,0,0,0,0,0,0,0,0,0,0.43,Low,1,0,0,0,,,142,0,0,0,0,0,0,1,0,0,0,1,0.9,0,0,No,No,No,No,No,0,2026-09-29,2,0,1,0,0,0,0,0,0,0,Needs Review,116,1,0,Adequate,None,1,Social Resource Referral,0,2026-09-30,1,P1,0
2026-10-01,PT-000538,CM-003,CareMgmt,Northeast,Medicare Advantage,84,Female,English,Phone,1,1,0,0,1,0,0,0,0,3,1.82,Medium,0,0,0,0,,6.5,119,0,0,1,0,0,0,0,0,0,0,7,1.0,0,0,No,No,No,Unknown,No,0,2026-10-01,0,0,1,0,0,0,0,0,0,4,Current,83,2,0,Limited,Discharge Instructions,1,Patient Education,11,2026-09-28,1,P4,0
2026-10-01,PT-000539,CM-011,Claims,Northeast,Medicare Advantage,61,Female,English,Phone,0,0,0,0,1,1,0,0,0,2,0.73,Medium,0,0,0,0,,,107,0,0,0,0,1,0,0,1,0,0,10,0.79,1,0,No,Unknown,No,No,No,0,2026-09-13,18,2,0,0,0,0,0,0,0,0,Not Started,,0,0,Adequate,Medication,3,Care Gap Closure,4,2026-10-04,0,P2,0
2026-10-01,PT-000540,CM-011,Claims,Northeast,Commercial Complex Care,62,Female,Spanish,Phone,0,0,0,1,0,0,0,0,0,1,0.96,Low,0,0,0,0,,,116,0,0,0,0,0,0,0,1,0,0,5,0.9,0,0,No,No,No,No,No,0,2026-09-21,10,0,0,1,0,0,0,0,0,2,Current,20,0,0,Limited,Discharge Instructions,1,Patient Outreach,4,2026-10-02,0,P3,0
2026-10-01,PT-000541,CM-009,EHR,Southwest,Medicare Advantage,79,Female,English,SMS,0,0,0,1,0,0,1,0,1,2,1.16,Medium,0,0,0,0,,,142,0,0,0,0,0,0,0,0,0,1,6,0.68,1,1,No,No,Yes,No,No,1,2026-09-03,28,2,0,0,0,0,0,0,0,1,Needs Review,120,0,0,Adequate,Appointment Preparation,2,Patient Outreach,6,2026-10-05,0,P2,0
2026-10-01,PT-000542,CM-004,CareMgmt,Northeast,Medicare Advantage,90,Female,Spanish,SMS,1,0,0,0,0,0,0,0,0,1,1.25,Low,0,0,0,0,,7.0,110,0,0,1,0,0,0,0,0,0,0,5,0.8,0,0,No,No,No,Yes,No,1,2026-10-01,0,0,0,0,0,0,0,1,0,1,Overdue,296,0,1,Adequate,Medication,1,Care Gap Closure,0,2026-10-04,0,P1,0
2026-10-01,PT-000543,CM-009,CareMgmt,Northeast,Medicare Advantage,90,Female,English,Portal,1,1,1,1,1,0,1,0,0,6,2.35,High,2,0,0,0,,10.6,121,0,1,1,0,0,0,0,0,0,0,12,1.0,0,0,No,No,No,No,No,0,2026-09-01,30,6,0,0,0,0,0,1,0,4,Overdue,225,0,1,Low,None,2,Care Gap Closure,13,2026-10-02,0,P3,1
2026-10-01,PT-000544,CM-005,Pharmacy,Northeast,Medicare Advantage,70,Male,English,Phone,0,1,0,0,1,0,0,0,0,2,1.55,Low,1,1,0,0,,,90,0,0,0,0,0,0,0,0,0,0,8,0.86,0,0,No,Unknown,No,No,No,0,2026-09-05,26,4,1,0,0,0,0,0,0,1,Current,30,0,0,Adequate,CHF,0,Patient Outreach,3,2026-10-02,0,P4,0
2026-10-01,PT-000545,CM-008,CareMgmt,Mid-Atlantic,Medicare Advantage,65,Male,Spanish,Portal,1,0,0,1,0,0,0,0,0,2,1.35,Medium,0,0,0,0,,6.6,148,0,0,0,0,0,0,1,0,0,0,6,0.7,1,0,No,No,No,Yes,No,1,2026-09-04,27,2,1,0,0,0,0,1,0,1,Current,17,0,0,Adequate,Diet/Lifestyle,2,Patient Outreach,9,2026-09-30,1,P2,0
2026-10-01,PT-000546,CM-013,Pharmacy,Mid-Atlantic,Medicare Advantage,74,Male,Bengali,Caregiver,0,1,0,0,0,0,0,0,0,1,0.63,Low,0,0,0,0,,,139,0,0,0,0,0,0,1,0,0,1,5,0.89,0,0,No,No,Yes,No,No,1,2026-08-13,49,2,0,0,0,0,0,0,0,3,Needs Review,121,0,0,Adequate,Diet/Lifestyle,2,Medication Review,3,2026-09-29,1,P3,0
2026-10-01,PT-000547,CM-004,EHR,Northeast,Medicare Advantage,66,Female,English,Phone,0,1,0,0,0,0,0,0,0,1,0.68,Low,2,0,0,0,,,109,0,0,0,0,0,0,0,1,0,0,7,0.89,0,0,No,No,No,No,No,0,2026-08-25,37,0,0,0,0,0,0,0,0,1,Overdue,185,0,1,Adequate,CHF,1,Social Resource Referral,4,2026-09-28,1,P4,0
2026-10-01,PT-000548,CM-010,CareMgmt,Mid-Atlantic,Medicare Advantage,65,Male,Unknown,Portal,0,0,0,0,1,0,0,0,0,1,1.37,Low,0,0,0,0,,,123,0,0,0,0,0,1,0,0,0,0,0,0.83,0,0,No,No,No,No,No,0,2026-08-22,40,4,0,0,0,0,0,0,1,3,Current,39,0,0,Adequate,Medication,1,Provider Follow-up,6,2026-10-04,0,P4,0
2026-10-01,PT-000549,CM-013,HIE,Southeast,Medicare Advantage,76,Male,Other,Phone,0,0,0,0,0,0,0,0,0,0,1.07,Low,0,1,0,0,,,128,0,0,0,0,0,0,1,0,0,0,6,0.68,1,0,No,Yes,No,No,No,1,2026-08-27,35,0,1,0,0,0,0,0,0,0,Overdue,262,0,1,Adequate,None,2,Social Resource Referral,0,2026-10-04,0,P3,0
2026-10-01,PT-000550,CM-001,Pharmacy,Southeast,Medicaid Managed Care,39,Female,Russian,Phone,0,0,0,0,0,0,0,0,0,0,0.79,Low,0,0,0,0,,,169,0,0,0,0,0,0,0,0,0,0,6,0.72,1,0,No,No,No,No,Yes,1,2026-09-20,11,0,1,0,1,0,0,0,1,1,Overdue,311,0,0,Adequate,Diet/Lifestyle,1,Medication Review,0,2026-10-01,0,P1,0
2026-10-01,PT-000551,CM-002,Claims,Northeast,Medicare Advantage,75,Female,English,Phone,0,1,0,0,0,0,0,0,0,1,0.97,Low,0,0,0,0,,,136,0,0,0,0,1,0,1,0,0,0,6,0.86,0,0,Yes,No,No,Yes,No,2,2026-08-16,46,0,0,0,0,0,0,0,0,1,Overdue,198,0,0,Unknown,Appointment Preparation,2,Social Resource Referral,10,2026-09-28,1,P3,0
2026-10-01,PT-000552,CM-002,Claims,Mid-Atlantic,Medicare Advantage,71,Female,English,Caregiver,0,0,0,0,0,0,1,0,0,1,0.63,Low,1,0,0,0,,,145,0,0,0,0,0,0,0,0,0,0,7,0.79,1,0,No,No,No,No,No,0,2026-09-11,20,2,0,0,0,0,0,0,0,1,Needs Review,137,0,0,Limited,None,1,Care Plan Update,6,2026-10-03,0,P4,0
2026-10-01,PT-000553,CM-016,Pharmacy,Southeast,Commercial Complex Care,49,Female,Bengali,SMS,0,0,0,0,0,0,0,0,0,0,1.57,Low,0,0,0,0,,,133,0,0,0,0,0,0,0,0,0,0,5,0.94,0,0,No,No,No,Unknown,No,0,2026-09-05,26,0,0,0,0,0,0,0,0,3,Current,16,0,0,Limited,None,0,Provider Follow-up,0,2026-09-28,1,P4,0
2026-10-01,PT-000554,CM-009,Claims,Mid-Atlantic,Dual Eligible,88,Male,English,SMS,1,0,1,0,0,0,0,0,0,2,1.53,Medium,0,0,0,0,,8.2,130,0,1,0,0,0,0,1,0,0,1,8,0.93,0,0,No,No,Yes,No,Unknown,1,2026-09-05,26,3,1,0,0,0,0,1,0,0,Current,83,0,0,Adequate,CHF,3,Provider Follow-up,13,2026-10-01,0,P2,0
2026-10-01,PT-000555,CM-002,Claims,Mid-Atlantic,Commercial Complex Care,48,Male,English,Portal,0,0,0,0,0,0,0,0,0,0,0.88,Low,1,0,0,0,,,136,0,0,0,0,0,0,0,1,0,0,1,1.0,0,1,Yes,Unknown,No,No,Yes,2,2026-08-24,38,5,0,0,0,0,0,0,0,2,Needs Review,148,0,1,Limited,Medication,1,Patient Education,7,2026-09-28,1,P3,0
2026-10-01,PT-000556,CM-004,CareMgmt,Northeast,Medicare Advantage,74,Male,English,Phone,0,0,0,0,0,0,0,0,0,0,1.0,Low,0,0,0,0,,,122,0,0,0,0,0,0,0,0,0,0,2,0.74,1,0,No,No,Yes,No,No,1,2026-09-07,24,0,0,0,0,0,0,0,0,1,Needs Review,107,0,0,Limited,Medication,1,Medication Review,0,2026-10-04,0,P2,0
2026-10-01,PT-000557,CM-017,CareMgmt,Northeast,Medicaid Managed Care,48,Female,Bengali,Phone,0,0,0,0,0,0,0,0,0,0,0.63,Low,0,0,0,0,,,157,0,0,0,0,0,0,0,1,0,0,0,0.78,0,1,Yes,No,Unknown,No,No,1,2026-09-11,20,0,0,0,0,0,0,0,1,0,Overdue,157,0,0,Adequate,Medication,1,Patient Outreach,8,2026-10-04,0,P1,0
2026-10-01,PT-000558,CM-003,Claims,Southwest,Commercial Complex Care,35,Male,English,SMS,0,1,0,0,0,1,0,0,0,2,1.35,Low,0,0,0,0,,,166,0,0,0,1,1,0,0,0,0,0,9,0.87,0,0,No,No,Unknown,Yes,No,1,2026-09-18,13,2,0,0,0,0,0,0,1,2,Current,73,0,1,Unknown,Appointment Preparation,2,Provider Follow-up,8,2026-10-06,0,P3,0
2026-10-01,PT-000559,CM-014,Pharmacy,Northeast,Medicare Advantage,68,Male,English,Phone,0,0,0,0,0,0,1,0,0,1,1.15,Low,0,0,0,0,,,138,0,0,0,0,0,0,0,0,0,0,7,0.87,0,0,No,No,No,No,No,0,2026-10-01,0,3,0,0,0,0,0,0,0,0,Current,43,1,1,Adequate,Diet/Lifestyle,0,Care Gap Closure,12,2026-10-03,0,P3,0
2026-10-01,PT-000560,CM-017,CareMgmt,Midwest,Dual Eligible,67,Male,Bengali,Phone,0,0,0,0,0,0,0,0,0,0,0.24,Low,0,0,0,0,,,133,0,0,0,0,0,0,1,0,0,0,3,0.87,0,0,No,No,No,No,No,0,2026-09-19,12,1,0,0,0,0,0,0,0,1,Current,59,0,0,Adequate,Medication,1,Patient Outreach,0,2026-10-04,0,P3,0
2026-10-01,PT-000561,CM-016,Pharmacy,Northeast,Medicare Advantage,61,Female,Spanish,Phone,0,0,0,1,0,0,0,0,0,1,0.54,Low,0,1,0,0,,,92,0,0,0,0,0,0,0,0,0,0,6,0.77,1,0,No,No,No,Unknown,No,0,2026-08-27,35,0,1,0,0,0,0,1,0,0,Overdue,333,0,0,Adequate,Medication,1,Post-Discharge Follow-up,0,2026-09-28,1,P3,0
2026-10-01,PT-000562,CM-013,Pharmacy,Mid-Atlantic,Medicaid Managed Care,77,Female,English,Phone,0,0,0,0,0,0,1,0,0,1,0.47,Low,0,0,0,0,,,145,0,0,0,0,0,0,0,0,0,0,9,0.68,1,0,No,No,No,No,No,0,2026-09-25,6,0,0,0,0,0,0,0,0,1,Needs Review,138,0,0,Adequate,Medication,1,Provider Follow-up,0,2026-10-04,0,P3,0
2026-10-01,PT-000563,CM-008,HIE,Southwest,Medicare Advantage,64,Male,English,Phone,0,0,0,0,1,0,0,0,0,1,1.21,Low,0,0,0,0,,,136,0,0,0,0,0,0,0,0,0,0,3,0.95,0,0,No,Yes,Unknown,No,Unknown,1,2026-09-13,18,0,1,0,1,0,0,1,0,1,Overdue,271,0,0,Adequate,None,0,Patient Education,0,2026-10-05,0,P1,0
2026-10-01,PT-000564,CM-001,HIE,Southwest,Medicare Advantage,65,Female,English,Phone,1,1,0,0,0,0,0,0,0,2,0.7,Low,1,0,0,0,,5.2,124,1,1,0,0,0,0,0,0,0,1,12,0.96,0,0,No,No,No,No,No,0,2026-09-30,1,0,0,0,0,0,0,0,0,5,Current,86,0,0,Adequate,Medication,3,Medication Review,6,2026-10-05,0,P4,0
2026-10-01,PT-000565,CM-010,Pharmacy,Southeast,Medicare Advantage,75,Male,English,Phone,0,1,0,1,1,0,0,0,0,3,1.3,High,0,0,1,1,19,,163,0,0,0,1,0,1,0,0,0,1,13,0.87,0,0,No,No,Unknown,No,Yes,1,2026-09-09,22,0,1,0,0,0,0,0,0,1,Not Started,,0,1,Adequate,Diet/Lifestyle,3,Medication Review,3,2026-09-27,1,P3,0
2026-10-01,PT-000566,CM-004,Pharmacy,Midwest,Dual Eligible,77,Female,English,SMS,0,1,0,0,0,0,0,0,0,1,1.16,Low,0,0,0,0,,,135,0,0,0,0,0,0,0,1,0,0,6,0.71,1,0,Yes,No,No,No,No,1,,5,0,0,0,0,0,0,0,0,2,Needs Review,148,0,0,Adequate,Appointment Preparation,2,Patient Outreach,0,2026-10-03,0,P2,0
2026-10-01,PT-000567,CM-013,HIE,Northeast,Commercial Complex Care,31,Female,English,Phone,0,0,0,0,0,0,0,0,0,0,1.1,Low,0,0,0,0,,,138,0,0,0,0,0,0,0,0,0,0,4,0.82,0,1,No,No,No,No,No,0,2026-09-23,8,0,0,0,0,0,0,0,0,0,Needs Review,105,0,0,Adequate,Diet/Lifestyle,0,Social Resource Referral,4,2026-10-03,0,P1,0
2026-10-01,PT-000568,CM-010,CareMgmt,Northeast,Medicaid Managed Care,67,Female,Russian,Phone,0,1,0,0,0,0,0,0,0,1,0.76,Low,0,0,0,0,,,131,0,0,0,0,0,0,1,1,0,0,8,1.0,0,0,Unknown,No,No,No,No,0,2026-09-21,10,1,0,0,0,0,0,0,0,0,Current,85,0,0,Low,None,2,Patient Outreach,5,2026-10-05,0,P4,0
2026-10-01,PT-000569,CM-007,EHR,Mid-Atlantic,Medicare Advantage,85,Male,English,Phone,1,1,1,1,0,0,0,0,0,4,1.43,High,1,0,2,0,,,128,0,0,0,0,0,0,0,0,0,0,12,0.91,0,0,No,No,No,No,No,0,2026-09-09,22,0,0,0,0,1,0,0,0,2,Current,52,0,0,Unknown,Diabetes,0,Medication Review,0,2026-09-28,1,P4,0
2026-10-01,PT-000570,CM-003,CareMgmt,Northeast,Medicare Advantage,74,Female,English,Phone,0,1,0,0,0,0,0,0,0,1,0.85,Low,0,1,0,0,,,138,0,0,0,0,0,0,1,0,0,0,3,0.81,0,0,No,No,No,No,No,0,2026-09-16,15,1,0,0,0,0,0,1,0,0,Current,37,0,0,Low,Medication,1,Provider Follow-up,0,2026-09-30,1,P3,0
2026-10-01,PT-000571,CM-005,EHR,Southeast,Dual Eligible,69,Female,Other,Phone,0,1,0,0,0,1,0,0,0,2,1.0,Low,0,0,0,0,,,160,0,0,0,1,0,0,1,0,0,0,8,0.53,1,1,No,No,No,Unknown,No,0,2026-08-27,35,4,1,0,0,0,0,0,1,3,Needs Review,126,0,0,Limited,None,3,Care Plan Update,17,2026-10-02,0,P3,0
2026-10-01,PT-000572,CM-008,Claims,Midwest,Medicare Advantage,79,Male,English,Phone,0,1,0,0,0,0,0,0,0,1,0.62,Low,0,0,0,1,16,,133,0,0,0,0,0,1,1,0,0,0,6,0.92,0,0,No,No,No,No,No,0,2026-09-09,22,0,0,0,0,0,0,0,0,1,Needs Review,98,0,0,Adequate,None,2,Care Gap Closure,3,2026-09-30,1,P4,0
2026-10-01,PT-000573,CM-016,CareMgmt,Midwest,Medicare Advantage,68,Male,English,Phone,0,1,0,0,0,0,0,0,0,1,1.06,Low,0,0,0,0,,,159,0,0,0,1,0,0,1,0,0,0,2,0.76,1,1,No,No,No,No,No,0,2026-09-24,7,1,0,0,0,0,0,1,0,0,Needs Review,114,0,0,Limited,Diet/Lifestyle,3,Post-Discharge Follow-up,7,2026-10-06,0,P2,0
2026-10-01,PT-000574,CM-017,Claims,Northeast,Dual Eligible,74,Female,English,Phone,0,0,0,0,0,0,1,0,0,1,0.66,Low,0,0,0,0,,,101,0,0,0,0,0,0,0,0,0,0,3,0.61,1,0,Yes,No,Unknown,No,No,1,2026-08-23,39,0,1,0,0,0,0,0,0,2,Current,74,2,0,Low,Medication,1,Care Gap Closure,0,2026-09-27,1,P4,0
2026-10-01,PT-000575,CM-005,Claims,Southeast,Medicaid Managed Care,34,Male,English,Caregiver,0,0,0,0,0,1,0,0,0,1,1.21,Low,0,0,0,0,,,139,0,0,0,0,0,0,0,0,0,0,7,0.67,1,0,No,No,Unknown,No,Yes,1,2026-09-11,20,0,0,0,0,0,0,0,0,2,Current,26,0,0,Low,None,1,Social Resource Referral,3,2026-09-29,1,P1,0
2026-10-01,PT-000576,CM-010,Pharmacy,Midwest,Commercial Complex Care,34,Female,Spanish,Phone,0,0,0,0,0,0,0,1,0,1,1.1,Medium,0,0,0,1,16,,142,0,0,0,0,1,0,0,0,0,0,5,0.81,0,0,No,Yes,Unknown,No,Yes,2,2026-08-15,47,0,1,0,0,1,0,0,0,2,Needs Review,114,0,0,Limited,None,1,Patient Outreach,0,2026-10-04,0,P2,0
2026-10-01,PT-000577,CM-016,Claims,Mid-Atlantic,Medicare Advantage,65,Female,English,Phone,0,1,0,0,0,0,0,0,0,1,0.68,Low,0,0,0,0,,,132,0,0,0,0,0,0,0,0,0,0,9,0.85,0,0,No,No,Yes,No,No,1,2026-08-30,32,0,1,0,0,0,0,0,0,1,Current,55,0,0,Limited,Discharge Instructions,0,Social Resource Referral,6,2026-10-04,0,P1,0
2026-10-01,PT-000578,CM-008,Pharmacy,Northeast,Medicare Advantage,67,Female,English,Caregiver,0,1,0,0,0,0,0,0,0,1,0.84,Low,0,0,0,0,,,122,0,0,0,0,0,0,0,0,0,0,2,0.73,1,0,No,Yes,No,Yes,Unknown,2,2026-09-08,23,2,0,0,0,0,0,0,0,3,Current,62,0,0,Adequate,Diabetes,1,Patient Outreach,8,2026-10-04,0,P3,0
2026-10-01,PT-000579,CM-011,Pharmacy,Northeast,Medicaid Managed Care,76,Female,English,Phone,0,1,0,0,0,0,0,0,0,1,0.8,Low,0,0,0,0,,,187,0,0,0,1,0,0,0,0,0,0,5,0.8,0,0,No,No,Yes,No,Unknown,1,2026-09-14,17,1,0,0,0,0,0,0,0,3,Current,68,0,0,Adequate,Diet/Lifestyle,1,Patient Education,0,2026-09-30,1,P4,0
2026-10-01,PT-000580,CM-012,CareMgmt,Mid-Atlantic,Commercial Complex Care,57,Male,English,Phone,0,1,0,0,0,0,0,0,0,1,1.13,Low,0,0,0,0,,,128,0,0,0,0,0,0,0,0,0,0,6,0.78,1,1,No,No,No,No,No,0,2026-09-16,15,0,0,0,0,0,0,0,0,1,Overdue,313,0,0,Adequate,None,1,Patient Outreach,4,2026-09-29,1,P4,0
2026-10-01,PT-000581,CM-003,HIE,Northeast,Commercial Complex Care,67,Female,English,Phone,0,0,0,0,1,0,0,0,0,1,0.87,Low,0,0,0,0,,,134,0,0,0,0,0,0,1,0,0,0,5,0.86,0,0,No,No,No,Yes,No,1,2026-09-18,13,1,0,0,0,0,0,0,0,0,Current,22,0,0,Unknown,Appointment Preparation,1,Provider Follow-up,0,2026-10-01,0,P4,0
2026-10-01,PT-000582,CM-005,HIE,Southeast,Dual Eligible,70,Female,English,Phone,1,0,0,0,1,0,0,1,0,3,1.47,Medium,0,0,1,0,,6.5,142,0,0,0,0,0,0,1,1,0,1,11,0.92,0,0,No,No,Yes,No,Yes,2,2026-08-30,32,0,0,0,0,0,0,0,0,2,Current,2,1,0,Adequate,None,3,Patient Education,0,2026-10-02,0,P3,0
2026-10-01,PT-000583,CM-010,CareMgmt,Northeast,Medicare Advantage,73,Male,English,Phone,1,1,0,0,0,0,0,0,0,2,1.26,Low,0,0,0,0,,8.0,170,0,1,0,1,0,0,0,0,0,0,8,1.0,0,0,No,No,No,Yes,No,1,2026-09-22,9,0,1,0,1,0,0,1,0,3,Current,24,0,0,Adequate,None,2,Provider Follow-up,4,2026-09-27,1,P1,0
2026-10-01,PT-000584,CM-009,CareMgmt,Southeast,Medicare Advantage,65,Female,English,Phone,0,1,1,0,0,0,0,0,0,2,1.19,High,3,0,0,0,,,163,0,0,0,1,0,0,0,0,0,0,7,0.77,1,1,No,No,No,Yes,No,1,2026-09-07,24,0,0,0,1,0,0,0,0,1,Not Started,,0,0,Adequate,None,2,Post-Discharge Follow-up,12,2026-09-28,1,P1,0
2026-10-01,PT-000585,CM-012,Claims,Southeast,Dual Eligible,81,Female,English,Phone,1,0,0,0,0,0,1,0,0,2,0.91,Medium,0,0,0,0,,5.2,148,0,0,0,0,0,0,0,0,1,1,6,0.83,0,0,No,Yes,No,Yes,Yes,3,2026-09-07,24,0,0,0,0,0,0,0,0,2,Current,14,0,0,Adequate,None,2,Medication Review,0,2026-10-05,0,P1,0
2026-10-01,PT-000586,CM-001,Claims,Mid-Atlantic,Medicaid Managed Care,69,Female,English,Phone,0,0,0,0,0,0,0,1,0,1,0.61,Low,0,0,0,0,,,149,0,0,0,0,0,0,0,0,0,0,3,0.91,0,0,No,Yes,No,No,No,1,2026-09-20,11,0,0,0,0,0,0,0,0,1,Current,39,0,0,Adequate,Appointment Preparation,0,Patient Outreach,0,2026-10-03,0,P2,0
2026-10-01,PT-000587,CM-016,EHR,Midwest,Medicare Advantage,61,Female,Russian,Phone,0,1,0,1,0,1,0,0,0,3,1.34,Medium,0,0,0,0,,,144,0,0,0,1,1,0,0,0,1,0,9,0.87,0,0,No,No,No,No,No,0,2026-08-25,37,0,0,0,1,0,0,0,0,3,Current,80,0,0,Adequate,Diet/Lifestyle,3,Patient Education,5,2026-10-02,0,P2,0
2026-10-01,PT-000588,CM-002,HIE,Mid-Atlantic,Medicaid Managed Care,69,Male,English,Phone,0,1,0,0,1,0,0,0,0,2,0.89,Medium,0,0,0,0,,,142,0,0,0,1,0,0,1,0,1,0,13,0.91,0,1,Yes,No,No,No,Unknown,1,2026-09-18,13,0,0,0,0,0,0,0,0,3,Needs Review,101,0,0,Limited,Diet/Lifestyle,3,Medication Review,7,2026-09-30,1,P3,0
2026-10-01,PT-000589,CM-018,EHR,Northeast,Medicare Advantage,74,Female,English,SMS,0,1,0,0,0,1,0,0,1,2,0.98,Low,0,0,0,0,,,130,0,0,0,0,0,0,0,0,0,0,11,0.9,0,0,No,No,No,No,No,0,2026-08-28,34,0,1,0,0,0,0,0,0,3,Current,88,0,0,Low,Medication,0,Patient Outreach,3,2026-10-01,0,P2,0
2026-10-01,PT-000590,CM-007,EHR,Northeast,Medicare Advantage,70,Female,English,Phone,0,1,0,1,0,0,0,0,0,2,0.89,Medium,0,0,0,0,,,116,0,0,0,0,0,0,1,1,0,0,8,0.88,0,0,No,No,No,No,No,0,2026-09-07,24,0,0,0,0,0,0,0,0,4,Current,41,0,0,Adequate,Medication,2,Patient Outreach,2,2026-10-05,0,P3,0
2026-10-01,PT-000591,CM-009,Claims,Mid-Atlantic,Medicare Advantage,72,Female,English,Phone,0,1,0,0,0,0,0,0,0,1,0.7,Low,0,0,1,0,,,134,0,0,0,0,0,0,0,0,0,0,2,0.91,0,0,No,No,No,No,No,0,2026-09-28,3,0,1,0,0,0,0,0,0,1,Current,34,0,0,Limited,Diet/Lifestyle,0,Patient Outreach,3,2026-09-29,1,P2,0
2026-10-01,PT-000592,CM-016,CareMgmt,Mid-Atlantic,Medicaid Managed Care,76,Male,English,Caregiver,0,1,0,0,0,1,0,0,1,2,0.83,Medium,0,0,0,0,,,156,0,0,0,1,0,0,0,0,0,0,7,0.75,1,0,Yes,No,No,No,No,1,2026-08-31,31,0,0,0,0,0,0,0,0,1,Current,75,0,0,Limited,Diet/Lifestyle,2,Patient Outreach,5,2026-10-04,0,P2,0
2026-10-01,PT-000593,CM-017,Pharmacy,Southwest,Medicare Advantage,72,Male,English,Phone,0,1,0,0,0,0,1,0,0,2,0.9,Low,0,1,0,0,,,151,0,0,0,1,0,0,0,1,0,0,6,0.96,0,0,No,No,No,Yes,No,1,2026-08-24,38,0,0,0,0,0,0,1,0,0,Current,48,0,0,Adequate,Appointment Preparation,2,Medication Review,1,2026-10-04,0,P4,0
2026-10-01,PT-000594,CM-014,Claims,Mid-Atlantic,Medicaid Managed Care,33,Male,English,Caregiver,0,0,0,0,0,0,0,0,0,0,0.73,Low,0,0,0,0,,,113,0,0,0,0,0,0,0,0,0,0,2,0.77,1,0,No,Yes,No,No,No,1,2026-08-29,33,0,0,0,0,0,0,1,0,0,Not Started,,0,0,Low,None,1,Provider Follow-up,0,2026-09-27,1,P4,0
2026-10-01,PT-000595,CM-004,EHR,Mid-Atlantic,Dual Eligible,88,Male,Unknown,Phone,0,1,0,1,1,0,1,0,0,4,2.19,High,0,0,2,0,,,130,0,0,0,0,0,0,1,1,1,0,12,0.6,1,1,Unknown,No,No,No,Unknown,0,2026-09-12,19,0,0,0,0,0,0,0,1,1,Current,53,0,0,Limited,Medication,4,Care Gap Closure,1,2026-09-30,1,P4,0
2026-10-01,PT-000596,CM-013,CareMgmt,Midwest,Medicaid Managed Care,53,Male,English,Portal,0,0,0,0,0,1,0,0,0,1,1.49,Low,0,0,0,0,,,128,0,0,0,0,0,0,0,0,0,0,5,0.73,1,1,No,No,No,No,No,0,2026-09-06,25,2,1,0,0,0,0,0,0,1,Current,22,4,0,Adequate,CHF,1,Patient Outreach,5,2026-10-03,0,P4,0
2026-10-01,PT-000597,CM-018,Claims,Southwest,Medicare Advantage,75,Male,English,SMS,0,0,0,1,0,1,0,0,0,2,0.85,Medium,1,0,0,0,,,128,0,0,0,0,0,0,0,0,0,0,5,0.71,1,0,No,Unknown,No,No,No,0,2026-09-15,16,3,0,0,0,0,0,0,0,1,Current,71,0,0,Adequate,None,1,Provider Follow-up,3,2026-09-28,1,P2,0
2026-10-01,PT-000598,CM-018,EHR,Southeast,Medicaid Managed Care,52,Female,English,SMS,0,0,0,0,0,0,0,0,0,0,0.42,Low,0,0,0,0,,,120,0,0,0,0,1,0,1,0,0,0,2,0.79,1,0,Yes,No,No,No,No,1,2026-09-05,26,0,0,0,1,0,0,0,0,1,Not Started,,0,0,Adequate,Diet/Lifestyle,3,Care Plan Update,3,2026-10-04,0,P1,0
2026-10-01,PT-000599,CM-013,CareMgmt,Southeast,Medicare Advantage,70,Female,English,Phone,0,0,0,0,0,1,1,0,0,2,1.46,Low,0,0,0,0,,,120,0,0,0,0,0,0,0,0,1,0,8,1.0,0,0,No,No,No,Yes,Unknown,1,2026-09-06,25,0,0,0,0,0,0,0,0,0,Current,38,0,0,Unknown,Appointment Preparation,1,Social Resource Referral,4,2026-10-02,0,P2,0
2026-10-01,PT-000600,CM-009,CareMgmt,Mid-Atlantic,Commercial Complex Care,47,Female,English,Phone,0,0,0,0,0,0,0,0,0,0,1.69,Low,0,0,0,0,,,115,0,0,0,0,0,0,1,0,0,0,8,0.77,1,0,No,No,No,No,Unknown,0,2026-09-03,28,3,0,0,0,0,0,0,0,1,Current,48,0,0,Unknown,Diet/Lifestyle,2,Care Gap Closure,5,2026-09-29,1,P2,0
2026-10-01,PT-000601,CM-002,HIE,Northeast,Medicare Advantage,65,Male,Spanish,Phone,0,1,0,0,0,0,0,0,0,1,1.1,Low,0,0,0,0,,,131,0,0,0,0,0,1,0,0,0,0,3,1.0,0,0,No,Yes,Unknown,No,No,1,2026-09-11,20,4,0,0,0,0,0,0,0,2,Current,82,0,0,Adequate,None,1,Medication Review,2,2026-09-30,1,P3,0
2026-10-01,PT-000602,CM-013,Pharmacy,Southwest,Medicare Advantage,86,Male,English,Phone,0,0,0,1,0,0,0,0,1,1,0.81,Medium,2,1,0,0,,,126,0,0,0,0,1,0,0,0,0,0,6,0.93,0,0,Yes,No,No,No,No,1,2026-08-18,44,0,0,0,1,0,0,0,0,0,Current,76,0,0,Limited,Diabetes,1,Patient Outreach,9,2026-09-27,1,P3,0
2026-10-01,PT-000603,CM-016,CareMgmt,Mid-Atlantic,Medicare Advantage,61,Male,English,SMS,0,0,0,0,0,0,0,0,0,0,0.25,Low,0,0,0,1,15,,123,0,0,0,0,0,0,0,0,0,0,6,0.59,1,0,No,No,No,Yes,No,1,2026-08-26,36,1,0,1,0,0,0,0,0,2,Current,65,0,0,Adequate,Medication,1,Social Resource Referral,3,2026-10-04,0,P3,0
2026-10-01,PT-000604,CM-001,CareMgmt,Mid-Atlantic,Medicare Advantage,77,Female,Spanish,Caregiver,0,0,0,0,0,0,0,0,0,0,0.81,Low,0,0,0,0,,,112,0,0,0,0,0,0,0,1,0,1,3,0.86,0,0,No,No,No,No,No,0,2026-08-06,56,0,1,0,0,0,0,0,0,2,Overdue,319,0,0,Adequate,Medication,2,Provider Follow-up,7,2026-09-27,1,P4,0
2026-10-01,PT-000605,CM-002,Pharmacy,Southeast,Medicare Advantage,73,Male,English,Phone,1,1,0,1,0,0,1,0,0,4,1.33,Medium,0,0,0,0,,5.7,145,0,1,0,1,0,0,0,0,0,0,11,0.87,0,0,No,No,No,No,No,0,2026-10-01,0,0,1,0,0,0,0,0,0,2,Current,7,1,0,Unknown,CHF,2,Medication Review,2,2026-09-27,1,P2,1
2026-10-01,PT-000606,CM-015,EHR,Northeast,Medicare Advantage,73,Male,Spanish,Phone,0,1,0,1,0,0,0,0,1,2,1.61,Medium,0,0,0,0,,,152,0,0,0,1,0,0,0,0,0,0,7,0.66,1,0,No,No,No,No,Yes,1,2026-08-25,37,4,0,0,0,1,0,1,0,2,Needs Review,96,0,0,Low,Diet/Lifestyle,2,Patient Education,5,2026-10-02,0,P2,0
2026-10-01,PT-000607,CM-014,Claims,Mid-Atlantic,Medicare Advantage,78,Female,Unknown,Phone,0,1,0,0,1,0,0,0,0,2,1.04,Medium,0,0,0,0,,,127,0,0,0,0,0,0,0,0,0,0,6,0.65,1,1,No,No,Yes,No,No,1,2026-09-09,22,1,1,0,0,0,0,0,0,4,Needs Review,136,0,0,Adequate,Medication,1,Social Resource Referral,3,2026-09-28,1,P2,0
2026-10-01,PT-000608,CM-012,HIE,Mid-Atlantic,Medicaid Managed Care,47,Male,English,Caregiver,0,0,0,0,0,0,0,0,0,0,0.71,Low,0,0,0,0,,,124,0,0,0,0,0,0,0,0,0,0,2,0.74,1,0,No,No,No,No,No,0,2026-09-12,19,0,1,0,0,0,0,0,0,2,Current,81,0,0,Limited,Medication,1,Patient Outreach,0,2026-09-29,1,P2,0
2026-10-01,PT-000609,CM-014,CareMgmt,Northeast,Dual Eligible,64,Male,English,SMS,0,1,0,0,0,1,0,0,0,2,1.07,Medium,4,0,0,0,,,131,0,0,0,0,0,0,0,0,0,0,7,0.71,1,0,No,No,No,No,Yes,1,2026-09-08,23,1,0,1,1,0,0,0,0,1,Needs Review,121,0,0,Adequate,Medication,1,Medication Review,5,2026-10-04,0,P2,0
2026-10-01,PT-000610,CM-012,Pharmacy,Northeast,Dual Eligible,62,Male,English,Phone,0,0,0,0,0,0,0,0,0,0,0.39,Low,0,0,0,0,,,126,0,0,0,0,0,0,0,0,0,0,0,0.73,0,0,No,No,No,No,Unknown,0,2026-09-18,13,0,0,0,0,0,0,0,0,1,Needs Review,96,0,0,Adequate,None,0,Patient Outreach,2,2026-10-05,0,P2,0
2026-10-01,PT-000611,CM-002,CareMgmt,Northeast,Medicaid Managed Care,53,Male,English,SMS,0,0,0,0,0,0,0,0,0,0,0.84,Low,0,0,0,0,,,138,0,0,0,0,1,0,1,0,0,0,3,0.8,0,0,Yes,No,No,No,No,1,2026-08-14,48,0,0,0,0,0,0,0,0,1,Overdue,246,0,0,Adequate,Medication,2,Care Gap Closure,2,2026-10-05,0,P1,0
2026-10-01,PT-000612,CM-005,CareMgmt,Midwest,Medicare Advantage,81,Male,English,Phone,0,1,0,0,0,0,0,0,0,1,0.62,Low,0,0,0,0,,,155,0,0,0,1,0,0,1,0,0,0,7,0.82,0,0,No,No,No,No,No,0,2026-09-14,17,0,0,0,0,0,0,0,0,1,Needs Review,138,0,0,Limited,Medication,2,Care Gap Closure,5,2026-09-29,1,P2,0
2026-10-01,PT-000613,CM-017,EHR,Midwest,Dual Eligible,73,Female,English,Phone,0,1,0,0,0,0,0,0,0,1,0.96,Low,0,0,0,0,,,132,0,0,0,0,0,0,0,0,1,0,1,0.5,0,0,No,No,Yes,No,No,1,2026-09-10,21,0,0,0,0,0,0,0,0,2,Needs Review,142,0,1,Adequate,None,1,Patient Outreach,0,2026-09-29,1,P3,0
2026-10-01,PT-000614,CM-010,Pharmacy,Northeast,Medicaid Managed Care,53,Male,English,Portal,0,1,0,0,1,0,0,0,0,2,1.18,Low,0,0,0,0,,,140,0,0,0,1,0,0,0,0,0,0,9,0.83,0,0,Unknown,No,No,No,No,0,2026-08-29,33,1,0,0,0,0,0,0,0,3,Needs Review,138,0,0,Adequate,Medication,1,Care Gap Closure,4,2026-10-05,0,P3,0
2026-10-01,PT-000615,CM-018,EHR,Southeast,Medicare Advantage,72,Female,Other,Phone,0,0,0,0,1,0,0,0,0,1,0.62,Low,0,0,0,0,,,119,0,0,0,0,0,0,0,1,0,0,4,0.89,0,0,No,No,No,No,No,0,2026-10-01,0,0,1,0,0,0,0,0,0,0,Needs Review,94,0,0,Low,None,1,Provider Follow-up,2,2026-10-03,0,P4,0
2026-10-01,PT-000616,CM-010,Claims,Southeast,Commercial Complex Care,55,Female,Unknown,Phone,1,1,0,0,0,0,0,0,0,2,0.86,Low,0,0,0,0,,8.1,133,0,0,0,0,0,0,0,0,0,1,4,0.85,0,0,No,Yes,No,Unknown,No,1,2026-09-01,30,1,0,0,0,0,1,0,0,1,Not Started,,0,0,Limited,None,1,Patient Outreach,0,2026-09-30,1,P3,0
2026-10-01,PT-000617,CM-008,HIE,Midwest,Medicare Advantage,72,Male,English,Portal,0,0,0,0,0,1,0,0,0,1,0.66,Low,2,0,0,0,,,106,0,0,0,0,0,0,0,1,0,0,6,0.78,1,1,No,No,Unknown,No,No,0,2026-09-05,26,1,1,0,0,0,0,0,0,1,Current,53,0,0,Unknown,None,2,Patient Outreach,0,2026-09-28,1,P3,0
2026-10-01,PT-000618,CM-008,Claims,Northeast,Commercial Complex Care,71,Male,English,Phone,0,1,0,0,0,0,0,0,0,1,0.86,Low,0,0,0,0,,,144,0,0,0,1,1,0,0,0,0,0,6,0.88,0,0,No,Yes,No,No,No,1,2026-10-01,0,0,0,0,1,0,0,0,0,1,Overdue,203,0,0,Adequate,Diabetes,2,Patient Outreach,7,2026-10-04,0,P2,0
2026-10-01,PT-000619,CM-007,EHR,Northeast,Commercial Complex Care,38,Female,English,Phone,1,0,1,0,0,0,0,0,0,2,1.42,Medium,2,0,0,0,,9.3,135,0,0,0,0,0,0,0,0,0,1,6,0.88,0,0,No,No,No,No,No,0,2026-08-24,38,0,0,0,1,0,0,0,0,3,Overdue,291,0,0,Low,None,1,Patient Education,0,2026-10-01,0,P2,0
2026-10-01,PT-000620,CM-005,CareMgmt,Northeast,Medicare Advantage,74,Male,Spanish,Phone,0,0,0,0,0,0,0,0,0,0,0.8,Low,0,0,0,0,,,140,0,0,0,0,0,0,0,0,0,0,2,0.77,1,0,No,No,No,No,No,0,,16,1,0,0,0,0,0,0,0,2,Current,44,0,0,Adequate,Appointment Preparation,1,Patient Outreach,5,2026-10-02,0,P3,0
2026-10-01,PT-000621,CM-016,CareMgmt,Southwest,Medicaid Managed Care,60,Male,English,SMS,0,1,0,0,0,0,0,0,0,1,1.07,Low,1,0,0,0,,,131,0,0,0,0,1,0,0,0,0,0,9,0.78,1,0,No,No,No,No,No,0,2026-10-01,0,0,0,0,1,0,0,0,0,1,Needs Review,131,0,0,Adequate,Diet/Lifestyle,2,Provider Follow-up,1,2026-10-04,0,P4,0
2026-10-01,PT-000622,CM-012,EHR,Northeast,Medicaid Managed Care,80,Male,English,Caregiver,1,0,0,0,0,0,0,0,0,1,1.14,Medium,0,0,0,1,14,,147,0,0,0,0,1,0,0,0,0,1,5,0.74,1,0,No,Unknown,No,Yes,No,1,2026-08-28,34,0,1,0,0,0,0,0,0,1,Needs Review,147,0,0,Adequate,Appointment Preparation,3,Medication Review,7,2026-10-05,0,P3,1
2026-10-01,PT-000623,CM-009,CareMgmt,Midwest,Commercial Complex Care,52,Female,English,Phone,0,0,0,0,0,0,0,0,0,0,0.73,Low,0,1,0,0,,,112,0,0,0,0,0,0,0,0,0,0,5,1.0,0,0,Unknown,Yes,No,Unknown,No,1,2026-09-01,30,0,0,0,0,0,1,0,0,1,Needs Review,114,0,0,Unknown,Appointment Preparation,0,Patient Outreach,0,2026-09-27,1,P3,0
2026-10-01,PT-000624,CM-004,HIE,Southeast,Medicare Advantage,95,Female,English,Phone,1,0,0,0,0,1,1,1,1,4,1.5,Medium,0,0,0,0,,7.7,133,0,0,0,0,0,0,0,0,1,0,10,0.85,0,1,No,Unknown,No,Yes,No,1,2026-08-27,35,0,0,0,1,1,0,0,0,4,Needs Review,107,0,1,Adequate,None,1,Medication Review,5,2026-09-28,1,P3,0
2026-10-01,PT-000625,CM-006,CareMgmt,Mid-Atlantic,Medicaid Managed Care,61,Female,English,SMS,1,0,0,0,0,0,0,0,0,1,0.7,Medium,0,0,0,1,7,,153,1,0,0,0,1,0,0,0,1,0,7,0.79,1,0,No,No,Unknown,No,No,0,2026-09-16,15,0,0,0,0,0,0,0,1,0,Current,81,1,0,Limited,None,4,Medication Review,5,2026-09-28,1,P3,0
2026-10-01,PT-000626,CM-009,Pharmacy,Midwest,Dual Eligible,68,Male,English,Portal,1,1,0,0,0,0,0,0,0,2,0.65,Medium,0,0,1,1,3,7.3,132,0,1,0,0,1,1,0,0,0,0,7,0.81,0,0,No,Unknown,No,No,No,0,2026-09-01,30,0,1,0,0,0,0,0,1,2,Current,21,0,0,Limited,Diet/Lifestyle,3,Care Gap Closure,7,2026-10-03,0,P3,0
2026-10-01,PT-000627,CM-004,CareMgmt,Midwest,Commercial Complex Care,55,Female,English,Phone,0,0,0,0,0,0,0,0,0,0,0.65,Low,0,0,0,0,,,129,0,0,0,0,0,0,0,0,0,1,1,0.72,0,0,No,Yes,No,No,No,1,2026-07-30,63,0,1,0,0,0,1,0,0,0,Current,8,0,0,Limited,Appointment Preparation,1,Patient Outreach,3,2026-10-05,0,P4,0
2026-10-01,PT-000628,CM-010,CareMgmt,Midwest,Dual Eligible,65,Female,English,Phone,0,0,0,1,0,0,0,0,0,1,0.94,Low,0,0,0,0,,,128,0,0,0,0,0,0,0,1,0,0,9,0.71,1,0,Unknown,No,No,Unknown,No,0,2026-08-25,37,0,0,0,0,0,0,0,0,0,Current,27,0,0,Adequate,None,2,Medication Review,2,2026-09-28,1,P2,0
2026-10-01,PT-000629,CM-008,Claims,Midwest,Dual Eligible,74,Female,English,Phone,0,0,0,0,0,0,0,0,0,0,0.62,Low,0,0,0,0,,,130,0,0,0,0,0,0,0,0,0,0,8,0.94,0,1,No,No,Yes,No,No,1,2026-09-25,6,2,0,0,0,0,0,0,0,2,Current,66,0,0,Limited,Diet/Lifestyle,0,Patient Outreach,0,2026-09-30,1,P4,0
2026-10-01,PT-000630,CM-018,CareMgmt,Mid-Atlantic,Medicare Advantage,74,Female,English,Caregiver,0,1,0,0,0,0,0,0,0,1,0.63,Low,0,0,0,0,,,151,0,0,0,1,0,0,0,0,0,0,6,0.87,0,0,No,No,No,No,Yes,1,2026-08-16,46,0,0,0,0,0,0,0,0,3,Overdue,309,0,0,Limited,Medication,1,Provider Follow-up,5,2026-09-30,1,P2,0
2026-10-01,PT-000631,CM-002,CareMgmt,Southeast,Dual Eligible,71,Female,English,SMS,0,1,0,0,0,0,1,0,0,2,0.53,Low,0,0,0,0,,,150,0,0,0,1,0,0,0,0,0,0,7,0.93,0,0,No,No,No,No,Unknown,0,2026-09-19,12,0,1,0,0,0,0,0,0,1,Current,36,0,0,Adequate,Medication,1,Patient Outreach,3,2026-10-02,0,P4,0
2026-10-01,PT-000632,CM-010,Pharmacy,Southeast,Medicare Advantage,75,Female,English,Portal,0,1,0,0,1,0,0,0,0,2,1.09,Medium,0,0,0,0,,,138,0,0,0,0,1,0,0,0,0,0,7,0.94,0,0,No,Yes,No,No,No,1,2026-09-04,27,0,0,0,1,0,0,0,0,1,Current,9,1,0,Adequate,Diet/Lifestyle,1,Patient Education,1,2026-09-27,1,P3,0
2026-10-01,PT-000633,CM-005,Claims,Southeast,Medicare Advantage,67,Male,English,SMS,1,0,0,0,0,0,0,1,0,2,1.14,Low,0,0,0,0,,5.6,126,0,1,1,0,0,0,0,0,0,0,5,0.96,0,0,No,No,No,No,No,0,2026-09-20,11,0,1,0,0,0,0,0,0,2,Current,35,0,0,Limited,Appointment Preparation,2,Social Resource Referral,4,2026-10-05,0,P3,0
2026-10-01,PT-000634,CM-006,EHR,Mid-Atlantic,Medicaid Managed Care,52,Female,Bengali,Phone,0,0,0,0,0,0,0,0,0,0,1.0,Low,0,0,0,0,,,128,0,0,0,0,0,0,0,0,0,0,0,0.83,0,0,Yes,No,No,No,No,1,2026-10-01,0,0,1,0,0,0,0,0,0,0,Current,70,0,0,Low,Diet/Lifestyle,0,Patient Outreach,10,2026-09-30,1,P3,0
2026-10-01,PT-000635,CM-007,EHR,Northeast,Medicare Advantage,67,Female,English,Caregiver,1,1,0,0,0,0,0,0,0,2,1.45,Low,0,0,0,0,,7.6,121,1,0,0,0,0,0,0,0,0,0,0,0.99,0,0,No,No,No,No,No,0,2026-08-23,39,0,0,0,0,0,0,0,0,2,Current,38,0,0,Adequate,Appointment Preparation,1,Care Gap Closure,0,2026-10-06,0,P3,0
2026-10-01,PT-000636,CM-001,CareMgmt,Midwest,Medicare Advantage,82,Male,Other,Phone,1,0,0,0,1,0,0,0,0,2,1.44,Medium,0,0,0,0,,7.9,143,0,1,0,0,0,0,0,0,0,0,7,0.72,1,0,No,No,No,No,No,0,2026-09-23,8,0,0,0,0,0,0,0,0,1,Current,89,0,0,Adequate,Medication,2,Care Gap Closure,1,2026-10-05,0,P1,0
2026-10-01,PT-000637,CM-013,CareMgmt,Mid-Atlantic,Commercial Complex Care,24,Female,English,Portal,1,1,0,0,0,0,0,0,0,2,0.9,Low,0,0,0,0,,6.3,118,0,0,0,0,0,0,0,0,0,1,7,0.9,0,1,No,No,No,No,Yes,1,2026-08-16,46,0,0,0,0,0,0,0,0,1,Current,32,0,0,Adequate,COPD,1,Care Gap Closure,0,2026-09-28,1,P4,0
2026-10-01,PT-000638,CM-004,CareMgmt,Northeast,Medicaid Managed Care,61,Female,English,SMS,0,1,0,0,0,0,0,0,0,1,0.92,Low,0,0,0,0,,,133,0,0,0,0,0,0,0,0,0,0,4,0.83,0,0,No,Yes,No,No,Unknown,1,2026-08-07,55,0,1,0,0,0,0,0,0,2,Needs Review,103,0,0,Limited,Medication,0,Social Resource Referral,3,2026-09-27,1,P2,0
2026-10-01,PT-000639,CM-011,Claims,Mid-Atlantic,Medicare Advantage,59,Female,English,Phone,1,1,0,0,0,0,0,0,0,2,0.63,Medium,0,0,0,0,,5.2,151,0,0,0,1,0,0,0,0,0,0,8,0.66,1,0,No,No,No,Yes,Unknown,1,2026-08-29,33,1,0,0,0,0,0,0,0,1,Current,7,0,0,Unknown,Appointment Preparation,2,Care Gap Closure,0,2026-09-29,1,P4,0
2026-10-01,PT-000640,CM-018,HIE,Midwest,Medicaid Managed Care,38,Female,English,Phone,1,0,0,0,0,1,0,0,0,2,1.38,Medium,1,0,0,1,9,8.4,136,0,0,0,0,0,0,1,1,1,1,7,0.58,1,1,Unknown,No,No,No,No,0,,25,0,1,0,0,0,0,0,0,4,Current,48,0,0,Low,Diet/Lifestyle,5,Patient Outreach,2,2026-09-27,1,P3,0
2026-10-01,PT-000641,CM-004,Claims,Midwest,Medicare Advantage,70,Male,English,Phone,1,1,0,0,0,0,1,0,0,3,0.79,Medium,0,0,0,0,,7.4,146,0,0,1,1,0,0,1,0,0,0,9,1.0,0,0,No,No,No,No,No,0,2026-09-15,16,0,1,0,0,0,0,0,0,1,Needs Review,90,0,0,Limited,Discharge Instructions,3,Patient Outreach,1,2026-10-05,0,P2,0
2026-10-01,PT-000642,CM-015,HIE,Mid-Atlantic,Medicare Advantage,73,Female,Spanish,Portal,1,1,0,0,0,0,0,0,0,2,1.22,Medium,0,0,0,0,,,124,0,0,0,0,0,0,1,1,0,0,9,0.99,0,0,No,No,Yes,Yes,No,2,2026-08-11,51,0,1,0,0,0,0,1,0,3,Overdue,334,0,1,Adequate,Diet/Lifestyle,2,Patient Outreach,4,2026-09-28,1,P2,0
2026-10-01,PT-000643,CM-010,EHR,Southeast,Medicare Advantage,74,Female,English,Phone,0,1,0,0,0,0,0,1,0,2,1.15,Low,1,0,0,0,,,119,0,0,0,0,0,0,0,0,0,0,7,0.87,0,0,Yes,No,No,No,No,1,2026-09-12,19,2,0,0,0,0,0,0,0,2,Current,63,0,0,Adequate,Medication,0,Care Gap Closure,3,2026-09-29,1,P3,0
2026-10-01,PT-000644,CM-010,Claims,Mid-Atlantic,Medicare Advantage,85,Female,Chinese,SMS,0,0,0,0,0,0,0,0,1,0,0.54,Low,0,0,0,0,,,133,0,0,0,0,0,0,1,0,0,0,2,0.81,0,0,No,No,No,No,No,0,2026-08-31,31,0,0,0,0,0,0,0,1,0,Needs Review,94,0,0,Adequate,Medication,1,Patient Outreach,5,2026-10-01,0,P3,0
2026-10-01,PT-000645,CM-006,Claims,Mid-Atlantic,Medicare Advantage,81,Male,English,Portal,1,1,0,0,0,1,0,0,1,3,1.35,Medium,0,0,0,0,,6.2,145,0,0,0,1,0,0,0,0,0,0,9,0.79,1,0,No,No,No,No,No,0,2026-09-09,22,0,1,0,0,0,0,1,0,1,Current,27,0,1,Adequate,Diabetes,2,Care Gap Closure,4,2026-10-02,0,P3,0
2026-10-01,PT-000646,CM-009,Claims,Northeast,Medicare Advantage,64,Male,English,Caregiver,0,1,0,0,0,0,0,0,0,1,0.81,Low,0,0,0,0,,,158,0,0,0,1,0,0,0,0,0,0,9,0.95,0,0,No,No,No,Unknown,No,0,2026-09-14,17,0,1,0,0,1,0,0,1,0,Overdue,310,1,0,Low,None,1,Patient Outreach,5,2026-10-01,0,P4,0
2026-10-01,PT-000647,CM-001,CareMgmt,Midwest,Medicaid Managed Care,59,Female,English,Phone,0,0,0,0,0,1,0,0,0,1,0.82,Medium,0,0,0,1,17,,110,0,0,0,0,1,0,0,0,0,0,5,0.76,1,0,Yes,No,Yes,No,No,2,2026-08-19,43,1,1,0,0,0,0,0,0,2,Needs Review,147,0,0,Unknown,None,2,Patient Education,0,2026-09-29,1,P3,0
2026-10-01,PT-000648,CM-012,CareMgmt,Southeast,Commercial Complex Care,58,Female,English,SMS,0,0,0,0,0,0,0,0,0,0,0.95,Low,0,0,0,0,,,140,0,0,0,0,0,0,0,0,0,0,6,1.0,0,0,No,No,Yes,Unknown,No,1,2026-10-01,0,1,0,0,0,0,0,0,0,0,Current,6,0,0,Adequate,Diet/Lifestyle,0,Social Resource Referral,2,2026-10-02,0,P4,0
2026-10-01,PT-000649,CM-001,Claims,Southwest,Medicare Advantage,75,Male,English,Portal,0,1,0,0,0,1,1,0,0,3,1.39,Medium,0,1,0,0,,,107,0,0,0,0,1,0,0,0,1,0,9,0.91,0,0,Yes,No,No,No,No,1,2026-08-05,57,2,1,0,0,0,0,1,0,1,Current,27,0,0,Adequate,None,2,Care Plan Update,0,2026-10-03,0,P3,0
2026-10-01,PT-000650,CM-017,Pharmacy,Northeast,Medicare Advantage,82,Female,English,SMS,0,1,0,0,0,1,0,1,0,3,0.84,High,3,0,0,1,4,,133,0,0,0,0,1,1,0,0,1,0,6,0.93,0,0,No,No,No,No,No,0,2026-08-24,38,1,1,0,0,0,0,0,0,1,Current,87,0,1,Limited,None,3,Post-Discharge Follow-up,3,2026-10-06,0,P2,0
2026-10-01,PT-000651,CM-006,CareMgmt,Southeast,Medicare Advantage,87,Female,English,SMS,0,0,0,0,0,0,1,0,0,1,1.02,Low,0,0,0,0,,,131,0,0,0,0,0,0,0,0,0,1,4,0.74,1,0,No,No,No,No,No,0,2026-10-01,0,0,0,0,0,0,0,0,0,2,Not Started,,0,0,Low,Medication,2,Care Gap Closure,7,2026-09-28,1,P4,0
2026-10-01,PT-000652,CM-011,Claims,Midwest,Commercial Complex Care,69,Male,English,Phone,0,1,0,0,0,0,0,0,0,1,0.94,Low,1,0,0,0,,,119,0,0,0,0,0,0,1,0,0,0,4,0.65,1,0,Yes,Unknown,No,No,No,1,2026-09-01,30,2,1,0,0,0,0,1,0,2,Overdue,272,0,0,Limited,None,2,Patient Outreach,7,2026-10-02,0,P3,0
2026-10-01,PT-000653,CM-012,CareMgmt,Northeast,Dual Eligible,73,Female,English,Phone,1,0,1,0,0,0,0,0,0,2,1.23,Medium,0,4,1,0,,6.6,115,0,0,0,0,0,0,1,0,0,0,4,0.85,0,0,No,Yes,Yes,Yes,No,3,2026-08-14,48,3,0,0,1,0,0,0,0,0,Not Started,,0,0,Limited,Medication,1,Patient Outreach,4,2026-09-30,1,P4,0
2026-10-01,PT-000654,CM-004,CareMgmt,Northeast,Medicaid Managed Care,57,Female,English,Phone,0,1,0,0,1,0,0,0,0,2,1.79,Medium,0,0,0,0,,,134,0,0,0,0,1,0,0,0,0,0,8,0.74,1,0,Yes,No,Yes,No,Yes,3,2026-09-07,24,3,0,0,0,0,0,0,0,2,Overdue,186,0,0,Limited,Medication,2,Provider Follow-up,5,2026-10-03,0,P3,0
2026-10-01,PT-000655,CM-018,CareMgmt,Midwest,Medicaid Managed Care,80,Male,English,Portal,0,1,0,0,0,1,0,0,0,2,1.36,Medium,0,0,0,0,,,155,0,0,0,1,0,0,0,0,1,0,7,0.49,1,0,Yes,No,No,No,No,1,2026-10-01,0,0,0,0,0,0,0,0,0,2,Current,55,0,1,Adequate,Diet/Lifestyle,3,Medication Review,4,2026-10-06,0,P2,0
2026-10-01,PT-000656,CM-007,EHR,Southeast,Dual Eligible,85,Male,Spanish,Phone,0,0,0,0,0,0,0,0,0,0,0.81,Low,0,0,0,0,,,124,0,0,0,0,0,0,0,0,0,0,0,0.88,0,0,Unknown,No,Yes,No,Unknown,1,2026-09-02,29,1,0,0,0,0,0,0,0,0,Overdue,265,0,0,Adequate,Medication,0,Patient Outreach,0,2026-10-03,0,P2,0
2026-10-01,PT-000657,CM-004,CareMgmt,Southwest,Dual Eligible,65,Female,English,Phone,0,1,0,0,0,1,1,0,0,3,1.17,Medium,0,0,1,0,,,137,0,0,0,0,0,0,0,0,0,0,7,0.73,1,0,No,No,No,No,No,0,2026-09-09,22,0,0,0,0,0,0,0,0,1,Needs Review,111,0,1,Limited,Diet/Lifestyle,1,Care Gap Closure,2,2026-09-28,1,P1,0
2026-10-01,PT-000658,CM-009,EHR,Mid-Atlantic,Dual Eligible,79,Male,Spanish,Portal,1,0,0,1,0,0,0,0,0,2,0.93,Medium,0,0,0,0,,,150,0,0,0,0,0,0,0,0,0,0,9,0.93,0,1,Yes,No,No,Yes,Unknown,2,2026-08-30,32,2,0,0,0,0,0,0,0,2,Overdue,305,0,0,Adequate,COPD,0,Patient Education,0,2026-10-02,0,P4,0
2026-10-01,PT-000659,CM-006,Pharmacy,Northeast,Dual Eligible,66,Female,Other,SMS,0,1,0,0,1,0,0,0,0,2,1.15,Medium,0,0,0,1,7,,130,0,0,0,0,0,1,0,0,0,0,10,1.0,0,1,No,No,Yes,No,No,1,2026-09-17,14,0,0,0,0,0,0,0,0,0,Needs Review,94,0,1,Limited,Discharge Instructions,1,Care Plan Update,0,2026-10-01,0,P2,0
2026-10-01,PT-000660,CM-005,Claims,Midwest,Medicare Advantage,79,Female,English,Phone,0,1,0,1,1,0,0,0,1,3,1.64,High,0,0,0,0,,,142,0,0,0,1,0,0,1,0,0,0,9,0.72,1,1,No,No,No,No,No,0,2026-09-11,20,0,0,0,0,0,0,1,1,3,Current,56,0,0,Low,Medication,3,Patient Outreach,5,2026-10-06,0,P2,0
2026-10-01,PT-000661,CM-006,CareMgmt,Mid-Atlantic,Dual Eligible,80,Male,Other,Phone,0,0,0,0,1,0,0,0,1,1,0.77,Low,0,0,0,0,,,137,0,0,0,0,0,0,0,0,0,0,0,0.71,0,0,No,No,Unknown,Yes,No,1,2026-09-01,30,0,0,0,0,1,0,0,1,0,Overdue,266,1,0,Adequate,COPD,0,Patient Outreach,2,2026-10-01,0,P3,0
2026-10-01,PT-000662,CM-001,CareMgmt,Midwest,Medicaid Managed Care,49,Male,English,Phone,0,0,0,0,0,1,0,0,0,1,1.24,Low,0,0,0,0,,,112,0,0,0,0,0,0,0,0,0,0,3,0.68,1,0,No,No,No,No,No,0,2026-08-27,35,1,0,0,0,0,0,0,0,1,Overdue,342,0,0,Adequate,Discharge Instructions,1,Provider Follow-up,6,2026-10-04,0,P2,0
2026-10-01,PT-000663,CM-005,CareMgmt,Mid-Atlantic,Commercial Complex Care,67,Male,English,SMS,0,1,1,1,0,0,0,0,0,3,1.26,Medium,0,0,0,0,,,139,0,0,0,0,0,0,0,0,0,0,5,1.0,0,0,No,No,No,No,No,0,2026-09-08,23,0,0,0,0,0,0,0,0,3,Current,44,0,1,Low,None,0,Patient Outreach,0,2026-10-04,0,P4,0
2026-10-01,PT-000664,CM-015,EHR,Southwest,Medicaid Managed Care,65,Male,English,Phone,1,0,0,0,0,0,0,0,0,1,0.51,Low,0,0,0,0,,5.4,161,0,0,0,0,0,0,0,0,0,1,3,0.91,0,0,Unknown,No,No,Unknown,No,0,2026-08-21,41,5,0,0,0,0,0,0,0,3,Needs Review,125,0,0,Adequate,Diabetes,1,Care Gap Closure,5,2026-09-28,1,P3,0
2026-10-01,PT-000665,CM-016,Pharmacy,Southeast,Commercial Complex Care,26,Female,English,Phone,0,1,0,0,0,0,0,0,0,1,1.34,Low,0,0,0,0,,,133,0,0,0,0,0,0,1,0,0,0,5,1.0,0,0,Unknown,Unknown,No,No,No,0,2026-09-15,16,0,0,0,0,0,0,0,0,2,Current,16,0,0,Limited,CHF,1,Care Gap Closure,3,2026-10-05,0,P2,0
2026-10-01,PT-000666,CM-004,Pharmacy,Midwest,Medicare Advantage,71,Male,Spanish,Portal,1,0,0,0,1,0,1,0,0,3,1.83,Medium,0,0,0,0,,6.1,138,1,0,1,0,0,0,0,0,0,0,9,0.79,1,1,Yes,Unknown,No,No,No,1,2026-08-28,34,1,1,0,0,0,0,1,0,2,Current,14,2,0,Low,Diet/Lifestyle,3,Care Gap Closure,5,2026-10-06,0,P4,0
2026-10-01,PT-000667,CM-010,EHR,Southeast,Dual Eligible,74,Male,English,Phone,1,0,1,0,0,0,0,0,0,2,1.36,Medium,0,0,0,0,,7.8,143,1,1,0,0,0,0,0,0,0,0,2,0.78,1,0,Yes,No,No,No,Yes,2,2026-08-21,41,0,1,1,0,0,0,0,0,2,Needs Review,111,0,0,Adequate,Appointment Preparation,3,Social Resource Referral,0,2026-10-02,0,P2,0
2026-10-01,PT-000668,CM-009,CareMgmt,Southeast,Medicare Advantage,95,Male,English,Phone,0,1,0,1,0,0,0,1,0,3,1.19,Medium,1,0,0,0,,,137,0,0,0,0,0,0,0,0,0,0,9,0.83,0,0,Yes,No,No,No,No,1,2026-09-16,15,0,0,0,0,0,0,0,0,3,Current,76,0,0,Low,COPD,0,Care Gap Closure,8,2026-10-05,0,P2,0
2026-10-01,PT-000669,CM-001,Pharmacy,Mid-Atlantic,Medicare Advantage,78,Male,English,Phone,1,1,0,0,0,0,0,0,0,2,0.81,Low,0,0,0,0,,9.5,152,0,0,0,1,1,0,0,0,0,1,4,0.84,0,0,No,No,No,No,No,0,2026-09-02,29,0,0,0,0,0,0,1,0,3,Current,86,0,0,Adequate,None,3,Patient Outreach,0,2026-09-28,1,P4,0
2026-10-01,PT-000670,CM-018,Claims,Mid-Atlantic,Medicare Advantage,81,Female,Spanish,Caregiver,0,1,0,0,0,1,0,0,1,2,1.22,Low,0,0,0,0,,,146,0,0,0,1,1,0,1,0,0,0,5,0.88,0,0,No,No,No,No,No,0,2026-09-14,17,0,1,1,0,1,0,0,0,2,Overdue,178,0,0,Adequate,Appointment Preparation,3,Provider Follow-up,6,2026-09-30,1,P2,0
2026-10-01,PT-000671,CM-013,CareMgmt,Southeast,Medicaid Managed Care,58,Male,English,SMS,0,0,0,0,0,0,0,0,0,0,0.56,Low,0,0,0,0,,,136,0,0,0,0,0,0,0,0,0,0,3,0.92,0,0,Yes,No,Yes,No,No,2,2026-09-07,24,1,0,0,0,0,0,0,0,1,Not Started,,0,1,Adequate,COPD,0,Patient Education,0,2026-09-30,1,P4,0
2026-10-01,PT-000672,CM-017,Claims,Northeast,Dual Eligible,67,Male,English,Portal,0,1,0,0,0,1,0,0,0,2,1.17,Medium,2,1,0,1,24,,99,0,0,0,0,1,1,0,1,0,0,9,0.56,1,0,No,No,No,No,No,0,2026-09-10,21,1,0,0,0,1,0,0,0,1,Current,53,0,0,Limited,Diet/Lifestyle,4,Care Plan Update,0,2026-10-03,0,P3,0
2026-10-01,PT-000673,CM-006,Claims,Southeast,Medicaid Managed Care,62,Female,Spanish,Phone,0,0,0,0,0,0,0,0,0,0,0.71,Low,1,0,0,0,,,119,0,0,0,0,0,0,0,0,1,1,1,0.93,0,0,No,No,No,No,No,0,2026-08-22,40,0,0,0,0,0,0,0,0,1,Needs Review,108,0,0,Adequate,None,2,Care Gap Closure,2,2026-10-05,0,P2,0
2026-10-01,PT-000674,CM-003,HIE,Midwest,Commercial Complex Care,46,Female,Bengali,Phone,0,0,0,0,0,0,0,0,0,0,1.06,Low,1,0,0,0,,,138,0,0,0,0,0,0,1,0,0,0,5,0.77,1,1,Unknown,No,No,No,Unknown,0,2026-09-08,23,0,0,1,1,1,0,1,1,2,Current,52,0,0,Adequate,Diet/Lifestyle,2,Patient Outreach,4,2026-10-05,0,P3,0
2026-10-01,PT-000675,CM-007,Claims,Southwest,Medicaid Managed Care,52,Male,English,Caregiver,0,0,0,0,0,0,0,0,0,0,0.72,Low,0,0,0,0,,,113,0,0,0,0,0,0,0,0,0,0,6,0.83,0,0,Yes,No,No,No,No,1,2026-09-02,29,0,0,0,0,0,0,0,0,0,Current,46,1,0,Low,None,0,Patient Outreach,5,2026-09-28,1,P3,0
2026-10-01,PT-000676,CM-010,CareMgmt,Northeast,Dual Eligible,72,Female,English,Phone,1,1,0,0,1,0,0,0,0,3,1.57,Medium,0,0,0,0,,6.2,140,1,0,0,1,1,0,0,0,0,0,6,0.88,0,0,No,No,No,No,No,0,2026-09-08,23,4,1,0,0,0,0,0,0,2,Current,35,0,0,Adequate,None,3,Patient Outreach,0,2026-09-30,1,P3,0
2026-10-01,PT-000677,CM-007,Pharmacy,Midwest,Dual Eligible,81,Female,English,Phone,0,1,0,0,0,0,0,0,0,1,0.81,Low,0,0,0,0,,,168,0,0,0,1,0,0,0,1,1,0,6,0.73,1,0,No,No,No,No,Yes,1,2026-08-14,48,0,1,0,0,0,0,0,0,1,Current,63,1,0,Adequate,None,4,Patient Outreach,0,2026-09-30,1,P3,0
2026-10-01,PT-000678,CM-013,Pharmacy,Southwest,Medicare Advantage,60,Male,Unknown,Phone,1,1,0,0,0,0,0,0,0,2,1.23,Low,0,0,0,0,,,118,0,0,0,0,0,0,1,0,0,0,7,0.8,0,0,Unknown,No,Unknown,No,Unknown,0,2026-09-09,22,1,1,0,0,0,0,0,0,4,Current,27,0,0,Adequate,CHF,1,Provider Follow-up,4,2026-10-04,0,P4,0
2026-10-01,PT-000679,CM-017,Claims,Southwest,Medicaid Managed Care,65,Female,English,Portal,0,1,0,0,0,0,0,0,0,1,1.05,Low,0,0,0,0,,,127,0,0,0,0,1,0,0,0,0,0,4,0.9,0,1,No,No,No,No,No,0,2026-09-20,11,0,0,0,0,0,0,0,0,0,Current,85,0,0,Adequate,None,1,Care Gap Closure,0,2026-10-01,0,P3,0
2026-10-01,PT-000680,CM-002,CareMgmt,Mid-Atlantic,Medicaid Managed Care,35,Female,Russian,Phone,0,1,0,0,0,0,1,0,0,2,0.89,Low,0,0,0,0,,,146,0,0,0,1,0,0,0,0,0,0,3,0.82,0,1,No,No,Unknown,No,Unknown,0,2026-10-01,0,0,1,0,0,0,0,0,0,2,Current,72,0,0,Adequate,Discharge Instructions,1,Social Resource Referral,0,2026-10-05,0,P1,0
2026-10-01,PT-000681,CM-002,EHR,Mid-Atlantic,Commercial Complex Care,56,Male,Spanish,Phone,0,0,0,0,0,0,0,0,1,0,0.45,Low,0,0,0,0,,,120,0,0,0,0,0,0,0,0,0,0,1,0.68,0,1,No,No,No,No,No,0,2026-08-20,42,0,1,0,0,0,0,0,0,0,Current,83,2,0,Limited,Medication,0,Provider Follow-up,6,2026-09-30,1,P3,0
2026-10-01,PT-000682,CM-006,Pharmacy,Northeast,Medicare Advantage,71,Female,English,Portal,0,1,0,0,0,0,0,0,0,1,1.15,Low,0,1,0,0,,,144,0,0,0,1,1,0,0,0,0,0,2,0.9,0,0,Yes,No,No,No,Yes,2,2026-08-24,38,0,0,0,0,0,0,0,0,1,Current,9,1,0,Adequate,Medication,2,Social Resource Referral,4,2026-10-02,0,P4,1
2026-10-01,PT-000683,CM-005,CareMgmt,Midwest,Medicare Advantage,81,Male,English,Portal,0,1,0,1,0,1,0,1,0,4,1.57,High,1,0,0,0,,,134,0,0,0,0,0,0,1,1,0,0,12,0.74,1,0,No,No,No,Yes,Yes,2,2026-09-21,10,2,1,0,1,0,0,0,0,2,Current,55,0,0,Limited,Medication,3,Medication Review,7,2026-09-28,1,P3,0
2026-10-01,PT-000684,CM-008,Claims,Midwest,Medicare Advantage,85,Male,Chinese,Phone,0,1,1,0,0,0,0,0,0,2,1.36,Medium,0,0,0,0,,,155,0,0,0,1,0,0,0,0,0,0,6,0.9,0,0,Yes,No,No,No,No,1,2026-09-12,19,0,0,0,1,0,0,1,0,1,Current,62,0,0,Adequate,Medication,1,Post-Discharge Follow-up,0,2026-10-01,0,P2,0
2026-10-01,PT-000685,CM-016,Claims,Mid-Atlantic,Medicare Advantage,85,Female,English,Phone,0,1,0,0,0,0,1,1,0,3,1.5,Low,0,0,0,0,,,136,0,0,0,0,0,0,0,0,0,0,7,1.0,0,1,No,No,No,No,No,0,2026-09-24,7,1,0,0,0,0,0,0,0,3,Needs Review,146,0,0,Limited,None,0,Provider Follow-up,2,2026-10-04,0,P4,0
2026-10-01,PT-000686,CM-002,Pharmacy,Midwest,Medicaid Managed Care,70,Female,English,Phone,0,0,1,1,0,0,1,0,0,3,1.07,Medium,0,0,1,0,,,118,0,0,0,0,0,0,1,0,0,1,10,0.81,0,0,No,No,No,No,No,0,2026-08-30,32,0,0,0,0,0,0,0,0,2,Overdue,304,0,0,Limited,Appointment Preparation,2,Patient Outreach,0,2026-09-30,1,P3,0
2026-10-01,PT-000687,CM-012,Pharmacy,Southwest,Medicare Advantage,62,Male,Spanish,Portal,0,0,0,0,0,0,0,0,0,0,1.1,Low,0,0,0,0,,,126,0,0,0,0,0,0,1,0,0,0,5,0.86,0,1,No,No,No,Yes,No,1,2026-09-03,28,0,0,0,0,0,0,1,0,1,Current,56,0,0,Limited,Medication,1,Patient Education,11,2026-09-30,1,P3,0
2026-10-01,PT-000688,CM-013,HIE,Southwest,Medicaid Managed Care,76,Male,English,Phone,0,0,0,0,0,0,0,0,0,0,1.1,Medium,0,0,0,1,25,,130,0,0,0,0,0,1,0,1,0,0,4,0.77,1,0,Yes,No,No,No,Yes,2,2026-08-25,37,0,1,1,0,0,0,0,0,0,Overdue,186,0,0,Unknown,None,3,Care Gap Closure,9,2026-09-29,1,P2,1
2026-10-01,PT-000689,CM-003,CareMgmt,Northeast,Commercial Complex Care,58,Male,English,Phone,0,1,0,0,0,0,0,0,0,1,1.26,Low,0,0,0,0,,,95,0,0,0,0,1,0,0,0,0,0,1,0.95,0,0,No,No,No,No,No,0,2026-09-23,8,1,0,0,0,0,0,1,0,0,Needs Review,145,0,0,Adequate,Medication,1,Patient Outreach,0,2026-09-27,1,P3,0
2026-10-01,PT-000690,CM-017,CareMgmt,Midwest,Dual Eligible,95,Male,English,Portal,0,1,0,0,0,0,0,0,0,1,1.26,Medium,0,0,0,1,24,,150,0,0,0,1,1,1,0,0,1,0,4,0.82,0,0,No,No,No,No,Yes,1,2026-09-15,16,0,1,0,0,0,0,1,0,2,Current,32,0,0,Adequate,Medication,4,Medication Review,1,2026-09-28,1,P3,0
2026-10-01,PT-000691,CM-014,Pharmacy,Southeast,Medicare Advantage,81,Female,English,Phone,0,1,0,1,1,0,0,0,0,3,1.35,Medium,0,0,0,0,,,159,0,0,0,1,0,0,0,0,0,0,9,0.66,1,1,No,No,No,No,No,0,2026-09-03,28,0,0,0,0,0,0,0,0,2,Overdue,331,0,0,Adequate,Diet/Lifestyle,2,Care Gap Closure,4,2026-09-27,1,P3,0
2026-10-01,PT-000692,CM-013,Claims,Southeast,Medicare Advantage,75,Female,English,Caregiver,0,1,0,0,0,0,0,0,0,1,0.93,Low,0,0,0,0,,,148,0,0,0,1,0,0,0,1,0,0,8,0.91,0,0,No,No,Unknown,No,Yes,1,2026-09-02,29,0,0,0,1,0,0,0,0,2,Needs Review,124,0,0,Adequate,None,2,Care Gap Closure,6,2026-10-01,0,P4,0
2026-10-01,PT-000693,CM-018,EHR,Mid-Atlantic,Medicare Advantage,75,Male,English,Portal,0,1,0,0,0,0,0,1,0,2,1.21,Low,0,0,0,0,,,111,0,0,0,0,0,0,0,0,0,0,6,0.88,0,0,No,No,No,No,No,0,2026-09-11,20,0,1,0,0,0,0,0,0,3,Current,56,0,1,Low,None,0,Patient Outreach,3,2026-10-04,0,P3,0
2026-10-01,PT-000694,CM-016,CareMgmt,Southeast,Medicaid Managed Care,67,Male,Spanish,Phone,0,1,0,0,0,0,0,0,0,1,0.62,Low,1,0,0,0,,,98,0,0,0,0,0,0,0,0,0,0,7,0.77,1,0,No,No,Yes,No,No,1,2026-08-29,33,0,1,0,1,0,0,0,0,2,Current,59,0,0,Adequate,Medication,1,Patient Outreach,0,2026-09-27,1,P3,0
2026-10-01,PT-000695,CM-014,Pharmacy,Northeast,Dual Eligible,73,Female,Spanish,Phone,0,0,0,1,0,0,1,0,0,2,1.32,Medium,0,0,0,0,,,129,0,0,0,0,0,0,1,0,0,0,4,0.71,1,0,Yes,Unknown,No,Yes,Unknown,2,2026-07-29,64,0,1,0,0,0,0,0,0,3,Current,80,2,0,Adequate,CHF,2,Patient Education,1,2026-10-04,0,P4,0
2026-10-01,PT-000696,CM-016,Claims,Mid-Atlantic,Dual Eligible,85,Female,English,Phone,1,1,0,0,1,0,0,0,0,3,1.03,Medium,0,0,0,0,,7.0,156,0,0,0,1,0,0,0,0,0,1,9,0.79,1,0,No,No,No,No,No,0,2026-09-10,21,0,1,0,0,0,0,0,0,2,Needs Review,141,0,1,Adequate,Medication,3,Patient Outreach,3,2026-09-29,1,P3,0
2026-10-01,PT-000697,CM-006,Claims,Mid-Atlantic,Medicare Advantage,57,Female,English,Caregiver,0,1,0,0,0,1,0,0,0,2,1.19,High,4,0,3,1,6,,139,0,0,0,0,1,1,0,0,0,0,7,0.89,0,0,No,No,Yes,No,Yes,2,2026-08-13,49,2,0,0,0,0,0,0,1,3,Current,71,0,0,Adequate,None,2,Medication Review,0,2026-10-01,0,P3,0
2026-10-01,PT-000698,CM-004,EHR,Northeast,Medicaid Managed Care,32,Male,Other,Portal,0,0,0,0,0,0,0,0,0,0,0.67,Low,0,0,0,0,,,141,0,0,0,0,0,0,0,0,0,0,5,0.93,0,0,No,No,No,Yes,No,1,2026-09-23,8,0,1,0,1,0,0,0,0,0,Needs Review,109,0,0,Adequate,Medication,0,Patient Education,0,2026-09-30,1,P2,0
2026-10-01,PT-000699,CM-007,Claims,Northeast,Medicare Advantage,62,Male,English,SMS,1,0,0,0,0,0,0,0,0,1,0.99,Low,1,0,0,0,,5.2,106,0,1,1,0,0,0,0,0,0,0,5,0.94,0,0,No,Unknown,No,Yes,No,1,2026-08-24,38,1,0,0,1,0,0,0,0,2,Current,13,0,0,Adequate,Appointment Preparation,2,Patient Education,4,2026-10-05,0,P2,0
2026-10-01,PT-000700,CM-018,EHR,Midwest,Medicare Advantage,81,Male,English,Portal,1,0,0,0,0,0,0,0,1,1,1.16,Low,0,0,0,0,,8.3,122,0,0,0,0,0,0,0,0,0,0,5,0.76,1,1,Yes,No,No,No,No,1,2026-09-19,12,1,0,0,0,1,0,0,0,0,Overdue,286,1,0,Adequate,Medication,1,Patient Outreach,0,2026-09-30,1,P1,0
2026-10-01,PT-000701,CM-002,Claims,Northeast,Medicare Advantage,74,Female,English,Phone,1,0,0,1,0,0,0,0,0,2,0.87,Medium,0,0,0,1,16,7.5,124,0,1,1,0,1,0,0,0,0,1,10,0.8,0,1,No,No,No,No,No,0,2026-09-06,25,0,0,0,0,0,0,1,0,0,Current,80,0,0,Limited,COPD,4,Medication Review,0,2026-09-27,1,P1,0
2026-10-01,PT-000702,CM-008,Claims,Midwest,Medicare Advantage,77,Male,English,Phone,0,0,0,0,1,0,0,0,0,1,0.75,Low,0,0,0,0,,,125,0,0,0,0,0,0,0,0,0,0,3,1.0,0,0,No,Unknown,No,No,No,0,2026-09-16,15,0,0,0,0,0,0,0,0,2,Current,46,0,1,Adequate,None,0,Patient Education,0,2026-10-04,0,P2,0
2026-10-01,PT-000703,CM-009,Claims,Midwest,Medicare Advantage,69,Female,Spanish,Phone,0,1,0,0,0,0,0,0,0,1,0.77,Low,0,0,0,0,,,162,0,0,0,1,0,0,0,0,0,0,4,0.77,1,0,Unknown,No,No,No,No,0,2026-08-27,35,0,1,1,0,0,0,0,1,1,Current,15,0,0,Adequate,Medication,2,Patient Outreach,2,2026-10-02,0,P1,0
2026-10-01,PT-000704,CM-005,CareMgmt,Northeast,Commercial Complex Care,45,Female,Spanish,Portal,0,0,0,1,0,0,0,0,0,1,1.28,Medium,1,0,0,0,,,137,0,0,0,0,0,0,1,1,0,0,8,0.76,1,0,No,No,No,No,Unknown,0,2026-09-16,15,1,1,0,0,0,0,0,0,2,Current,83,0,1,Adequate,Medication,3,Patient Outreach,3,2026-10-06,0,P3,0
2026-10-01,PT-000705,CM-014,EHR,Mid-Atlantic,Dual Eligible,84,Female,English,Caregiver,1,1,0,0,0,0,0,0,0,2,1.45,Low,0,0,0,0,,7.5,151,0,0,0,1,0,0,0,0,0,0,7,1.0,0,0,Yes,No,No,No,No,1,2026-09-27,4,1,1,0,1,0,0,0,0,0,Current,80,0,0,Adequate,Diet/Lifestyle,1,Patient Outreach,0,2026-09-28,1,P4,0
2026-10-01,PT-000706,CM-002,HIE,Northeast,Commercial Complex Care,66,Male,English,Phone,0,0,0,0,0,0,0,0,0,0,0.68,Low,0,0,0,0,,,131,0,0,0,0,0,0,0,1,0,0,2,1.0,0,0,No,Yes,No,No,No,1,2026-09-06,25,1,0,1,1,0,1,0,0,2,Overdue,168,0,0,Adequate,Medication,1,Patient Outreach,4,2026-09-29,1,P2,0
2026-10-01,PT-000707,CM-013,CareMgmt,Northeast,Medicare Advantage,84,Female,English,Phone,0,1,0,0,0,0,0,0,0,1,1.27,Medium,0,0,0,0,,,140,0,0,0,1,1,0,1,1,0,0,4,0.64,1,0,No,No,No,No,Yes,1,2026-08-15,47,2,1,0,0,0,0,0,0,3,Overdue,303,0,0,Adequate,None,5,Provider Follow-up,7,2026-09-29,1,P2,0
2026-10-01,PT-000708,CM-003,CareMgmt,Northeast,Medicare Advantage,69,Female,English,SMS,0,1,0,0,0,0,0,0,0,1,0.7,Low,0,0,1,0,,,118,0,0,0,0,0,0,0,1,0,0,5,0.95,0,0,No,Yes,No,No,Yes,2,2026-08-25,37,0,1,0,1,0,0,0,0,1,Current,67,0,0,Adequate,Discharge Instructions,1,Social Resource Referral,5,2026-10-06,0,P3,0
2026-10-01,PT-000709,CM-014,Claims,Southeast,Medicare Advantage,64,Female,English,Caregiver,1,0,1,0,0,0,0,0,0,2,1.81,Medium,0,0,0,0,,6.8,134,0,0,0,0,0,0,0,1,0,0,7,0.9,0,1,No,No,No,No,Unknown,0,2026-10-01,0,0,1,0,0,0,0,0,0,3,Current,41,0,0,Adequate,Discharge Instructions,1,Social Resource Referral,3,2026-09-30,1,P3,0
2026-10-01,PT-000710,CM-018,HIE,Northeast,Medicaid Managed Care,70,Female,English,Phone,0,0,0,0,0,0,0,0,0,0,1.01,Low,0,0,0,0,,,125,0,0,0,0,0,0,0,1,1,0,6,0.64,1,0,No,No,Unknown,No,No,0,2026-09-06,25,0,0,1,0,0,0,0,0,0,Current,9,0,0,Limited,Diet/Lifestyle,3,Social Resource Referral,0,2026-09-28,1,P2,0
2026-10-01,PT-000711,CM-007,EHR,Mid-Atlantic,Medicare Advantage,76,Female,English,Phone,0,0,1,0,0,0,0,0,1,1,0.91,Medium,0,0,0,0,,,125,0,0,0,0,0,0,1,1,0,0,3,0.76,1,0,No,No,No,No,No,0,2026-08-25,37,1,0,0,0,0,0,0,0,1,Overdue,267,0,0,Limited,None,3,Care Gap Closure,0,2026-10-01,0,P3,0
2026-10-01,PT-000712,CM-004,Pharmacy,Northeast,Dual Eligible,72,Female,English,Caregiver,0,1,0,0,0,0,0,0,0,1,0.54,Low,2,0,0,0,,,131,0,0,0,0,1,0,0,0,0,0,4,1.0,0,0,Yes,Yes,Unknown,No,No,2,2026-08-27,35,4,0,0,0,0,0,0,0,0,Current,85,0,1,Adequate,Diet/Lifestyle,1,Patient Outreach,6,2026-09-30,1,P4,0
2026-10-01,PT-000713,CM-006,Claims,Midwest,Medicare Advantage,72,Female,English,Phone,0,1,0,0,0,0,1,0,0,2,0.82,Low,0,0,0,0,,,118,0,0,0,0,0,0,0,1,0,1,6,0.83,0,0,No,No,No,No,Yes,1,2026-09-12,19,2,0,0,0,0,0,0,0,2,Current,8,0,0,Adequate,None,2,Patient Outreach,3,2026-10-04,0,P3,0
2026-10-01,PT-000714,CM-006,HIE,Midwest,Medicare Advantage,82,Female,English,Phone,0,0,0,0,0,0,0,0,0,0,0.63,Low,0,0,0,0,,,120,0,0,0,0,0,0,0,0,0,0,4,1.0,0,0,No,No,No,No,No,0,2026-09-21,10,0,0,0,1,1,0,1,0,0,Needs Review,104,0,0,Limited,None,0,Medication Review,0,2026-10-03,0,P1,0
2026-10-01,PT-000715,CM-001,Pharmacy,Mid-Atlantic,Medicare Advantage,81,Male,English,Caregiver,0,0,0,0,0,0,1,0,0,1,1.03,Low,0,0,0,0,,,125,0,0,0,0,0,0,0,0,0,0,6,0.78,1,0,No,No,No,Yes,No,1,2026-08-18,44,0,0,0,0,0,0,0,1,1,Current,51,0,0,Limited,Diet/Lifestyle,1,Social Resource Referral,0,2026-10-02,0,P2,0
2026-10-01,PT-000716,CM-002,Pharmacy,Midwest,Medicaid Managed Care,52,Male,English,Phone,0,0,0,0,0,0,0,0,0,0,0.74,Low,0,0,0,0,,,136,0,0,0,0,0,0,0,1,0,0,2,0.64,1,0,Yes,No,No,No,No,1,2026-09-19,12,0,0,0,0,0,0,0,0,1,Current,8,0,0,Limited,COPD,2,Patient Outreach,0,2026-10-01,0,P4,0
2026-10-01,PT-000717,CM-006,EHR,Northeast,Dual Eligible,84,Male,English,Portal,1,1,0,0,0,1,1,1,0,5,1.41,High,0,0,0,0,,5.9,128,0,0,1,0,0,0,1,0,0,1,16,0.75,1,1,Unknown,No,Unknown,No,No,0,2026-10-01,0,0,0,0,0,0,0,1,0,4,Current,26,0,0,Adequate,Medication,4,Patient Outreach,0,2026-10-06,0,P4,0
2026-10-01,PT-000718,CM-006,EHR,Southeast,Medicaid Managed Care,70,Male,English,SMS,0,0,1,0,1,1,0,0,0,3,1.33,Medium,0,0,0,0,,,127,0,0,0,0,0,0,0,0,1,0,10,0.82,0,0,No,No,No,No,No,0,2026-09-29,2,3,0,1,0,1,0,1,0,3,Overdue,341,0,0,Low,Medication,1,Patient Outreach,1,2026-09-30,1,P4,0
2026-10-01,PT-000719,CM-006,EHR,Northeast,Medicare Advantage,75,Male,English,SMS,1,1,0,0,0,0,0,0,0,2,1.03,Medium,1,0,0,0,,6.4,127,1,0,0,0,0,0,0,0,0,1,8,0.75,1,0,No,No,No,No,Unknown,0,2026-08-25,37,0,1,0,0,0,0,1,1,3,Not Started,,0,0,Low,Discharge Instructions,3,Patient Outreach,3,2026-10-01,0,P1,0
2026-10-01,PT-000720,CM-014,CareMgmt,Mid-Atlantic,Medicaid Managed Care,60,Female,Other,Caregiver,0,1,0,0,1,1,0,0,0,3,1.06,High,1,0,0,1,24,,129,0,0,0,0,1,0,0,0,1,0,10,1.0,0,0,No,No,No,No,No,0,2026-09-20,11,0,0,0,0,0,0,0,0,3,Needs Review,146,0,0,Limited,Diet/Lifestyle,2,Medication Review,3,2026-10-02,0,P2,0
2026-10-01,PT-000721,CM-003,Pharmacy,Southeast,Medicaid Managed Care,44,Female,English,Caregiver,0,0,0,0,0,0,0,0,0,0,0.78,Low,0,0,0,0,,,126,0,0,0,0,0,0,0,0,0,0,0,0.86,0,0,No,No,No,No,No,0,2026-08-28,34,0,0,0,0,0,0,1,0,0,Current,43,0,0,Unknown,None,0,Care Gap Closure,0,2026-10-03,0,P4,0
2026-10-01,PT-000722,CM-012,EHR,Northeast,Medicare Advantage,78,Female,Bengali,Phone,0,1,1,0,0,0,0,0,0,2,1.31,High,2,0,0,0,,,148,0,0,0,1,0,0,1,0,0,0,7,0.76,1,0,No,Yes,No,No,No,1,2026-09-23,8,0,0,0,0,0,0,1,0,2,Current,17,0,0,Adequate,Medication,3,Social Resource Referral,4,2026-10-05,0,P4,0
2026-10-01,PT-000723,CM-011,CareMgmt,Northeast,Medicaid Managed Care,46,Female,English,SMS,0,1,0,0,0,0,0,0,0,1,0.2,Low,0,0,0,0,,,153,0,0,0,1,0,0,0,0,0,0,1,0.7,0,0,No,No,No,Yes,No,1,2026-09-10,21,0,0,0,0,1,0,0,0,3,Not Started,,1,0,Low,CHF,1,Patient Outreach,3,2026-10-01,0,P4,0
2026-10-01,PT-000724,CM-008,Claims,Southwest,Medicare Advantage,72,Male,English,Portal,0,0,0,0,1,1,1,0,0,3,1.18,Medium,0,0,1,0,,,112,0,0,0,0,1,0,1,0,0,0,8,0.82,0,0,No,No,No,No,Yes,1,2026-09-24,7,3,0,0,0,0,0,1,1,3,Overdue,205,0,0,Limited,None,2,Care Plan Update,7,2026-09-30,1,P2,1
2026-10-01,PT-000725,CM-011,Claims,Southeast,Dual Eligible,81,Male,Spanish,Phone,1,1,0,0,0,1,0,0,0,3,1.02,Medium,0,0,0,0,,8.3,154,1,0,0,1,0,0,0,0,0,0,8,0.79,1,0,Yes,No,No,No,Yes,2,2026-09-02,29,0,0,0,1,0,0,1,0,3,Needs Review,146,0,0,Adequate,Diabetes,3,Social Resource Referral,5,2026-09-27,1,P2,0
2026-10-01,PT-000726,CM-012,Claims,Southeast,Dual Eligible,60,Female,English,Phone,1,1,0,0,0,1,0,0,0,3,1.26,Medium,0,0,0,0,,6.5,145,0,0,0,1,0,0,0,0,1,0,12,0.76,1,0,No,No,No,No,Yes,1,2026-08-25,37,0,0,1,1,1,0,0,1,3,Current,9,0,0,Adequate,Medication,3,Care Gap Closure,0,2026-10-01,0,P1,0
2026-10-01,PT-000727,CM-015,Pharmacy,Midwest,Medicare Advantage,83,Female,Bengali,Phone,0,0,1,1,0,0,0,0,1,2,1.45,Medium,1,0,0,0,,,107,0,0,0,0,0,0,0,1,0,0,7,0.86,0,0,No,No,No,No,No,0,2026-09-06,25,0,0,0,0,0,0,0,0,1,Current,55,0,0,Limited,Medication,1,Patient Outreach,1,2026-10-05,0,P1,0
2026-10-01,PT-000728,CM-001,EHR,Northeast,Medicaid Managed Care,72,Male,English,SMS,1,1,0,0,0,1,0,0,0,3,1.17,Medium,0,0,0,0,,9.1,148,1,1,0,1,0,0,0,0,0,0,9,0.93,0,1,No,No,No,No,No,0,2026-08-31,31,1,1,0,0,0,0,0,0,3,Current,46,0,1,Adequate,Diabetes,3,Post-Discharge Follow-up,0,2026-09-30,1,P4,0
2026-10-01,PT-000729,CM-008,Claims,Southeast,Medicaid Managed Care,83,Male,Russian,Phone,1,1,0,0,1,1,0,0,0,4,1.69,High,0,0,0,0,,7.1,136,0,1,0,0,1,0,0,0,0,1,12,0.63,1,1,No,Yes,No,Yes,Yes,3,2026-08-12,50,0,0,0,0,0,1,0,0,2,Current,80,2,0,Limited,Diet/Lifestyle,4,Care Gap Closure,3,2026-09-28,1,P4,0
2026-10-01,PT-000730,CM-011,CareMgmt,Northeast,Dual Eligible,71,Male,English,Phone,0,1,0,0,0,0,0,0,0,1,1.13,Low,0,0,0,0,,,152,0,0,0,1,0,0,0,0,0,0,4,0.74,1,1,No,No,Yes,No,Yes,2,2026-08-10,52,0,0,0,0,0,0,0,0,2,Current,46,0,0,Low,Diet/Lifestyle,2,Patient Education,0,2026-10-04,0,P4,0
2026-10-01,PT-000731,CM-015,HIE,Northeast,Dual Eligible,74,Male,English,Portal,1,0,0,0,0,0,0,0,0,1,0.84,Low,0,0,0,0,,8.1,111,0,0,0,0,0,0,1,0,1,1,5,0.84,0,1,No,No,Unknown,No,No,0,2026-09-22,9,0,0,0,0,0,0,1,0,2,Current,59,0,0,Adequate,Diet/Lifestyle,3,Patient Education,0,2026-09-28,1,P3,0
2026-10-01,PT-000732,CM-018,Claims,Southeast,Medicaid Managed Care,62,Female,Russian,Portal,0,1,0,0,1,0,0,0,0,2,1.57,Medium,0,0,0,1,17,,145,0,0,0,1,1,0,0,1,0,0,10,0.82,0,0,Yes,No,No,No,No,1,2026-09-21,10,0,0,0,0,0,0,0,0,1,Current,78,0,0,Low,Medication,3,Patient Outreach,0,2026-10-05,0,P4,1
2026-10-01,PT-000733,CM-011,Pharmacy,Midwest,Medicare Advantage,61,Male,English,SMS,0,0,0,0,0,0,0,0,0,0,0.73,Low,0,0,0,0,,,143,0,0,0,0,0,1,0,0,0,0,2,0.92,0,1,No,No,No,No,Yes,1,2026-09-14,17,1,0,0,0,0,0,0,0,0,Current,89,0,0,Adequate,CHF,1,Social Resource Referral,0,2026-09-28,1,P2,0
2026-10-01,PT-000734,CM-010,CareMgmt,Midwest,Medicare Advantage,76,Female,Spanish,Phone,0,0,0,0,1,0,0,0,0,1,0.96,Medium,1,0,0,0,,,164,0,0,0,0,0,0,0,1,0,0,4,0.76,1,0,No,No,No,Yes,No,1,2026-08-27,35,0,1,0,0,1,0,0,0,0,Needs Review,120,0,0,Low,None,2,Patient Outreach,7,2026-10-03,0,P1,1
2026-10-01,PT-000735,CM-010,HIE,Northeast,Medicare Advantage,80,Male,English,Phone,0,0,0,0,0,0,0,0,0,0,0.48,Low,0,0,0,0,,,118,0,0,0,0,0,0,0,0,0,0,2,0.82,0,0,No,Unknown,No,No,No,0,2026-09-26,5,0,0,0,0,0,0,0,0,0,Current,82,0,0,Adequate,None,0,Care Plan Update,0,2026-10-06,0,P4,0
2026-10-01,PT-000736,CM-007,EHR,Southwest,Medicare Advantage,71,Female,English,Phone,1,0,1,0,0,0,0,0,0,2,1.55,High,2,0,2,1,2,,139,1,0,0,0,1,1,0,0,0,0,2,0.8,0,1,Yes,No,No,No,No,1,2026-09-11,20,2,0,0,0,1,0,0,0,2,Needs Review,98,0,0,Adequate,Diabetes,3,Care Plan Update,5,2026-09-30,1,P4,0
2026-10-01,PT-000737,CM-006,CareMgmt,Mid-Atlantic,Medicare Advantage,70,Female,English,Phone,0,1,0,0,1,0,0,0,0,2,1.14,Medium,0,0,0,0,,,150,0,0,0,1,0,0,0,0,0,0,11,0.82,0,0,Yes,No,Yes,No,No,2,2026-08-18,44,0,0,0,0,0,0,0,0,3,Current,78,0,0,Limited,Appointment Preparation,1,Social Resource Referral,0,2026-09-29,1,P2,0
2026-10-01,PT-000738,CM-005,EHR,Southwest,Commercial Complex Care,31,Female,Bengali,Caregiver,0,0,0,0,0,0,0,0,0,0,0.99,Low,0,0,0,1,9,,126,0,0,0,0,1,1,1,0,0,0,2,1.0,0,0,No,No,No,No,No,0,2026-09-08,23,0,0,0,0,0,0,0,0,2,Current,43,0,0,Unknown,Discharge Instructions,3,Patient Education,4,2026-10-04,0,P2,0
2026-10-01,PT-000739,CM-010,Claims,Southwest,Dual Eligible,80,Female,English,Phone,1,0,0,0,0,1,0,0,0,2,1.01,Low,0,0,0,0,,8.8,115,0,1,0,0,0,0,1,1,0,0,6,0.83,0,0,No,Unknown,Yes,No,Unknown,1,2026-08-04,58,1,0,0,0,0,0,0,0,2,Current,69,0,0,Limited,None,3,Patient Outreach,3,2026-09-29,1,P3,0
2026-10-01,PT-000740,CM-015,Pharmacy,Mid-Atlantic,Medicare Advantage,79,Male,English,SMS,0,1,0,0,0,0,0,0,0,1,0.65,Low,0,0,0,0,,,141,0,0,0,1,0,0,0,0,0,0,2,0.76,1,0,No,No,No,No,No,0,2026-09-12,19,0,0,1,0,0,0,0,0,2,Needs Review,107,0,0,Limited,Appointment Preparation,2,Medication Review,5,2026-09-29,1,P3,0
2026-10-01,PT-000741,CM-011,Claims,Southeast,Dual Eligible,83,Male,Spanish,Phone,0,1,1,0,0,1,0,0,1,3,1.38,Medium,0,0,0,0,,,129,0,0,0,0,0,0,1,0,0,0,10,0.81,0,0,No,No,No,No,Unknown,0,2026-09-10,21,2,0,0,0,0,0,0,0,3,Current,20,0,0,Adequate,None,1,Care Gap Closure,0,2026-10-01,0,P2,0
2026-10-01,PT-000742,CM-015,Pharmacy,Southwest,Commercial Complex Care,77,Female,English,Caregiver,1,1,0,0,0,0,0,0,0,2,1.27,Low,1,0,0,0,,8.0,117,0,0,0,0,0,0,0,0,0,0,12,1.0,0,0,No,No,No,No,Unknown,0,2026-10-01,0,1,1,0,0,0,0,0,0,1,Overdue,248,1,0,Unknown,Medication,0,Post-Discharge Follow-up,5,2026-10-03,0,P3,0
2026-10-01,PT-000743,CM-002,CareMgmt,Mid-Atlantic,Medicare Advantage,64,Female,English,SMS,0,0,0,0,1,0,0,0,0,1,1.58,Low,0,0,0,0,,,143,0,0,0,0,0,0,0,0,0,0,3,0.65,1,0,No,Unknown,No,No,No,0,2026-09-14,17,0,0,0,0,0,0,1,0,3,Current,44,0,1,Limited,Discharge Instructions,1,Patient Outreach,0,2026-10-02,0,P3,0
2026-10-01,PT-000744,CM-015,Pharmacy,Mid-Atlantic,Commercial Complex Care,59,Male,English,Phone,0,1,0,0,0,0,0,0,0,1,0.84,Low,0,0,0,0,,,101,0,0,0,0,0,0,1,0,0,1,2,1.0,0,0,No,Unknown,No,No,No,0,2026-10-01,0,0,0,0,0,0,0,0,0,3,Needs Review,147,0,0,Adequate,None,2,Post-Discharge Follow-up,10,2026-09-28,1,P4,0
2026-10-01,PT-000745,CM-016,CareMgmt,Midwest,Dual Eligible,75,Female,English,Portal,0,1,0,0,0,0,0,1,0,2,1.42,Medium,0,0,0,0,,,114,0,0,0,0,0,0,0,0,0,0,7,0.76,1,0,No,No,Yes,Yes,Yes,3,2026-08-22,40,0,0,0,1,0,0,0,0,2,Overdue,164,0,0,Adequate,Appointment Preparation,1,Provider Follow-up,0,2026-10-04,0,P4,0
2026-10-01,PT-000746,CM-012,CareMgmt,Southeast,Medicare Advantage,75,Female,English,Caregiver,0,1,0,0,0,0,0,0,0,1,1.25,Low,0,0,0,0,,,123,0,0,0,0,0,0,0,0,0,0,8,0.73,1,1,Yes,No,No,No,Yes,2,2026-08-17,45,0,0,0,0,0,0,0,0,3,Current,24,0,0,Limited,Diet/Lifestyle,1,Patient Outreach,1,2026-10-01,0,P3,0
2026-10-01,PT-000747,CM-011,Pharmacy,Southwest,Dual Eligible,72,Male,Chinese,Caregiver,0,1,0,0,1,1,1,0,0,4,1.76,Medium,0,0,0,0,,,134,0,0,0,0,0,0,0,0,1,0,12,0.89,0,1,No,No,No,No,No,0,2026-07-29,64,0,0,0,1,0,0,0,0,1,Overdue,324,0,0,Adequate,COPD,1,Patient Outreach,0,2026-09-28,1,P1,0
2026-10-01,PT-000748,CM-008,Pharmacy,Southwest,Medicare Advantage,64,Female,English,Phone,0,1,0,0,1,0,0,0,0,2,1.04,Low,0,0,0,0,,,148,0,0,0,1,0,0,0,0,0,1,9,0.82,0,0,No,No,No,No,No,0,2026-09-04,27,1,1,0,0,0,0,1,0,2,Current,60,0,0,Limited,Medication,2,Social Resource Referral,2,2026-10-05,0,P2,0
2026-10-01,PT-000749,CM-006,Pharmacy,Southeast,Medicare Advantage,88,Female,Spanish,Portal,1,0,0,0,0,0,0,0,0,1,0.26,Low,0,0,0,0,,6.4,118,1,0,1,0,1,0,0,0,0,1,3,0.92,0,0,No,No,No,No,No,0,2026-09-04,27,0,0,0,0,0,0,0,0,0,Needs Review,144,0,0,Adequate,None,4,Patient Education,4,2026-10-06,0,P3,0
2026-10-01,PT-000750,CM-007,HIE,Northeast,Dual Eligible,84,Male,English,Phone,1,1,0,0,0,0,1,1,0,4,1.13,Medium,1,0,0,0,,10.2,162,0,1,0,1,0,0,0,1,0,0,8,0.98,0,0,No,No,No,No,Unknown,0,2026-08-21,41,0,1,0,1,0,0,1,1,2,Needs Review,109,0,0,Low,None,3,Care Gap Closure,0,2026-09-27,1,P3,0
2026-10-01,PT-000751,CM-006,Pharmacy,Midwest,Medicare Advantage,72,Female,Spanish,Phone,0,0,0,1,0,0,0,0,0,1,1.07,Low,0,1,0,0,,,121,0,0,0,0,0,0,1,0,0,0,2,0.93,0,0,No,No,No,No,No,0,2026-08-23,39,0,1,0,0,0,0,0,0,2,Current,11,1,0,Limited,None,1,Care Plan Update,0,2026-09-29,1,P4,0
2026-10-01,PT-000752,CM-018,HIE,Mid-Atlantic,Medicaid Managed Care,81,Male,Unknown,Caregiver,1,1,0,0,1,0,0,0,0,3,1.67,High,1,0,2,1,24,5.8,133,0,0,0,0,1,1,0,0,0,0,10,0.9,0,0,Unknown,Yes,No,No,Yes,2,2026-08-30,32,2,0,0,1,0,0,0,0,4,Current,81,0,0,Adequate,None,2,Care Gap Closure,2,2026-09-28,1,P2,1
2026-10-01,PT-000753,CM-012,CareMgmt,Southwest,Dual Eligible,86,Female,English,Phone,0,1,0,0,0,0,1,1,0,3,1.41,Medium,0,0,0,0,,,129,0,0,0,0,0,0,1,0,0,0,10,0.94,0,0,Yes,No,No,No,No,1,2026-08-17,45,0,0,0,1,0,0,0,0,2,Overdue,185,0,0,Adequate,Medication,1,Care Plan Update,5,2026-10-01,0,P3,0
2026-10-01,PT-000754,CM-015,HIE,Northeast,Dual Eligible,76,Female,English,Phone,1,0,0,0,0,0,1,0,0,2,1.02,Low,0,0,0,0,,6.9,153,0,1,0,0,0,0,1,1,0,0,7,0.84,0,1,Unknown,Yes,No,No,No,1,2026-09-04,27,0,0,0,0,0,1,0,0,1,Overdue,156,0,1,Adequate,Diet/Lifestyle,3,Care Gap Closure,2,2026-10-01,0,P2,0
2026-10-01,PT-000755,CM-010,CareMgmt,Northeast,Dual Eligible,65,Female,English,Portal,0,1,0,0,1,0,0,0,0,2,1.73,Medium,1,0,0,0,,,126,0,0,0,0,1,0,0,0,0,0,6,0.79,1,0,No,Yes,Unknown,No,No,1,2026-09-20,11,0,0,0,0,0,1,0,0,0,Needs Review,129,1,0,Limited,None,2,Post-Discharge Follow-up,1,2026-10-04,0,P2,0
2026-10-01,PT-000756,CM-001,CareMgmt,Midwest,Medicaid Managed Care,65,Female,Chinese,Portal,0,1,0,1,0,0,0,0,0,2,1.39,Medium,0,0,0,0,,,144,0,0,0,1,0,0,0,0,1,0,8,0.74,1,1,No,No,No,No,No,0,2026-08-27,35,3,0,0,0,0,0,0,0,3,Current,26,0,0,Adequate,Medication,3,Care Gap Closure,4,2026-10-05,0,P4,0
2026-10-01,PT-000757,CM-013,HIE,Northeast,Medicare Advantage,72,Male,Chinese,Caregiver,0,0,0,0,0,0,0,0,0,0,0.9,Low,0,0,0,0,,,123,0,0,0,0,0,0,0,0,0,0,0,0.91,0,0,No,Unknown,No,No,Unknown,0,2026-09-20,11,1,0,0,0,0,0,0,0,0,Current,48,0,0,Adequate,Diet/Lifestyle,0,Provider Follow-up,0,2026-09-30,1,P2,0
2026-10-01,PT-000758,CM-007,HIE,Southeast,Medicare Advantage,75,Male,Other,Phone,0,0,0,0,0,0,0,0,0,0,0.26,Low,0,0,0,0,,,151,0,0,0,0,0,0,1,0,0,0,4,0.86,0,0,No,No,Unknown,No,Unknown,0,2026-09-05,26,1,0,0,0,0,0,1,0,0,Current,79,0,0,Adequate,Appointment Preparation,1,Social Resource Referral,0,2026-10-05,0,P1,0
2026-10-01,PT-000759,CM-006,EHR,Southeast,Commercial Complex Care,55,Male,English,Phone,0,1,0,0,0,0,0,0,0,1,0.62,Low,0,0,0,0,,,143,0,0,0,1,0,0,0,0,0,0,10,0.85,0,0,No,Yes,No,No,No,1,2026-09-14,17,5,0,0,1,0,0,0,1,0,Current,86,0,0,Unknown,None,1,Patient Outreach,1,2026-10-03,0,P4,0
2026-10-01,PT-000760,CM-008,Claims,Midwest,Dual Eligible,77,Male,English,Phone,0,1,0,0,0,0,0,0,0,1,1.11,Low,0,0,0,0,,,101,0,0,0,0,0,0,1,0,0,0,7,0.74,1,0,Yes,Yes,No,No,No,2,2026-09-02,29,0,0,0,0,0,1,1,0,1,Needs Review,145,0,0,Adequate,Diabetes,2,Patient Outreach,1,2026-10-06,0,P2,0
2026-10-01,PT-000761,CM-001,EHR,Midwest,Medicare Advantage,75,Male,English,Portal,0,0,0,0,0,0,0,0,0,0,1.12,Low,0,0,0,0,,,136,0,0,0,0,1,0,0,0,1,0,4,0.86,0,0,No,Unknown,No,No,Yes,1,2026-09-07,24,0,1,0,0,0,0,0,0,0,Current,27,0,0,Low,None,2,Medication Review,1,2026-10-01,0,P4,0
2026-10-01,PT-000762,CM-006,Pharmacy,Northeast,Medicare Advantage,67,Male,Spanish,Caregiver,0,0,0,0,0,1,0,0,0,1,1.39,Low,0,0,0,0,,,144,0,0,0,0,0,0,1,0,1,0,6,0.74,1,0,No,Yes,No,Unknown,Unknown,1,2026-08-09,53,0,1,0,0,0,1,0,1,2,Current,43,0,0,Adequate,Medication,3,Post-Discharge Follow-up,3,2026-10-05,0,P4,0
2026-10-01,PT-000763,CM-009,CareMgmt,Southeast,Medicare Advantage,85,Male,Bengali,SMS,1,1,0,1,1,0,1,0,0,5,1.72,High,1,0,0,0,,,139,0,0,0,0,0,0,0,1,0,0,15,0.65,1,0,No,No,No,No,No,0,,13,0,1,0,0,0,0,0,0,3,Not Started,,0,0,Low,COPD,2,Patient Outreach,5,2026-10-04,0,P1,0
2026-10-01,PT-000764,CM-015,Pharmacy,Midwest,Medicaid Managed Care,51,Male,English,Phone,0,0,0,1,0,0,0,0,0,1,0.94,Low,1,0,0,0,,,136,0,0,0,0,0,0,0,1,0,0,1,0.7,0,0,No,No,No,No,Yes,1,2026-08-15,47,0,0,1,0,0,0,0,0,1,Needs Review,121,0,0,Adequate,Medication,1,Patient Outreach,1,2026-09-28,1,P3,0
2026-10-01,PT-000765,CM-013,CareMgmt,Southeast,Medicare Advantage,69,Male,English,Caregiver,0,0,0,0,0,0,1,0,0,1,0.89,Low,0,0,0,0,,,153,0,0,0,0,0,0,0,0,0,0,5,0.99,0,0,No,No,No,No,Unknown,0,2026-09-16,15,0,0,0,0,0,0,0,0,2,Current,44,0,0,Adequate,Medication,0,Patient Outreach,7,2026-10-04,0,P4,0
2026-10-01,PT-000766,CM-003,CareMgmt,Mid-Atlantic,Medicare Advantage,67,Female,English,Phone,0,0,0,0,0,0,0,0,0,0,0.53,Low,0,0,0,0,,,130,0,0,0,0,1,0,0,0,0,0,3,0.91,0,0,No,No,No,No,Yes,1,2026-08-20,42,2,0,0,0,0,0,0,0,0,Needs Review,98,0,0,Adequate,None,1,Patient Outreach,8,2026-10-01,0,P4,0
2026-10-01,PT-000767,CM-002,CareMgmt,Northeast,Medicare Advantage,81,Male,English,Phone,0,1,0,0,0,0,0,0,0,1,0.86,Low,0,0,0,0,,,132,0,0,0,0,0,0,0,0,0,0,2,0.82,0,0,No,Unknown,No,Unknown,No,0,2026-09-02,29,0,0,0,0,0,0,0,0,1,Not Started,,0,0,Adequate,CHF,0,Patient Outreach,3,2026-09-28,1,P4,0
2026-10-01,PT-000768,CM-004,Pharmacy,Southeast,Medicare Advantage,66,Female,English,Portal,0,1,0,0,0,0,0,0,0,1,0.98,Low,0,0,0,0,,,142,0,0,0,1,0,0,0,0,1,0,4,1.0,0,0,Yes,Yes,No,No,No,2,2026-09-02,29,0,1,0,1,1,0,0,0,2,Current,54,0,0,Adequate,CHF,2,Care Gap Closure,4,2026-09-29,1,P3,0
2026-10-01,PT-000769,CM-006,CareMgmt,Southwest,Medicaid Managed Care,47,Female,English,Portal,0,0,0,0,0,1,0,0,0,1,0.88,Low,1,0,0,0,,,142,0,0,0,0,0,0,1,0,0,0,3,0.65,1,0,No,No,No,No,Unknown,0,2026-09-04,27,0,1,0,0,0,0,0,0,2,Not Started,,0,0,Adequate,None,2,Patient Outreach,2,2026-10-01,0,P3,0
2026-10-01,PT-000770,CM-011,EHR,Northeast,Medicaid Managed Care,68,Male,English,Phone,0,0,0,0,1,1,0,0,0,2,1.4,Medium,0,0,1,0,,,143,0,0,0,0,1,0,0,0,1,0,4,0.78,1,0,No,No,No,No,No,0,2026-10-01,0,0,0,0,0,0,0,0,0,1,Current,41,0,0,Limited,Medication,3,Medication Review,3,2026-09-30,1,P4,0
2026-10-01,PT-000771,CM-005,CareMgmt,Southwest,Commercial Complex Care,42,Female,English,Phone,0,0,0,0,0,0,0,0,0,0,0.95,Low,0,1,0,0,,,130,0,0,0,0,0,0,1,0,0,0,3,0.64,1,0,No,No,Yes,No,No,1,2026-09-22,9,0,1,0,0,0,0,0,0,0,Overdue,186,0,0,Adequate,None,2,Provider Follow-up,5,2026-10-04,0,P2,0
2026-10-01,PT-000772,CM-006,Claims,Southwest,Medicaid Managed Care,64,Female,English,Caregiver,1,0,0,0,0,0,0,1,0,2,1.0,Low,0,0,0,0,,,133,0,0,0,0,0,0,0,0,0,0,8,0.83,0,0,No,Yes,No,No,No,1,2026-08-26,36,0,0,0,0,0,1,0,0,1,Current,33,0,0,Low,Appointment Preparation,0,Social Resource Referral,0,2026-10-01,0,P2,0
2026-10-01,PT-000773,CM-017,Claims,Southeast,Medicaid Managed Care,28,Female,English,Phone,1,0,1,0,0,0,0,0,0,2,1.82,Medium,0,0,0,0,,6.7,122,1,0,0,0,1,0,0,0,0,0,7,0.8,0,0,No,Yes,Yes,No,No,2,2026-08-14,48,0,1,0,1,0,0,1,0,3,Current,40,1,0,Limited,COPD,2,Care Gap Closure,4,2026-09-30,1,P4,0
2026-10-01,PT-000774,CM-012,Claims,Midwest,Dual Eligible,86,Female,English,Phone,0,0,1,0,0,0,0,0,0,1,0.86,Medium,0,0,0,0,,,159,0,0,0,0,0,0,1,1,0,0,4,0.56,1,0,No,No,Yes,No,Yes,2,2026-08-20,42,3,0,0,0,0,0,0,0,2,Not Started,,0,0,Adequate,None,3,Social Resource Referral,3,2026-10-06,0,P3,0
2026-10-01,PT-000775,CM-004,CareMgmt,Southeast,Medicare Advantage,71,Male,English,Phone,0,1,1,0,0,0,0,0,0,2,1.46,Medium,1,0,0,0,,,151,0,0,0,1,0,1,1,0,0,0,4,0.87,0,0,No,No,No,No,Yes,1,,40,0,0,1,1,0,0,1,0,3,Current,89,0,0,Low,None,3,Medication Review,14,2026-10-01,0,P3,0
2026-10-01,PT-000776,CM-010,CareMgmt,Southwest,Commercial Complex Care,36,Female,Other,SMS,1,0,0,0,0,0,0,0,0,1,1.28,Medium,0,0,0,1,8,8.6,115,1,0,0,0,0,0,0,0,0,1,10,0.79,1,1,Unknown,Unknown,No,No,No,0,2026-10-01,0,0,1,0,0,0,0,0,1,1,Current,27,0,0,Limited,Medication,3,Post-Discharge Follow-up,0,2026-09-28,1,P3,0
2026-10-01,PT-000777,CM-011,Pharmacy,Mid-Atlantic,Medicaid Managed Care,45,Female,English,Phone,0,1,0,0,0,0,0,0,0,1,1.08,Low,0,0,0,0,,,126,0,0,0,0,0,0,0,0,0,0,6,0.7,1,0,Yes,Unknown,No,No,No,1,2026-08-17,45,0,1,0,0,0,0,0,0,0,Overdue,154,0,0,Adequate,None,1,Patient Education,0,2026-09-30,1,P3,0
2026-10-01,PT-000778,CM-011,HIE,Northeast,Medicare Advantage,81,Female,English,Phone,1,1,0,0,0,0,0,0,0,2,0.94,Low,1,0,0,0,,8.6,133,0,0,0,0,0,0,0,0,0,0,7,0.81,0,0,No,No,No,No,No,0,2026-09-30,1,0,0,0,0,0,0,0,0,3,Current,18,0,1,Limited,None,0,Provider Follow-up,2,2026-10-04,0,P3,0
2026-10-01,PT-000779,CM-017,CareMgmt,Southeast,Medicaid Managed Care,49,Female,English,Phone,0,0,0,0,0,0,0,0,0,0,0.6,Low,0,0,0,0,,,133,0,0,0,0,0,0,1,0,0,0,4,0.84,0,0,No,No,No,Unknown,Yes,1,2026-09-11,20,0,1,0,0,0,0,0,0,0,Current,21,0,0,Adequate,Appointment Preparation,1,Provider Follow-up,3,2026-09-30,1,P2,0
2026-10-01,PT-000780,CM-017,EHR,Northeast,Medicare Advantage,65,Male,English,Phone,0,0,1,0,0,1,0,0,0,2,1.77,Medium,0,0,2,0,,,126,0,0,0,0,0,0,0,1,0,0,12,0.76,1,0,No,Yes,Unknown,No,Unknown,1,2026-09-10,21,3,1,1,0,0,1,0,0,2,Needs Review,96,0,0,Limited,Diabetes,2,Patient Outreach,4,2026-10-03,0,P2,0
2026-10-01,PT-000781,CM-013,EHR,Mid-Atlantic,Dual Eligible,72,Male,English,Phone,1,0,0,0,0,0,0,0,0,1,0.72,Low,0,0,0,0,,8.7,124,0,1,0,0,0,0,0,0,0,0,4,0.67,1,0,No,Yes,No,No,Unknown,1,2026-09-24,7,0,0,0,0,0,0,0,1,2,Current,42,0,0,Adequate,Diabetes,2,Provider Follow-up,4,2026-09-29,1,P2,0
2026-10-01,PT-000782,CM-002,EHR,Mid-Atlantic,Commercial Complex Care,72,Male,English,Phone,0,0,0,1,0,0,0,0,0,1,0.87,Medium,1,0,0,0,,,100,0,0,0,0,0,0,0,0,0,0,3,0.73,1,0,Yes,Yes,No,No,Unknown,2,2026-09-12,19,0,0,0,0,0,0,0,0,1,Not Started,,0,0,Limited,None,1,Care Gap Closure,0,2026-09-30,1,P3,0
2026-10-01,PT-000783,CM-008,EHR,Northeast,Commercial Complex Care,33,Male,Spanish,Portal,1,0,1,0,0,0,0,0,0,2,1.16,Medium,0,0,0,0,,9.7,133,0,1,0,0,0,0,0,0,0,0,4,0.87,0,0,No,No,No,Yes,No,1,2026-09-19,12,1,1,0,0,0,0,0,0,0,Current,32,1,0,Adequate,Diabetes,1,Patient Outreach,11,2026-10-02,0,P2,0
2026-10-01,PT-000784,CM-009,CareMgmt,Mid-Atlantic,Dual Eligible,69,Female,English,Phone,0,0,0,1,0,0,0,0,1,1,0.81,Low,0,0,0,0,,,157,0,0,0,0,0,0,0,0,1,0,7,0.99,0,1,Yes,No,No,No,Unknown,1,2026-09-02,29,0,0,0,0,0,0,0,0,0,Current,55,0,0,Limited,Diet/Lifestyle,1,Patient Education,2,2026-10-01,0,P3,0
2026-10-01,PT-000785,CM-017,Claims,Northeast,Medicaid Managed Care,72,Male,English,Phone,0,0,0,0,0,0,0,0,0,0,0.59,Low,1,0,0,0,,,159,0,0,0,0,0,0,0,0,0,0,6,0.9,0,1,Yes,No,No,No,No,1,2026-09-05,26,0,1,0,0,0,0,0,0,1,Needs Review,93,0,0,Adequate,None,0,Care Plan Update,2,2026-09-27,1,P3,0
2026-10-01,PT-000786,CM-003,Claims,Midwest,Medicaid Managed Care,60,Male,Chinese,SMS,1,0,0,0,0,0,0,0,0,1,0.56,Low,1,0,0,0,,6.6,129,0,0,0,0,0,0,0,0,0,1,2,0.83,0,0,No,No,No,No,No,0,2026-09-15,16,0,0,0,0,0,0,0,0,0,Overdue,200,0,0,Limited,Discharge Instructions,1,Medication Review,5,2026-10-03,0,P2,0
2026-10-01,PT-000787,CM-002,Claims,Mid-Atlantic,Medicaid Managed Care,43,Male,English,SMS,0,0,0,0,0,1,0,0,0,1,1.04,Low,0,0,0,0,,,107,0,0,0,0,1,0,0,1,0,0,8,0.51,1,0,Unknown,No,No,No,Yes,1,2026-08-21,41,0,0,0,0,0,0,0,0,1,Overdue,268,0,0,Adequate,None,3,Patient Education,4,2026-09-29,1,P2,0
2026-10-01,PT-000788,CM-001,Claims,Southeast,Commercial Complex Care,41,Male,English,Phone,0,0,0,0,1,1,0,0,0,2,1.16,Medium,1,0,0,0,,,152,0,0,0,0,0,0,0,1,0,0,6,0.8,0,0,No,No,No,No,No,0,2026-09-14,17,0,0,0,0,0,0,0,0,2,Current,12,0,0,Adequate,Medication,1,Provider Follow-up,2,2026-10-01,0,P3,0
2026-10-01,PT-000789,CM-018,Claims,Northeast,Medicare Advantage,68,Male,English,Portal,0,1,0,0,0,1,0,0,0,2,1.1,Medium,4,0,0,0,,,158,0,0,0,1,1,0,0,0,0,0,8,0.98,0,0,No,No,No,No,No,0,,0,2,0,0,0,0,0,0,0,1,Overdue,287,0,1,Adequate,None,2,Care Gap Closure,1,2026-10-02,0,P3,0
2026-10-01,PT-000790,CM-014,Pharmacy,Midwest,Medicaid Managed Care,63,Male,English,SMS,0,1,0,0,0,0,0,0,0,1,0.78,Medium,0,0,0,0,,,153,0,0,0,1,0,0,0,0,0,0,5,0.78,1,1,Yes,No,Yes,No,Yes,3,2026-09-06,25,1,1,0,0,0,0,0,0,0,Needs Review,136,0,0,Limited,Appointment Preparation,2,Social Resource Referral,4,2026-09-30,1,P3,0
2026-10-01,PT-000791,CM-008,Pharmacy,Midwest,Medicare Advantage,73,Female,Spanish,SMS,0,1,0,0,1,0,0,0,0,2,1.67,Low,0,0,0,0,,,114,0,0,0,0,0,0,0,1,0,0,1,0.82,0,1,No,No,No,No,No,0,2026-09-18,13,0,1,0,0,0,0,0,0,2,Current,16,0,0,Unknown,Appointment Preparation,1,Care Gap Closure,4,2026-10-05,0,P3,0
2026-10-01,PT-000792,CM-005,Claims,Southwest,Medicare Advantage,68,Female,English,Phone,0,0,0,0,0,0,0,0,0,0,0.89,Low,0,0,0,0,,,135,0,0,0,0,0,0,1,0,0,0,0,0.75,0,0,No,No,No,No,No,0,2026-09-02,29,0,0,0,0,0,0,0,0,2,Needs Review,114,1,0,Limited,Diet/Lifestyle,1,Medication Review,1,2026-09-28,1,P3,0
2026-10-01,PT-000793,CM-006,EHR,Southwest,Medicare Advantage,79,Female,English,Caregiver,0,0,0,1,0,0,1,0,0,2,1.12,Medium,3,0,0,0,,,96,0,0,0,0,0,0,0,0,0,1,5,0.66,1,0,No,No,No,No,No,0,2026-09-13,18,0,0,0,1,0,0,0,0,1,Overdue,237,0,1,Limited,Discharge Instructions,2,Medication Review,0,2026-09-29,1,P4,0
2026-10-01,PT-000794,CM-013,CareMgmt,Mid-Atlantic,Medicaid Managed Care,29,Male,English,Phone,0,0,0,0,0,0,0,0,0,0,0.44,Low,0,0,0,0,,,121,0,0,0,0,0,0,0,1,0,0,1,0.74,0,0,No,No,Unknown,Yes,Yes,2,2026-08-23,39,0,0,1,0,0,0,0,0,0,Current,68,0,1,Unknown,None,1,Social Resource Referral,9,2026-09-27,1,P4,0
2026-10-01,PT-000795,CM-006,Claims,Southeast,Dual Eligible,87,Female,English,SMS,0,0,0,0,0,0,0,0,1,0,0.48,Low,0,0,0,0,,,144,0,0,0,0,0,0,0,0,0,0,8,0.69,1,0,No,No,Yes,No,Unknown,1,2026-09-16,15,1,0,0,1,0,0,0,0,2,Overdue,267,0,0,Low,CHF,1,Patient Education,1,2026-09-27,1,P4,0
2026-10-01,PT-000796,CM-004,Claims,Southeast,Medicaid Managed Care,40,Female,Russian,Phone,0,0,0,0,1,0,0,0,0,1,0.93,Low,0,0,0,0,,,172,0,0,0,0,0,0,0,0,0,0,9,0.86,0,0,No,No,No,No,Yes,1,2026-09-12,19,1,0,0,0,0,0,1,0,2,Current,80,0,0,Adequate,Discharge Instructions,0,Patient Outreach,5,2026-09-30,1,P3,0
2026-10-01,PT-000797,CM-010,EHR,Southeast,Medicare Advantage,70,Female,English,Portal,0,0,0,0,0,0,0,0,0,0,0.52,Low,0,0,0,0,,,126,0,0,0,0,0,0,0,1,0,0,2,0.97,0,0,No,No,No,Unknown,No,0,2026-09-22,9,0,0,0,0,0,0,0,0,1,Not Started,,0,0,Limited,Appointment Preparation,1,Patient Outreach,11,2026-10-01,0,P4,0
2026-10-01,PT-000798,CM-006,EHR,Southeast,Dual Eligible,77,Male,English,Phone,1,1,0,0,0,0,0,0,1,2,0.87,Medium,0,0,0,0,,9.0,168,1,1,0,1,0,0,0,1,0,0,5,0.84,0,0,No,Yes,No,No,No,1,2026-09-08,23,3,1,0,0,0,1,0,0,2,Needs Review,135,0,0,Low,Medication,4,Medication Review,6,2026-10-04,0,P2,0
2026-10-01,PT-000799,CM-008,Pharmacy,Southwest,Commercial Complex Care,57,Male,Russian,Phone,0,0,0,0,0,0,0,0,0,0,1.33,Low,0,0,0,1,22,,140,0,0,0,0,0,1,0,0,1,0,4,0.89,0,1,No,No,No,No,No,0,2026-09-28,3,2,0,0,0,0,0,0,0,2,Not Started,,0,0,Limited,Diet/Lifestyle,2,Care Gap Closure,2,2026-10-02,0,P4,0
2026-10-01,PT-000800,CM-006,Claims,Midwest,Commercial Complex Care,71,Male,English,Phone,0,1,0,0,0,1,0,0,0,2,1.43,Medium,0,0,1,1,9,,153,0,0,0,1,0,1,1,0,0,0,4,1.0,0,1,No,No,No,No,No,0,2026-08-26,36,0,0,0,0,0,0,0,0,2,Overdue,159,0,0,Adequate,Discharge Instructions,3,Patient Outreach,4,2026-10-06,0,P3,0
2026-10-01,PT-000801,CM-006,CareMgmt,Mid-Atlantic,Commercial Complex Care,58,Female,English,Portal,0,1,0,0,0,0,0,0,0,1,0.58,Low,0,1,0,0,,,122,0,0,0,0,0,0,0,0,0,0,4,0.72,1,0,No,No,Unknown,No,Yes,1,2026-08-13,49,1,1,0,0,1,0,0,0,2,Needs Review,133,1,1,Adequate,Appointment Preparation,1,Provider Follow-up,3,2026-09-30,1,P3,1
2026-10-01,PT-000802,CM-011,CareMgmt,Mid-Atlantic,Commercial Complex Care,48,Male,English,SMS,1,0,0,0,1,0,1,0,0,3,1.56,Medium,0,0,0,0,,5.9,120,0,1,1,0,1,0,0,1,0,0,12,0.74,1,0,No,No,No,No,No,0,2026-09-16,15,0,0,0,0,0,0,0,0,0,Current,40,0,0,Low,Discharge Instructions,5,Medication Review,6,2026-09-29,1,P3,0
2026-10-01,PT-000803,CM-018,Claims,Northeast,Medicaid Managed Care,27,Female,Other,Phone,1,0,0,0,0,0,0,0,0,1,0.88,Low,0,0,0,0,,8.6,146,1,0,0,0,0,0,1,0,0,1,3,0.89,0,0,No,No,No,No,No,0,2026-09-24,7,0,0,0,0,0,0,0,0,2,Needs Review,99,2,0,Limited,Diabetes,3,Post-Discharge Follow-up,7,2026-10-01,0,P2,0
2026-10-01,PT-000804,CM-004,Claims,Northeast,Medicare Advantage,71,Female,English,Phone,1,0,1,0,0,0,0,0,0,2,1.34,Medium,1,0,0,0,,6.4,123,0,0,0,0,0,0,0,0,0,0,5,0.93,0,0,Yes,No,No,No,No,1,2026-08-22,40,0,0,0,0,0,0,0,0,4,Current,41,0,0,Adequate,Medication,0,Patient Outreach,11,2026-10-05,0,P4,0
2026-10-01,PT-000805,CM-007,CareMgmt,Northeast,Medicare Advantage,75,Male,Russian,Portal,0,1,0,0,0,0,0,0,0,1,1.27,Low,0,0,0,0,,,150,0,0,0,1,0,0,1,0,0,0,5,0.73,1,1,No,Unknown,No,No,No,0,2026-09-09,22,2,0,0,0,0,0,0,0,1,Current,77,0,0,Limited,Diabetes,3,Care Plan Update,4,2026-09-27,1,P1,0
2026-10-01,PT-000806,CM-009,EHR,Midwest,Medicaid Managed Care,50,Male,Spanish,Portal,0,1,0,1,0,1,0,0,0,3,1.14,Medium,0,0,0,0,,,141,0,0,0,1,0,0,0,0,0,0,7,0.83,0,0,Yes,Yes,No,No,No,2,2026-09-12,19,1,0,0,0,0,0,0,0,2,Current,30,0,0,Limited,None,1,Care Gap Closure,2,2026-10-01,0,P3,0
2026-10-01,PT-000807,CM-015,HIE,Mid-Atlantic,Dual Eligible,76,Male,Spanish,Portal,1,0,0,0,0,0,0,0,0,1,0.56,Low,0,0,0,0,,7.6,126,0,1,0,0,0,0,0,0,0,1,4,0.94,0,1,No,No,No,Yes,No,1,2026-09-19,12,0,1,0,0,0,0,0,0,1,Needs Review,107,0,0,Adequate,None,2,Care Plan Update,0,2026-10-01,0,P2,0
2026-10-01,PT-000808,CM-015,EHR,Mid-Atlantic,Commercial Complex Care,46,Male,Bengali,Phone,1,0,0,0,0,0,0,0,0,1,0.77,Low,0,0,0,0,,8.7,117,1,0,0,0,0,0,0,0,0,0,2,0.81,0,0,No,No,No,No,No,0,2026-09-26,5,0,0,0,0,0,0,0,0,3,Current,37,0,0,Low,Diet/Lifestyle,1,Medication Review,0,2026-10-04,0,P4,0
2026-10-01,PT-000809,CM-017,Claims,Midwest,Medicaid Managed Care,72,Male,English,Caregiver,1,0,1,0,0,0,0,0,1,2,1.17,Medium,0,0,0,0,,9.4,127,0,0,0,0,0,0,0,0,0,0,3,0.69,1,0,No,No,No,Yes,No,1,2026-10-01,0,0,0,0,0,0,0,0,0,1,Current,18,0,1,Adequate,Discharge Instructions,1,Medication Review,0,2026-09-28,1,P2,0
2026-10-01,PT-000810,CM-002,EHR,Mid-Atlantic,Medicare Advantage,73,Male,Unknown,SMS,0,0,0,0,1,0,0,0,0,1,0.98,Low,0,0,0,0,,,134,0,0,0,0,0,0,0,1,0,0,6,0.92,0,0,No,No,No,Yes,No,1,2026-09-24,7,1,0,0,0,0,0,0,1,3,Current,10,0,1,Unknown,Diabetes,1,Social Resource Referral,4,2026-10-04,0,P4,0
2026-10-01,PT-000811,CM-017,Claims,Northeast,Dual Eligible,71,Male,Other,Phone,1,0,0,0,0,0,0,0,0,1,0.67,Low,0,0,0,0,,6.5,123,1,1,0,0,0,0,0,0,0,0,4,0.88,0,0,No,Unknown,No,No,No,0,2026-09-10,21,0,1,0,0,0,0,0,0,1,Current,12,0,0,Adequate,Diabetes,2,Provider Follow-up,4,2026-09-28,1,P3,0
2026-10-01,PT-000812,CM-013,Claims,Northeast,Medicare Advantage,78,Female,Russian,Caregiver,0,0,0,0,0,1,1,0,0,2,1.31,Low,0,0,0,0,,,112,0,0,0,0,0,0,0,0,0,0,5,1.0,0,0,No,Yes,No,No,Yes,2,2026-09-10,21,0,0,0,0,0,1,1,0,2,Current,46,0,1,Adequate,Medication,0,Care Gap Closure,0,2026-09-30,1,P4,0
2026-10-01,PT-000813,CM-010,Pharmacy,Northeast,Medicare Advantage,71,Female,Other,Portal,0,1,0,0,0,0,0,0,0,1,0.87,Low,1,0,0,0,,,137,0,0,0,0,0,0,0,0,0,0,7,0.89,0,0,No,Unknown,No,No,No,0,2026-09-16,15,0,1,0,0,1,0,0,0,1,Overdue,227,0,0,Limited,Diet/Lifestyle,0,Patient Education,6,2026-09-30,1,P3,0
2026-10-01,PT-000814,CM-017,Claims,Northeast,Dual Eligible,62,Female,English,Phone,0,0,0,0,0,1,0,0,0,1,0.82,Low,0,0,0,0,,,156,0,0,0,0,0,0,0,0,1,0,5,0.73,1,0,No,No,No,Yes,No,1,2026-08-29,33,0,0,0,0,0,0,0,0,1,Not Started,,0,0,Adequate,Medication,2,Medication Review,7,2026-10-06,0,P4,0
2026-10-01,PT-000815,CM-015,CareMgmt,Southeast,Medicare Advantage,77,Female,English,Portal,0,0,0,0,0,0,0,0,0,0,0.41,Low,0,0,0,0,,,145,0,0,0,0,0,0,0,0,0,0,3,0.82,0,0,Yes,No,No,No,No,1,2026-09-01,30,0,0,0,1,0,0,0,0,2,Current,88,0,0,Adequate,Appointment Preparation,0,Post-Discharge Follow-up,0,2026-10-06,0,P2,0
2026-10-01,PT-000816,CM-001,CareMgmt,Southeast,Medicare Advantage,69,Male,English,Phone,0,0,0,0,0,0,0,0,0,0,0.66,Low,0,0,0,0,,,124,0,0,0,0,0,0,0,1,0,0,2,0.77,1,0,No,No,No,No,No,0,2026-08-25,37,0,1,0,0,0,0,0,0,0,Current,80,0,0,Low,Medication,2,Provider Follow-up,3,2026-10-06,0,P4,0
2026-10-01,PT-000817,CM-017,EHR,Midwest,Dual Eligible,67,Male,English,Phone,0,1,0,0,0,0,0,0,1,1,1.16,Low,0,0,0,0,,,136,0,0,0,0,1,0,0,0,0,0,9,0.84,0,0,Yes,No,No,No,Yes,2,,39,1,0,0,0,0,0,0,0,2,Current,8,0,1,Adequate,Appointment Preparation,1,Provider Follow-up,9,2026-10-03,0,P4,0
2026-10-01,PT-000818,CM-014,CareMgmt,Midwest,Dual Eligible,68,Male,English,SMS,0,1,0,0,0,1,0,0,0,2,1.22,Medium,2,0,0,0,,,120,0,0,0,0,0,0,1,0,0,0,10,1.0,0,0,Yes,No,No,No,No,1,2026-09-08,23,0,0,1,0,0,0,0,0,3,Overdue,320,0,0,Low,CHF,1,Care Gap Closure,2,2026-10-04,0,P3,0
2026-10-01,PT-000819,CM-011,CareMgmt,Midwest,Medicaid Managed Care,32,Female,Spanish,Phone,0,0,0,0,0,0,0,0,1,0,1.29,Low,0,0,0,0,,,136,0,0,0,0,0,0,0,1,0,0,11,0.63,1,1,No,Yes,Unknown,No,No,1,2026-09-10,21,2,0,0,0,0,0,0,0,2,Needs Review,106,0,0,Adequate,Medication,2,Patient Outreach,5,2026-10-01,0,P4,0
2026-10-01,PT-000820,CM-013,CareMgmt,Midwest,Medicare Advantage,82,Male,English,Portal,0,0,0,0,0,0,1,0,1,1,0.96,Low,0,1,0,0,,,159,0,0,0,0,0,1,0,0,0,0,5,1.0,0,0,No,No,No,Yes,Yes,2,2026-09-26,5,0,1,0,0,0,0,0,0,1,Current,15,0,1,Adequate,None,1,Care Gap Closure,9,2026-09-28,1,P3,0
2026-10-01,PT-000821,CM-012,CareMgmt,Southeast,Medicare Advantage,89,Male,English,Phone,0,1,0,0,0,1,1,0,0,3,0.93,Medium,1,0,1,0,,,148,0,0,0,1,0,0,0,0,1,0,7,0.74,1,0,Yes,Unknown,No,No,No,1,2026-09-09,22,2,0,0,0,0,0,0,0,2,Needs Review,102,0,0,Adequate,None,3,Patient Education,7,2026-09-27,1,P2,0
2026-10-01,PT-000822,CM-011,EHR,Southwest,Dual Eligible,71,Female,English,SMS,1,0,0,0,1,0,0,0,0,2,1.42,Medium,0,0,0,0,,8.1,125,0,1,0,0,0,0,0,1,0,0,6,0.79,1,0,No,No,Yes,Yes,No,2,2026-08-18,44,0,0,0,1,0,0,0,0,0,Not Started,,0,0,Adequate,Medication,3,Patient Outreach,8,2026-10-02,0,P2,0
2026-10-01,PT-000823,CM-014,CareMgmt,Northeast,Commercial Complex Care,57,Male,English,Phone,1,1,1,0,0,0,0,0,0,3,1.89,Medium,0,0,2,0,,6.9,153,0,0,0,1,0,0,0,0,0,0,5,0.7,1,0,No,Yes,No,Unknown,No,1,2026-08-28,34,2,1,0,0,0,1,0,0,2,Current,38,0,0,Low,None,2,Provider Follow-up,1,2026-10-02,0,P3,0
2026-10-01,PT-000824,CM-005,CareMgmt,Northeast,Medicaid Managed Care,62,Female,English,Portal,0,1,0,0,0,1,0,0,0,2,1.18,Medium,0,0,0,0,,,154,0,0,0,1,0,0,0,0,1,0,2,0.67,1,1,No,Yes,No,Unknown,No,1,2026-08-24,38,0,1,0,0,0,1,0,0,2,Current,29,0,0,Adequate,None,3,Patient Outreach,0,2026-09-30,1,P3,0
2026-10-01,PT-000825,CM-009,Pharmacy,Northeast,Medicare Advantage,79,Female,English,Phone,0,1,1,0,1,0,0,0,0,3,2.05,High,5,0,0,1,22,,158,0,0,0,1,1,1,1,0,0,0,9,1.0,0,1,No,No,Yes,No,No,1,2026-08-15,47,0,0,0,0,0,0,0,0,2,Overdue,295,0,1,Adequate,Discharge Instructions,4,Social Resource Referral,10,2026-10-01,0,P2,1
2026-10-01,PT-000826,CM-012,EHR,Southwest,Medicare Advantage,85,Female,Chinese,Phone,0,1,0,0,0,0,0,0,0,1,1.38,Low,0,0,0,0,,,152,0,0,0,1,0,0,0,0,0,0,4,0.78,1,1,Yes,No,Yes,No,No,2,2026-09-05,26,1,0,0,0,0,0,0,0,3,Current,33,0,0,Adequate,None,2,Care Gap Closure,4,2026-10-05,0,P1,0
2026-10-01,PT-000827,CM-003,Claims,Northeast,Commercial Complex Care,69,Male,Bengali,Phone,1,1,1,0,1,0,0,0,0,4,2.03,High,0,1,0,0,,7.9,163,1,0,0,1,0,0,0,0,0,0,10,0.81,0,0,No,No,No,No,Unknown,0,2026-09-06,25,0,0,0,0,0,0,0,0,3,Needs Review,111,0,0,Limited,Medication,2,Patient Outreach,0,2026-09-27,1,P2,0
2026-10-01,PT-000828,CM-001,Pharmacy,Southeast,Medicare Advantage,71,Male,Spanish,Caregiver,1,0,0,0,0,0,0,0,0,1,1.39,Low,1,0,0,0,,8.5,108,1,0,0,0,0,0,0,0,0,0,6,1.0,0,0,Yes,No,No,No,Unknown,1,2026-08-25,37,0,1,0,0,0,0,1,0,0,Not Started,,0,0,Limited,None,1,Care Gap Closure,1,2026-10-04,0,P3,0
2026-10-01,PT-000829,CM-007,EHR,Southeast,Medicare Advantage,71,Male,English,Phone,0,1,0,0,0,0,0,1,0,2,1.2,Low,0,0,0,0,,,131,0,0,0,0,0,0,0,0,0,0,7,1.0,0,0,Unknown,No,No,No,Unknown,0,2026-09-25,6,0,0,0,0,0,0,1,0,0,Current,2,0,0,Limited,Appointment Preparation,0,Patient Education,7,2026-10-06,0,P3,0
2026-10-01,PT-000830,CM-007,Claims,Southeast,Medicare Advantage,85,Female,Bengali,Caregiver,1,1,0,1,0,0,0,0,0,3,0.76,Medium,0,0,0,0,,6.7,140,0,0,0,1,0,0,0,1,0,0,6,0.8,0,0,Unknown,No,No,Yes,No,1,2026-10-01,0,1,0,1,0,0,0,1,0,4,Needs Review,125,0,0,Low,None,2,Care Gap Closure,0,2026-09-28,1,P2,0
2026-10-01,PT-000831,CM-010,Pharmacy,Southeast,Medicaid Managed Care,65,Female,Russian,Portal,1,0,0,0,0,0,1,0,0,2,1.19,Low,0,0,0,0,,7.6,153,0,1,0,0,1,0,0,0,0,0,2,0.83,0,0,No,Unknown,No,No,No,0,2026-10-01,0,0,0,0,0,0,0,0,0,1,Current,26,0,0,Adequate,None,2,Medication Review,4,2026-10-04,0,P3,0
2026-10-01,PT-000832,CM-018,Pharmacy,Mid-Atlantic,Dual Eligible,73,Male,Russian,Phone,0,1,1,1,0,0,0,0,0,3,1.79,High,0,0,0,0,,,153,0,0,0,1,0,1,0,0,0,0,9,0.74,1,0,Yes,Unknown,Yes,Unknown,No,2,2026-08-26,36,0,0,1,0,0,0,0,0,3,Current,17,0,0,Adequate,Diet/Lifestyle,3,Social Resource Referral,12,2026-10-06,0,P2,0
2026-10-01,PT-000833,CM-002,EHR,Southwest,Medicare Advantage,80,Female,English,Phone,0,0,1,0,0,0,1,0,0,2,0.93,Medium,0,0,0,0,,,157,0,0,0,0,0,0,0,0,1,1,2,0.78,1,0,No,No,No,No,No,0,2026-09-14,17,0,0,0,0,0,0,1,1,3,Needs Review,142,0,0,Limited,Discharge Instructions,3,Medication Review,0,2026-09-30,1,P1,0
2026-10-01,PT-000834,CM-017,Claims,Northeast,Medicare Advantage,90,Female,Spanish,Phone,0,1,0,0,0,0,0,0,0,1,0.29,Low,0,0,0,0,,,149,0,0,0,1,0,0,0,0,0,0,6,0.93,0,0,No,No,No,No,No,0,2026-09-12,19,0,0,0,0,0,0,0,0,1,Current,48,0,0,Limited,None,1,Medication Review,4,2026-09-27,1,P3,0
2026-10-01,PT-000835,CM-018,HIE,Mid-Atlantic,Medicare Advantage,82,Female,English,Phone,0,1,0,0,0,0,0,0,0,1,1.21,Low,0,0,0,0,,,137,0,0,0,0,0,0,0,0,0,0,4,0.91,0,1,No,No,No,Yes,No,1,2026-09-29,2,0,1,0,1,0,0,0,0,2,Needs Review,134,0,1,Adequate,Diet/Lifestyle,0,Social Resource Referral,0,2026-09-28,1,P2,0
2026-10-01,PT-000836,CM-010,Pharmacy,Midwest,Medicaid Managed Care,55,Male,English,Caregiver,0,0,0,0,0,0,0,0,0,0,0.84,Low,0,0,0,0,,,118,0,0,0,0,0,0,0,0,0,0,2,0.86,0,0,Yes,No,No,No,No,1,2026-10-01,0,0,0,1,0,0,0,0,0,1,Current,72,0,0,Adequate,None,0,Patient Education,6,2026-09-28,1,P4,0
2026-10-01,PT-000837,CM-007,CareMgmt,Southwest,Medicare Advantage,75,Female,English,Phone,0,1,0,0,0,0,0,0,0,1,0.8,Low,0,0,0,0,,,141,0,0,0,1,0,0,0,0,0,0,4,1.0,0,1,No,No,No,No,No,0,2026-09-12,19,0,0,0,0,0,0,0,0,0,Current,17,0,0,Adequate,Diet/Lifestyle,1,Patient Education,3,2026-10-04,0,P3,0
2026-10-01,PT-000838,CM-005,Claims,Southwest,Commercial Complex Care,64,Female,English,SMS,0,0,1,1,0,0,0,0,1,2,1.55,High,0,1,0,0,,,135,0,0,0,0,0,0,0,0,0,0,5,0.78,1,0,No,No,No,Yes,No,1,2026-08-14,48,0,0,0,0,0,0,0,0,0,Overdue,181,0,0,Adequate,Diet/Lifestyle,1,Medication Review,7,2026-10-06,0,P4,0
2026-10-01,PT-000839,CM-004,CareMgmt,Southwest,Medicaid Managed Care,71,Female,English,SMS,0,0,0,0,0,0,1,0,0,1,0.83,Low,0,0,0,0,,,135,0,0,0,0,0,0,0,1,0,0,6,0.62,1,0,No,No,No,No,No,0,2026-09-05,26,0,1,0,0,0,0,0,0,4,Overdue,245,0,0,Low,Diet/Lifestyle,2,Care Gap Closure,1,2026-10-02,0,P4,0
2026-10-01,PT-000840,CM-008,CareMgmt,Mid-Atlantic,Medicare Advantage,82,Female,English,SMS,1,1,0,0,0,0,1,0,0,3,1.43,Low,0,0,1,0,,8.4,146,0,0,0,1,0,0,0,0,0,0,11,0.82,0,0,No,No,No,No,No,0,2026-10-01,0,0,1,0,0,0,0,0,0,2,Needs Review,108,0,0,Adequate,None,1,Patient Education,3,2026-10-04,0,P4,0
2026-10-01,PT-000841,CM-004,EHR,Southeast,Medicare Advantage,61,Male,English,Phone,0,0,0,0,0,0,1,0,0,1,1.03,Low,0,0,0,0,,,131,0,0,0,0,0,0,0,0,0,0,3,0.94,0,1,No,No,No,No,No,0,2026-09-22,9,1,1,0,0,0,0,0,0,2,Current,4,0,1,Limited,Medication,0,Care Gap Closure,7,2026-10-03,0,P3,0
2026-10-01,PT-000842,CM-015,HIE,Midwest,Medicare Advantage,72,Male,English,SMS,0,0,0,0,0,0,0,0,0,0,0.92,Low,0,0,0,1,16,,133,0,0,0,0,0,1,0,0,0,0,5,0.95,0,0,No,No,No,No,No,0,2026-09-17,14,0,0,0,0,0,0,0,0,0,Current,57,0,0,Adequate,Diet/Lifestyle,1,Post-Discharge Follow-up,2,2026-09-27,1,P3,0
2026-10-01,PT-000843,CM-014,Pharmacy,Midwest,Medicare Advantage,76,Female,Spanish,Phone,0,1,0,0,1,0,0,0,0,2,1.51,Low,0,0,0,0,,,125,0,0,0,0,1,0,1,0,0,0,8,0.87,0,0,No,No,No,No,No,0,2026-09-18,13,0,1,0,0,0,0,0,0,3,Current,51,0,0,Limited,Medication,2,Patient Education,0,2026-10-03,0,P3,0
2026-10-01,PT-000844,CM-014,Pharmacy,Mid-Atlantic,Medicare Advantage,92,Male,English,Portal,0,0,0,0,0,0,0,0,0,0,0.61,Low,0,0,0,0,,,114,0,0,0,0,0,0,0,0,0,0,2,0.98,0,0,No,No,No,Yes,No,1,2026-09-22,9,6,0,0,1,0,0,1,0,0,Current,80,0,0,Low,Medication,0,Care Gap Closure,0,2026-09-27,1,P1,0
2026-10-01,PT-000845,CM-015,Pharmacy,Midwest,Medicare Advantage,70,Male,English,Phone,0,1,0,0,0,0,1,0,0,2,1.15,Low,0,0,0,0,,,129,0,0,0,0,0,0,0,0,0,1,6,0.9,0,0,No,Unknown,No,No,No,0,2026-09-10,21,0,0,0,0,0,0,0,0,1,Current,37,0,0,Unknown,Appointment Preparation,1,Care Plan Update,7,2026-09-28,1,P4,0
2026-10-01,PT-000846,CM-002,EHR,Midwest,Medicare Advantage,82,Female,English,SMS,1,1,0,0,0,0,0,0,0,2,1.29,Low,0,0,0,0,,7.3,117,0,0,1,0,0,0,0,0,0,0,4,0.98,0,0,Yes,No,No,No,No,1,2026-08-18,44,0,1,0,0,0,0,0,0,0,Current,49,0,0,Low,Diet/Lifestyle,1,Patient Outreach,1,2026-10-04,0,P2,0
2026-10-01,PT-000847,CM-001,HIE,Midwest,Medicare Advantage,69,Female,English,Phone,0,1,0,0,0,0,0,0,0,1,0.93,Low,1,0,0,0,,,128,0,0,0,0,0,0,0,0,0,0,8,0.7,1,0,No,No,Unknown,No,Unknown,0,2026-09-13,18,0,1,0,0,0,0,0,0,2,Current,5,1,0,Adequate,Medication,1,Patient Outreach,0,2026-10-03,0,P2,0
2026-10-01,PT-000848,CM-004,HIE,Northeast,Medicare Advantage,79,Female,English,Phone,0,1,1,1,0,0,0,0,0,3,1.65,High,0,0,1,0,,,137,0,0,0,0,0,0,0,0,0,0,8,0.73,1,1,Yes,Unknown,No,No,No,1,2026-09-07,24,0,1,0,0,0,0,0,0,3,Current,69,0,0,Adequate,COPD,1,Medication Review,0,2026-10-06,0,P1,0
2026-10-01,PT-000849,CM-015,CareMgmt,Northeast,Medicare Advantage,77,Male,Bengali,SMS,0,1,0,0,0,0,0,0,1,1,1.17,Low,0,0,0,0,,,139,0,0,0,0,0,0,0,0,0,0,6,0.89,0,0,No,No,No,No,No,0,2026-08-15,47,0,0,0,0,0,0,0,0,1,Current,10,0,0,Limited,Diet/Lifestyle,0,Care Plan Update,3,2026-10-06,0,P2,0
2026-10-01,PT-000850,CM-018,Claims,Northeast,Medicare Advantage,70,Female,English,Phone,0,0,0,0,0,0,0,0,0,0,0.91,Low,0,0,0,0,,,125,0,0,0,0,0,0,0,0,0,0,0,0.89,0,1,No,No,No,Yes,Yes,2,2026-09-09,22,0,0,0,0,0,0,0,0,0,Needs Review,148,0,1,Adequate,None,0,Care Gap Closure,6,2026-10-01,0,P2,0
2026-10-01,PT-000851,CM-013,HIE,Southwest,Medicare Advantage,72,Female,English,Caregiver,0,0,0,0,0,0,0,0,0,0,1.24,Low,0,0,0,0,,,130,0,0,0,0,0,0,1,0,0,0,8,0.92,0,1,Unknown,No,No,Yes,No,1,2026-08-31,31,0,0,0,0,0,0,0,0,1,Needs Review,137,0,1,Adequate,Diabetes,1,Social Resource Referral,7,2026-10-06,0,P2,0
2026-10-01,PT-000852,CM-002,EHR,Southeast,Dual Eligible,76,Male,English,SMS,0,0,0,0,1,1,0,0,0,2,1.47,Medium,1,0,0,0,,,137,0,0,0,0,0,0,0,0,1,0,10,0.85,0,0,Yes,No,No,No,No,1,2026-09-09,22,0,1,0,0,0,0,0,0,1,Current,76,0,1,Unknown,Medication,1,Medication Review,10,2026-09-29,1,P3,0
2026-10-01,PT-000853,CM-018,Pharmacy,Southeast,Dual Eligible,72,Female,English,Phone,0,0,0,0,0,0,0,0,0,0,0.33,Low,0,0,0,0,,,141,0,0,0,0,0,0,0,0,0,0,1,0.9,0,0,No,No,Unknown,No,No,0,2026-10-01,0,0,0,0,0,0,0,0,1,0,Needs Review,97,0,0,Adequate,Appointment Preparation,0,Patient Outreach,4,2026-10-06,0,P2,0
2026-10-01,PT-000854,CM-012,Pharmacy,Southeast,Dual Eligible,85,Male,English,Portal,1,1,0,0,1,0,0,0,0,3,1.32,Medium,0,0,0,0,,6.6,142,0,0,0,1,0,0,0,0,0,0,11,0.72,1,0,No,No,No,Unknown,No,0,2026-09-13,18,1,1,0,0,0,0,0,0,3,Current,39,0,0,Adequate,Discharge Instructions,2,Medication Review,0,2026-09-30,1,P4,0
2026-10-01,PT-000855,CM-012,EHR,Northeast,Medicare Advantage,73,Female,English,SMS,0,0,0,0,0,0,1,0,0,1,0.76,Low,0,0,0,0,,,157,0,0,0,0,0,0,1,1,0,1,5,0.81,0,0,No,No,Unknown,No,No,0,2026-09-14,17,0,0,0,1,0,0,0,0,1,Current,26,0,0,Limited,None,3,Patient Outreach,4,2026-10-06,0,P2,0
2026-10-01,PT-000856,CM-015,CareMgmt,Mid-Atlantic,Medicaid Managed Care,32,Female,English,SMS,0,0,0,0,0,0,0,0,0,0,0.96,Low,0,0,0,0,,,127,0,0,0,0,0,0,0,1,0,0,4,0.84,0,1,No,No,No,No,Unknown,0,2026-09-13,18,2,1,0,0,0,0,0,0,2,Not Started,,0,0,Adequate,None,1,Care Plan Update,2,2026-10-01,0,P4,0
2026-10-01,PT-000857,CM-016,Claims,Mid-Atlantic,Dual Eligible,66,Female,English,Phone,0,1,0,0,0,0,0,0,0,1,0.91,Low,0,0,0,0,,,137,0,0,0,0,0,0,0,0,0,0,8,0.74,1,0,No,No,No,No,Yes,1,2026-09-05,26,0,0,0,0,0,0,0,0,1,Current,43,0,0,Limited,Discharge Instructions,1,Post-Discharge Follow-up,2,2026-10-03,0,P3,0
2026-10-01,PT-000858,CM-017,EHR,Southwest,Medicaid Managed Care,47,Male,Spanish,SMS,0,0,1,0,0,0,0,0,0,1,1.49,Medium,4,0,0,0,,,161,0,0,0,0,0,0,0,1,0,0,0,0.86,0,0,No,No,No,No,No,0,2026-09-23,8,0,1,0,0,0,0,0,0,3,Needs Review,149,0,0,Adequate,None,1,Provider Follow-up,10,2026-09-30,1,P3,0
2026-10-01,PT-000859,CM-007,HIE,Mid-Atlantic,Medicare Advantage,75,Female,English,SMS,1,0,0,0,0,1,0,0,0,2,0.99,Low,0,0,0,0,,7.5,135,1,0,0,0,0,1,0,0,0,0,9,0.71,1,1,No,No,No,No,No,0,2026-09-13,18,0,0,0,0,0,0,0,0,4,Current,75,1,0,Low,None,3,Patient Education,0,2026-09-29,1,P3,0
2026-10-01,PT-000860,CM-003,EHR,Midwest,Medicare Advantage,74,Female,English,Phone,1,1,1,0,0,0,0,0,0,3,1.49,Medium,0,0,0,0,,7.4,145,0,0,0,1,0,0,0,0,0,1,8,0.87,0,1,No,No,No,No,No,0,2026-09-16,15,0,0,0,0,0,0,1,1,2,Current,46,0,1,Adequate,CHF,2,Provider Follow-up,0,2026-09-29,1,P3,0
2026-10-01,PT-000861,CM-007,Claims,Southeast,Dual Eligible,89,Male,English,Portal,1,0,0,1,0,0,0,0,1,2,1.03,High,0,0,0,0,,10.5,119,1,1,0,0,0,0,1,0,0,0,7,0.72,1,0,No,No,No,Yes,Yes,2,2026-08-29,33,1,1,0,1,0,0,0,0,3,Current,9,0,0,Adequate,Diabetes,4,Care Gap Closure,4,2026-09-27,1,P4,0
2026-10-01,PT-000862,CM-018,Claims,Southwest,Medicare Advantage,72,Female,English,Phone,0,1,0,0,0,0,1,0,0,2,1.0,Medium,0,0,3,1,18,,132,0,0,0,0,0,1,0,0,0,0,7,1.0,0,0,Unknown,No,Unknown,No,No,0,2026-10-01,0,0,1,0,0,0,0,0,0,3,Overdue,320,1,0,Adequate,None,1,Social Resource Referral,0,2026-10-02,0,P3,0
2026-10-01,PT-000863,CM-006,EHR,Southwest,Medicaid Managed Care,47,Female,Bengali,SMS,0,0,0,0,0,0,0,0,0,0,0.54,Low,0,0,0,0,,,163,0,0,0,0,0,0,0,1,0,0,2,0.85,0,0,No,No,No,No,No,0,2026-09-25,6,0,0,0,0,0,0,0,0,2,Needs Review,114,0,1,Low,Diet/Lifestyle,1,Care Plan Update,0,2026-10-03,0,P1,0
2026-10-01,PT-000864,CM-010,CareMgmt,Midwest,Medicaid Managed Care,72,Male,English,Phone,0,1,0,0,0,0,0,0,0,1,1.02,Low,1,0,0,0,,,118,0,0,0,0,0,0,0,0,0,0,9,0.81,0,0,Yes,No,No,No,No,1,2026-10-01,0,0,0,0,1,0,0,0,0,1,Overdue,299,0,0,Adequate,Medication,0,Patient Education,0,2026-10-02,0,P3,0
2026-10-01,PT-000865,CM-007,Claims,Northeast,Commercial Complex Care,53,Male,English,Phone,0,0,0,0,0,0,0,0,0,0,0.9,Low,0,0,0,0,,,141,0,0,0,0,0,0,1,0,0,0,8,1.0,0,0,No,No,No,No,Unknown,0,2026-09-22,9,0,0,0,0,1,0,0,0,1,Current,70,0,0,Adequate,COPD,1,Patient Outreach,3,2026-10-02,0,P3,0
2026-10-01,PT-000866,CM-008,Claims,Northeast,Commercial Complex Care,67,Female,Russian,SMS,1,0,0,0,0,0,0,0,0,1,1.09,Low,0,0,0,0,,,150,1,0,1,0,0,0,1,0,0,0,7,1.0,0,0,No,Yes,No,No,Unknown,1,2026-09-17,14,1,0,0,0,0,0,1,0,1,Current,52,0,1,Adequate,Appointment Preparation,3,Social Resource Referral,0,2026-10-06,0,P3,0
2026-10-01,PT-000867,CM-013,HIE,Southeast,Medicare Advantage,72,Male,English,Phone,0,0,1,1,0,0,0,0,0,2,1.19,Medium,0,0,0,0,,,143,0,0,0,0,0,0,1,0,0,0,7,0.86,0,0,No,No,No,Unknown,No,0,2026-09-11,20,1,0,0,0,0,0,0,0,2,Needs Review,100,0,0,Adequate,CHF,1,Care Gap Closure,6,2026-09-30,1,P2,0
2026-10-01,PT-000868,CM-009,EHR,Midwest,Medicaid Managed Care,68,Female,Russian,Phone,0,0,0,0,1,1,0,0,0,2,1.11,Medium,0,0,0,0,,,106,0,0,0,0,0,0,0,0,1,0,6,0.71,1,1,No,No,No,No,No,0,2026-09-06,25,1,0,0,0,0,0,1,0,2,Current,56,1,0,Adequate,Diet/Lifestyle,2,Patient Outreach,4,2026-09-29,1,P4,1
2026-10-01,PT-000869,CM-016,Claims,Mid-Atlantic,Medicare Advantage,73,Female,English,Phone,1,0,0,0,0,0,1,0,0,2,1.12,Medium,0,0,0,0,,,157,0,0,1,0,0,0,0,0,0,1,7,1.0,0,0,No,No,Yes,Yes,No,2,2026-09-24,7,1,1,0,0,0,0,0,0,2,Overdue,259,0,0,Unknown,None,2,Social Resource Referral,6,2026-09-30,1,P2,0
2026-10-01,PT-000870,CM-005,CareMgmt,Southeast,Medicare Advantage,75,Female,Spanish,Phone,1,0,0,0,0,0,0,0,0,1,0.96,Low,0,0,0,0,,6.5,132,0,1,0,0,0,0,0,0,0,0,4,0.9,0,0,No,Unknown,No,No,No,0,2026-09-14,17,1,1,0,0,0,0,0,0,1,Current,83,0,0,Unknown,Medication,1,Provider Follow-up,2,2026-10-04,0,P3,0
2026-10-01,PT-000871,CM-009,HIE,Midwest,Medicaid Managed Care,45,Male,English,Portal,1,0,0,0,0,0,0,0,0,1,0.54,Low,0,0,0,0,,7.2,149,0,0,1,0,0,0,0,0,0,0,5,0.63,1,0,Yes,No,No,No,No,1,2026-09-29,2,0,0,0,1,0,0,0,0,0,Needs Review,130,0,0,Adequate,None,2,Care Gap Closure,7,2026-10-01,0,P3,0
2026-10-01,PT-000872,CM-009,EHR,Northeast,Medicare Advantage,70,Female,English,Phone,0,0,0,0,0,0,0,0,0,0,0.95,Low,0,0,0,0,,,116,0,0,0,0,0,0,0,1,0,0,2,0.95,0,0,No,No,No,No,No,0,2026-09-23,8,0,0,0,0,0,0,0,0,2,Needs Review,110,0,0,Adequate,Appointment Preparation,1,Care Plan Update,2,2026-09-28,1,P2,0
2026-10-01,PT-000873,CM-014,Pharmacy,Northeast,Dual Eligible,79,Male,English,Phone,0,1,0,0,0,0,1,0,1,2,0.94,Medium,0,0,0,1,15,,139,0,0,0,0,0,1,0,0,0,0,13,0.99,0,0,Yes,No,No,No,Unknown,1,2026-09-13,18,0,1,0,0,0,0,1,1,2,Needs Review,122,0,0,Adequate,None,1,Patient Outreach,3,2026-10-01,0,P2,1
2026-10-01,PT-000874,CM-002,Claims,Southwest,Dual Eligible,86,Male,English,Portal,0,1,0,0,0,0,0,0,0,1,1.23,Low,0,0,0,0,,,115,0,0,0,0,0,0,0,0,0,0,1,0.8,0,0,Yes,No,No,No,No,1,2026-09-22,9,1,0,0,0,0,0,0,0,1,Current,20,1,0,Limited,Appointment Preparation,0,Patient Outreach,0,2026-10-03,0,P2,0
2026-10-01,PT-000875,CM-009,CareMgmt,Northeast,Medicaid Managed Care,57,Male,English,Phone,0,1,0,0,1,1,1,0,0,4,1.31,High,0,0,2,1,22,,151,0,0,0,1,1,1,0,0,0,0,10,0.71,1,0,No,No,No,No,Unknown,0,2026-10-01,0,2,0,0,0,0,0,0,0,5,Not Started,,0,0,Limited,Appointment Preparation,4,Medication Review,5,2026-10-05,0,P4,0
2026-10-01,PT-000876,CM-013,CareMgmt,Midwest,Dual Eligible,58,Male,Spanish,Caregiver,0,0,0,0,0,0,0,0,0,0,0.71,Low,0,0,0,0,,,116,0,0,0,0,0,0,0,0,0,0,2,0.84,0,0,No,Unknown,No,No,Unknown,0,2026-09-23,8,0,0,0,0,0,0,0,0,0,Overdue,225,0,0,Adequate,Medication,0,Patient Education,9,2026-10-01,0,P4,0
2026-10-01,PT-000877,CM-005,HIE,Midwest,Medicare Advantage,84,Female,English,Portal,1,0,0,0,0,0,1,0,0,2,0.98,Medium,1,0,0,0,,7.2,136,0,1,1,0,0,0,0,0,0,1,6,0.59,1,1,No,No,No,No,No,0,2026-09-26,5,1,0,0,0,0,0,1,0,1,Needs Review,110,0,0,Adequate,Medication,4,Medication Review,10,2026-10-01,0,P2,0
2026-10-01,PT-000878,CM-006,Pharmacy,Northeast,Medicare Advantage,78,Male,English,SMS,0,1,0,1,0,1,0,0,0,3,1.23,Medium,1,0,0,0,,,145,0,0,0,1,1,0,0,0,0,0,7,0.78,1,0,No,No,No,No,No,0,2026-10-01,0,2,0,1,0,0,0,1,0,3,Not Started,,0,0,Limited,Diet/Lifestyle,3,Care Gap Closure,1,2026-09-27,1,P3,0
2026-10-01,PT-000879,CM-008,HIE,Northeast,Dual Eligible,76,Female,English,Phone,0,0,0,0,0,0,0,0,0,0,0.63,Low,0,0,0,0,,,111,0,0,0,0,0,0,0,0,0,0,4,0.81,0,0,No,No,Yes,No,No,1,,39,0,0,0,0,0,0,0,0,1,Current,73,0,0,Adequate,Diabetes,0,Medication Review,7,2026-09-30,1,P3,0
2026-10-01,PT-000880,CM-004,EHR,Midwest,Medicare Advantage,78,Male,English,Phone,0,1,0,0,0,0,1,0,0,2,0.98,Low,1,0,0,0,,,128,0,0,0,0,0,0,0,0,0,0,9,0.86,0,0,No,Yes,No,No,No,1,2026-09-13,18,0,1,0,1,0,1,0,0,2,Current,56,0,0,Adequate,COPD,0,Patient Outreach,0,2026-10-05,0,P3,0
2026-10-01,PT-000881,CM-006,EHR,Southeast,Dual Eligible,78,Male,English,Portal,1,0,0,0,0,0,1,0,0,2,1.04,Low,0,0,0,0,,9.8,133,1,0,1,0,0,0,0,0,0,1,9,0.84,0,1,No,No,Yes,No,Unknown,1,2026-09-05,26,0,0,0,0,0,0,0,0,2,Current,58,0,0,Limited,None,3,Patient Education,7,2026-10-04,0,P3,0
2026-10-01,PT-000882,CM-017,Pharmacy,Midwest,Medicaid Managed Care,63,Male,English,Phone,0,1,0,0,0,0,0,0,0,1,1.01,Low,0,0,0,0,,,117,0,0,0,0,0,0,0,0,0,0,7,0.74,1,0,No,Yes,Yes,No,No,2,2026-07-26,67,1,0,0,0,0,1,0,0,0,Not Started,,0,0,Adequate,None,1,Patient Outreach,2,2026-10-04,0,P4,0
2026-10-01,PT-000883,CM-003,Claims,Southwest,Commercial Complex Care,31,Male,English,Portal,0,0,0,0,0,0,0,0,0,0,0.75,Low,0,0,1,0,,,90,0,0,0,0,0,0,0,1,0,0,4,0.89,0,0,No,No,No,No,No,0,2026-09-10,21,1,0,0,0,0,0,0,0,3,Current,35,0,0,Low,Medication,1,Patient Outreach,3,2026-10-03,0,P2,0
2026-10-01,PT-000884,CM-013,EHR,Southeast,Medicare Advantage,67,Male,English,SMS,1,0,0,0,1,0,0,0,0,2,1.64,Medium,0,0,1,0,,6.9,137,0,0,0,0,0,0,0,1,0,1,9,0.54,1,0,No,Yes,No,No,No,1,2026-09-05,26,0,0,0,1,0,0,1,0,3,Current,44,0,0,Limited,None,3,Medication Review,0,2026-10-06,0,P4,1
2026-10-01,PT-000885,CM-006,Claims,Mid-Atlantic,Medicaid Managed Care,52,Male,English,Portal,0,1,0,0,0,1,0,0,0,2,1.12,Low,0,0,0,0,,,114,0,0,0,0,0,0,0,0,1,0,6,0.84,0,0,No,No,No,No,No,0,2026-08-27,35,2,0,0,0,0,0,0,0,2,Current,29,2,0,Adequate,Diabetes,1,Medication Review,7,2026-09-29,1,P1,0
2026-10-01,PT-000886,CM-002,CareMgmt,Midwest,Medicare Advantage,90,Male,Spanish,Portal,0,0,0,0,0,0,0,0,0,0,0.91,Low,0,0,0,0,,,127,0,0,0,0,0,0,0,0,0,0,0,0.92,0,0,No,No,No,Yes,No,1,2026-09-13,18,0,1,0,0,0,0,0,0,1,Current,54,0,1,Limited,Diet/Lifestyle,0,Patient Education,0,2026-10-03,0,P3,0
2026-10-01,PT-000887,CM-003,CareMgmt,Northeast,Medicare Advantage,66,Male,English,Phone,0,0,0,0,0,0,0,0,0,0,1.17,Low,0,0,0,0,,,150,0,0,0,0,0,0,0,0,0,0,1,0.9,0,0,No,No,No,No,No,0,2026-10-01,0,0,0,0,0,0,0,0,0,1,Needs Review,123,0,0,Adequate,Medication,0,Patient Outreach,0,2026-10-05,0,P3,0
2026-10-01,PT-000888,CM-013,CareMgmt,Mid-Atlantic,Medicare Advantage,74,Male,Russian,Portal,1,1,0,0,1,0,1,0,0,4,1.47,High,1,0,2,0,,8.0,134,0,1,1,0,1,0,0,0,0,1,5,0.82,0,0,Yes,No,No,No,No,1,2026-08-23,39,0,1,0,0,0,0,0,0,2,Overdue,329,0,0,Limited,Medication,4,Care Gap Closure,8,2026-10-04,0,P1,0
2026-10-01,PT-000889,CM-003,Claims,Northeast,Medicare Advantage,86,Female,Spanish,Caregiver,0,1,0,0,1,0,0,0,0,2,1.43,Medium,3,0,0,0,,,155,0,0,0,1,0,0,0,0,0,0,6,0.9,0,0,No,No,No,No,No,0,2026-09-11,20,3,1,0,0,0,0,0,0,1,Not Started,,0,0,Low,None,1,Patient Outreach,6,2026-09-29,1,P3,0
2026-10-01,PT-000890,CM-016,EHR,Northeast,Dual Eligible,69,Female,English,SMS,0,1,1,0,0,0,1,0,0,3,1.1,High,2,0,0,0,,,129,0,0,0,0,0,0,0,1,0,0,13,0.62,1,0,No,No,Unknown,No,Unknown,0,2026-09-06,25,0,1,0,0,0,0,0,0,0,Not Started,,0,0,Adequate,None,2,Medication Review,2,2026-09-30,1,P3,0
2026-10-01,PT-000891,CM-010,EHR,Midwest,Medicare Advantage,79,Male,Other,Caregiver,1,0,0,0,1,0,0,0,0,2,1.16,Medium,0,0,0,0,,9.5,118,1,0,1,0,0,0,0,0,0,0,5,0.76,1,0,No,No,No,Yes,No,1,2026-09-10,21,0,0,0,0,0,0,0,0,3,Current,19,0,0,Adequate,Appointment Preparation,3,Social Resource Referral,5,2026-09-28,1,P2,0
2026-10-01,PT-000892,CM-017,HIE,Midwest,Medicaid Managed Care,46,Female,English,Caregiver,0,0,0,0,0,1,0,0,0,1,0.34,Low,0,0,0,0,,,109,0,0,0,0,0,0,0,0,0,0,2,0.66,1,0,No,Yes,No,No,No,1,2026-08-17,45,0,1,0,0,0,1,0,0,1,Not Started,,0,0,Adequate,None,1,Patient Outreach,0,2026-10-03,0,P2,0
2026-10-01,PT-000893,CM-014,Claims,Mid-Atlantic,Medicare Advantage,85,Male,English,Portal,1,0,1,0,1,0,0,0,1,3,1.55,High,0,0,0,0,,6.9,138,0,0,1,0,0,0,1,0,0,0,5,1.0,0,0,Yes,No,No,No,Unknown,1,2026-09-03,28,2,0,0,0,0,0,0,1,2,Current,71,0,0,Limited,Medication,2,Patient Education,0,2026-10-02,0,P4,0
2026-10-01,PT-000894,CM-003,Claims,Southeast,Commercial Complex Care,44,Female,Russian,Phone,0,1,0,0,0,0,0,0,0,1,1.32,Low,0,1,0,0,,,152,0,0,0,1,0,0,0,0,0,0,2,0.82,0,0,No,No,No,No,Yes,1,2026-09-20,11,0,1,0,0,0,0,0,0,0,Current,21,0,1,Adequate,None,1,Patient Outreach,7,2026-10-05,0,P4,0
2026-10-01,PT-000895,CM-007,CareMgmt,Mid-Atlantic,Commercial Complex Care,55,Female,English,Caregiver,0,1,0,0,0,0,0,0,0,1,0.61,Low,1,0,0,0,,,143,0,0,0,1,0,0,0,1,0,0,3,1.0,0,0,No,Unknown,No,No,No,0,2026-08-08,54,0,0,0,0,0,0,1,0,0,Needs Review,144,0,0,Low,None,2,Patient Education,12,2026-10-02,0,P3,0
2026-10-01,PT-000896,CM-009,Claims,Northeast,Medicare Advantage,80,Male,English,Phone,1,0,0,0,0,1,0,0,0,2,1.16,Low,0,0,0,0,,,147,0,0,0,0,1,0,0,0,0,0,5,0.88,0,0,No,Yes,No,No,No,1,2026-09-07,24,0,0,0,0,0,1,0,0,4,Overdue,289,0,0,Adequate,None,1,Social Resource Referral,5,2026-10-02,0,P2,0
2026-10-01,PT-000897,CM-009,CareMgmt,Southwest,Commercial Complex Care,49,Female,English,Portal,0,1,0,0,0,0,0,0,0,1,1.19,Low,0,0,0,0,,,155,0,0,0,1,0,0,0,0,0,0,7,0.88,0,0,No,No,No,No,No,0,2026-08-23,39,0,0,0,0,0,0,0,0,3,Current,56,2,0,Adequate,Diabetes,1,Provider Follow-up,0,2026-10-01,0,P3,0
2026-10-01,PT-000898,CM-014,CareMgmt,Southeast,Medicare Advantage,70,Male,English,SMS,0,1,0,0,0,0,0,0,0,1,0.84,Low,0,0,0,0,,,145,0,0,0,1,0,0,0,0,0,0,5,0.85,0,0,Yes,Unknown,No,No,No,1,2026-09-25,6,0,0,0,0,0,0,0,0,1,Needs Review,102,0,0,Adequate,None,1,Patient Outreach,10,2026-10-02,0,P2,0
2026-10-01,PT-000899,CM-017,HIE,Mid-Atlantic,Dual Eligible,83,Female,English,Phone,0,1,1,1,0,1,0,0,0,4,1.65,High,1,0,0,0,,,119,0,0,0,0,0,0,0,0,0,0,11,0.72,1,0,No,No,No,Unknown,No,0,2026-09-02,29,0,0,0,1,1,0,0,0,3,Needs Review,141,0,0,Limited,COPD,1,Patient Outreach,10,2026-09-30,1,P3,0
2026-10-01,PT-000900,CM-014,CareMgmt,Mid-Atlantic,Medicare Advantage,64,Female,English,SMS,0,0,1,0,0,0,0,0,1,1,1.08,Medium,0,0,0,0,,,122,0,0,0,0,0,0,1,0,0,0,4,0.78,1,0,No,Unknown,No,No,No,0,2026-09-19,12,0,1,0,0,0,0,0,0,1,Current,83,0,0,Adequate,None,2,Patient Outreach,8,2026-10-03,0,P1,0
2026-10-01,PT-000901,CM-014,CareMgmt,Northeast,Dual Eligible,74,Female,Russian,Phone,1,0,0,0,1,1,0,0,0,3,1.68,High,1,0,0,0,,9.0,119,0,1,0,0,0,0,0,0,1,0,9,0.68,1,1,No,Unknown,Yes,No,Yes,2,2026-08-02,60,0,0,0,0,0,0,0,0,3,Current,79,3,0,Limited,None,3,Care Gap Closure,8,2026-10-04,0,P3,0
2026-10-01,PT-000902,CM-014,Claims,Northeast,Medicare Advantage,73,Female,English,SMS,1,1,0,0,0,0,1,0,0,3,1.4,High,0,0,0,1,13,7.6,152,0,1,0,1,0,1,0,0,0,1,5,0.73,1,0,No,No,No,No,No,0,2026-09-04,27,2,0,0,0,1,0,1,0,5,Needs Review,108,0,0,Adequate,Appointment Preparation,5,Post-Discharge Follow-up,8,2026-09-28,1,P4,0
2026-10-01,PT-000903,CM-010,EHR,Mid-Atlantic,Dual Eligible,64,Female,English,Phone,0,0,0,0,0,0,0,0,0,0,0.58,Low,0,0,0,0,,,149,0,0,0,0,0,0,0,0,1,0,3,0.78,1,0,No,No,No,Yes,No,1,2026-09-29,2,1,0,0,0,0,0,0,0,1,Current,68,0,0,Adequate,Appointment Preparation,2,Care Gap Closure,0,2026-10-04,0,P4,0
2026-10-01,PT-000904,CM-006,Pharmacy,Northeast,Medicare Advantage,77,Male,English,Phone,0,0,0,0,0,0,0,0,0,0,0.96,Low,0,0,0,0,,,141,0,0,0,0,0,0,0,1,0,0,0,0.74,0,1,No,No,No,No,Yes,1,2026-09-22,9,2,1,0,0,0,0,1,1,2,Current,88,0,0,Adequate,COPD,1,Social Resource Referral,4,2026-10-03,0,P2,0
2026-10-01,PT-000905,CM-009,CareMgmt,Mid-Atlantic,Medicaid Managed Care,57,Male,English,SMS,0,1,1,0,0,0,0,0,0,2,1.07,Medium,0,0,0,0,,,140,0,0,0,1,0,0,1,0,0,0,5,0.99,0,0,No,No,No,No,No,0,2026-09-24,7,0,0,0,0,0,0,0,0,1,Needs Review,104,0,0,Adequate,Diet/Lifestyle,2,Patient Outreach,6,2026-09-30,1,P4,0
2026-10-01,PT-000906,CM-012,CareMgmt,Southeast,Medicare Advantage,71,Male,English,SMS,0,0,0,0,0,0,1,0,0,1,0.63,Low,0,1,0,0,,,136,0,0,0,0,0,0,0,0,0,0,5,0.65,1,1,No,No,No,No,No,0,2026-10-01,0,0,0,0,0,0,0,0,0,2,Current,70,1,0,Limited,None,1,Medication Review,3,2026-10-01,0,P4,0
2026-10-01,PT-000907,CM-012,HIE,Southwest,Commercial Complex Care,58,Female,Chinese,Phone,0,0,0,0,0,0,0,0,0,0,0.71,Low,0,0,1,0,,,126,0,0,0,0,0,0,0,0,0,0,1,1.0,0,0,No,No,No,No,No,0,2026-09-27,4,0,0,0,0,0,0,0,1,0,Not Started,,0,0,Adequate,None,0,Provider Follow-up,2,2026-09-27,1,P4,0
2026-10-01,PT-000908,CM-008,CareMgmt,Southeast,Dual Eligible,76,Female,English,SMS,0,1,0,0,0,0,0,0,0,1,0.95,Low,0,0,0,1,23,,131,0,0,0,0,1,0,0,0,0,0,3,0.86,0,0,No,No,No,No,No,0,2026-09-21,10,1,0,0,0,0,0,0,0,0,Needs Review,115,0,0,Limited,CHF,1,Patient Education,1,2026-10-03,0,P4,0
2026-10-01,PT-000909,CM-017,CareMgmt,Northeast,Medicaid Managed Care,73,Female,English,SMS,0,1,0,0,0,0,0,0,0,1,1.19,Low,0,0,0,0,,,144,0,0,0,1,0,0,0,1,0,0,7,0.81,0,0,No,No,Yes,No,Unknown,1,2026-09-07,24,1,1,0,0,0,0,0,0,3,Not Started,,0,0,Adequate,Medication,2,Provider Follow-up,4,2026-09-28,1,P4,0
2026-10-01,PT-000910,CM-006,CareMgmt,Northeast,Medicare Advantage,86,Female,Chinese,Caregiver,1,1,0,0,0,0,0,0,0,2,0.94,Low,1,0,0,0,,5.9,156,0,0,0,1,0,0,0,0,0,0,8,0.89,0,0,Yes,No,No,Unknown,No,1,2026-07-22,71,1,1,0,1,0,0,0,0,0,Current,53,0,1,Adequate,None,1,Care Plan Update,2,2026-09-29,1,P3,0
2026-10-01,PT-000911,CM-003,CareMgmt,Southeast,Medicaid Managed Care,42,Female,English,Phone,0,1,0,0,0,0,0,0,0,1,1.02,Low,0,0,0,0,,,138,0,0,0,0,0,0,0,0,0,0,7,0.76,1,1,No,No,No,No,No,0,2026-10-01,0,0,0,0,0,0,0,1,0,1,Needs Review,135,0,0,Limited,CHF,1,Patient Education,0,2026-10-03,0,P3,0
2026-10-01,PT-000912,CM-008,Pharmacy,Southeast,Commercial Complex Care,66,Male,Other,Phone,0,1,0,0,0,0,0,0,0,1,0.77,Low,4,0,0,0,,,159,0,0,0,1,0,0,0,0,0,0,4,0.86,0,0,No,No,No,No,No,0,2026-09-15,16,0,0,0,0,0,0,1,0,2,Current,56,0,0,Unknown,None,1,Provider Follow-up,4,2026-10-03,0,P2,0
2026-10-01,PT-000913,CM-011,HIE,Mid-Atlantic,Medicare Advantage,89,Female,English,Phone,0,1,0,0,1,0,0,0,0,2,1.09,Low,0,0,0,0,,,141,0,0,0,1,0,0,0,0,1,0,10,0.94,0,0,Unknown,No,No,No,Unknown,0,2026-09-21,10,0,0,0,0,1,0,0,0,0,Current,75,1,0,Adequate,Diabetes,2,Social Resource Referral,10,2026-09-27,1,P4,0
2026-10-01,PT-000914,CM-013,EHR,Northeast,Medicare Advantage,73,Male,Spanish,Phone,0,1,0,0,0,0,0,0,0,1,0.9,Low,0,0,0,0,,,132,0,0,0,0,0,0,1,0,0,0,1,0.67,0,0,No,No,No,No,No,0,2026-09-20,11,5,1,0,0,0,0,1,0,0,Current,62,0,0,Limited,CHF,1,Medication Review,10,2026-10-03,0,P3,0
2026-10-01,PT-000915,CM-008,CareMgmt,Northeast,Medicare Advantage,70,Female,English,SMS,1,1,0,0,0,0,0,0,0,2,1.03,Medium,3,0,1,0,,6.3,117,1,0,0,0,0,0,0,1,0,0,8,0.87,0,0,No,Yes,No,No,No,1,2026-09-12,19,0,0,0,0,0,1,0,0,1,Current,57,2,0,Limited,Diabetes,2,Post-Discharge Follow-up,0,2026-09-28,1,P3,0
2026-10-01,PT-000916,CM-012,Claims,Midwest,Medicaid Managed Care,62,Male,English,Phone,0,0,0,0,1,0,0,0,0,1,0.71,Low,0,0,0,0,,,157,0,0,0,0,0,0,0,0,0,0,4,0.87,0,0,No,No,No,No,No,0,2026-09-23,8,1,0,0,0,0,0,0,0,1,Overdue,173,0,0,Adequate,None,0,Patient Outreach,0,2026-09-29,1,P2,0
2026-10-01,PT-000917,CM-001,EHR,Northeast,Dual Eligible,66,Male,Russian,Portal,0,0,0,0,0,0,0,0,0,0,0.72,Low,0,0,0,0,,,143,0,0,0,0,0,0,0,0,0,0,4,0.91,0,0,No,No,Unknown,No,No,0,2026-09-12,19,0,0,0,0,0,0,0,0,0,Current,2,0,0,Limited,Diabetes,0,Care Gap Closure,7,2026-10-03,0,P1,0
2026-10-01,PT-000918,CM-017,CareMgmt,Mid-Atlantic,Medicare Advantage,63,Male,English,Caregiver,0,0,0,0,0,0,0,0,0,0,0.66,Low,0,0,0,0,,,148,0,0,0,0,1,0,0,0,0,0,1,0.92,0,0,No,No,No,Unknown,No,0,2026-09-20,11,2,0,0,0,0,0,0,0,1,Needs Review,141,0,0,Limited,None,1,Patient Education,1,2026-09-27,1,P1,0
2026-10-01,PT-000919,CM-013,EHR,Midwest,Dual Eligible,85,Female,English,Phone,0,1,0,0,0,0,1,0,0,2,0.97,Medium,0,0,1,1,16,,123,0,0,0,0,1,1,1,0,0,1,10,0.9,0,1,No,No,No,Unknown,Unknown,0,2026-09-07,24,0,1,0,0,0,0,0,0,3,Current,39,0,0,Adequate,Medication,4,Patient Outreach,7,2026-10-06,0,P4,0
2026-10-01,PT-000920,CM-005,CareMgmt,Northeast,Medicare Advantage,71,Female,Spanish,Caregiver,1,0,0,0,1,0,0,0,0,2,1.08,Medium,0,0,0,0,,7.2,140,1,1,0,0,0,1,0,1,0,0,4,0.97,0,0,No,No,No,No,No,0,2026-10-01,0,0,0,0,0,1,0,0,0,3,Current,56,0,1,Adequate,Discharge Instructions,4,Provider Follow-up,2,2026-10-04,0,P2,0
2026-10-01,PT-000921,CM-002,CareMgmt,Northeast,Medicare Advantage,68,Female,English,Phone,0,1,0,0,0,0,0,0,0,1,0.83,Low,0,0,0,0,,,159,0,0,0,1,0,0,0,0,0,0,6,0.82,0,0,No,No,No,Yes,No,1,2026-09-14,17,0,0,0,0,0,0,0,0,2,Needs Review,136,0,0,Adequate,Medication,1,Provider Follow-up,0,2026-10-06,0,P4,0
2026-10-01,PT-000922,CM-018,CareMgmt,Midwest,Medicare Advantage,70,Male,English,SMS,1,0,0,0,0,0,1,0,0,2,1.17,Low,0,0,0,0,,5.6,122,1,0,0,0,0,0,1,0,0,0,6,0.86,0,1,No,No,No,No,No,0,2026-07-31,62,0,1,0,0,0,0,0,0,3,Current,54,0,1,Limited,Appointment Preparation,2,Medication Review,7,2026-09-30,1,P4,0
2026-10-01,PT-000923,CM-013,HIE,Mid-Atlantic,Medicare Advantage,86,Female,English,Caregiver,0,0,0,1,0,0,0,1,0,2,1.31,Medium,0,0,0,0,,,153,0,0,0,0,0,0,0,1,0,0,3,0.79,1,0,No,No,Yes,Yes,Yes,3,2026-09-07,24,0,0,0,0,0,0,1,0,1,Overdue,219,0,0,Low,Medication,2,Care Gap Closure,5,2026-10-04,0,P4,0
2026-10-01,PT-000924,CM-015,CareMgmt,Midwest,Dual Eligible,74,Female,English,Phone,0,1,0,0,0,0,0,0,0,1,0.76,Low,0,0,1,0,,,159,0,0,0,1,0,0,0,0,0,0,4,0.67,1,0,No,No,No,No,No,0,2026-09-28,3,0,0,0,0,0,0,0,1,1,Current,51,0,0,Adequate,Appointment Preparation,2,Medication Review,5,2026-09-30,1,P1,0
2026-10-01,PT-000925,CM-006,CareMgmt,Northeast,Medicaid Managed Care,63,Male,English,SMS,0,1,0,0,0,0,0,0,0,1,0.78,Low,0,0,0,0,,,146,0,0,0,1,0,0,0,0,0,0,3,0.96,0,0,No,No,No,No,Yes,1,2026-08-18,44,5,0,0,0,0,0,0,0,4,Current,67,0,0,Limited,None,1,Patient Education,7,2026-10-01,0,P3,0
2026-10-01,PT-000926,CM-007,EHR,Midwest,Medicaid Managed Care,57,Female,English,Phone,0,0,0,0,0,0,0,0,0,0,0.65,Low,0,0,0,0,,,157,0,0,0,0,0,0,1,0,0,0,0,0.7,0,1,No,No,No,No,No,0,2026-09-11,20,0,0,0,0,0,0,0,0,0,Needs Review,95,0,0,Unknown,None,1,Post-Discharge Follow-up,6,2026-10-02,0,P3,0
2026-10-01,PT-000927,CM-002,CareMgmt,Northeast,Medicaid Managed Care,39,Female,English,Caregiver,0,0,0,0,0,0,0,0,0,0,0.82,Low,0,0,0,0,,,115,0,0,0,0,0,0,0,0,0,0,6,0.88,0,0,Unknown,No,No,No,Yes,1,2026-09-27,4,0,0,0,0,0,0,0,1,0,Current,64,0,0,Adequate,None,0,Medication Review,4,2026-09-30,1,P1,0
2026-10-01,PT-000928,CM-016,CareMgmt,Northeast,Medicaid Managed Care,59,Female,Russian,SMS,1,0,0,0,0,0,0,0,0,1,1.05,Medium,1,0,0,0,,8.4,140,1,1,0,0,0,0,0,0,1,0,5,0.62,1,0,Yes,Yes,No,Unknown,Yes,3,2026-09-09,22,0,0,0,0,0,1,0,0,0,Needs Review,142,0,0,Unknown,None,4,Care Gap Closure,8,2026-09-28,1,P2,0
2026-10-01,PT-000929,CM-012,Pharmacy,Northeast,Commercial Complex Care,88,Female,English,SMS,0,1,0,0,0,0,1,0,0,2,0.88,Low,1,0,1,0,,,116,0,0,0,0,1,0,0,0,0,0,8,0.98,0,0,No,No,Unknown,No,Yes,1,2026-08-15,47,0,1,1,0,0,0,0,1,2,Current,42,0,0,Adequate,None,1,Patient Outreach,5,2026-10-05,0,P2,0
2026-10-01,PT-000930,CM-018,CareMgmt,Mid-Atlantic,Dual Eligible,64,Female,Other,Phone,1,1,1,0,0,0,1,0,0,4,1.41,High,0,0,0,0,,8.5,140,0,0,1,1,0,0,0,0,0,0,9,0.65,1,0,No,Yes,No,No,No,1,2026-09-21,10,0,1,0,1,0,0,0,0,2,Current,81,0,0,Adequate,Diet/Lifestyle,3,Care Gap Closure,7,2026-10-01,0,P4,0
2026-10-01,PT-000931,CM-005,Claims,Midwest,Commercial Complex Care,60,Male,English,Phone,0,0,0,0,0,0,0,0,0,0,1.19,Low,0,0,0,0,,,130,0,0,0,0,0,0,0,0,0,0,5,0.7,1,1,No,No,Unknown,Unknown,No,0,2026-08-31,31,2,1,0,0,0,0,0,0,3,Current,3,0,0,Adequate,None,1,Patient Outreach,6,2026-10-02,0,P3,0
2026-10-01,PT-000932,CM-012,EHR,Mid-Atlantic,Medicare Advantage,82,Male,Other,SMS,1,1,0,1,0,0,0,0,0,3,1.45,Medium,1,0,1,0,,7.0,137,0,0,0,0,0,0,1,0,0,1,9,0.99,0,0,No,No,Yes,Yes,No,2,2026-08-13,49,0,1,0,0,0,0,0,0,2,Needs Review,134,1,0,Limited,Medication,2,Care Plan Update,4,2026-10-04,0,P2,0
2026-10-01,PT-000933,CM-003,EHR,Mid-Atlantic,Dual Eligible,77,Female,English,Phone,1,0,0,0,1,0,0,0,0,2,1.38,Medium,1,0,0,0,,6.2,117,0,1,1,0,0,0,0,0,0,0,7,0.89,0,0,No,No,Yes,No,Unknown,1,2026-08-20,42,0,0,0,1,0,0,0,0,4,Current,39,0,0,Low,Diabetes,2,Patient Education,4,2026-10-01,0,P2,0
2026-10-01,PT-000934,CM-014,CareMgmt,Southeast,Medicare Advantage,76,Male,English,SMS,1,1,0,1,1,1,0,0,1,5,1.86,High,0,0,0,0,,8.0,125,0,0,1,0,1,0,1,0,0,0,14,1.0,0,0,No,Yes,No,Yes,No,2,2026-08-20,42,0,0,1,0,1,0,1,0,3,Current,34,0,0,Low,Medication,3,Care Gap Closure,0,2026-10-05,0,P1,0
2026-10-01,PT-000935,CM-002,EHR,Midwest,Commercial Complex Care,40,Female,English,Phone,0,0,0,0,0,1,0,0,0,1,1.14,Low,0,0,0,0,,,151,0,0,0,0,0,1,0,0,0,0,7,0.64,1,0,No,No,Unknown,No,No,0,2026-09-18,13,2,1,0,0,0,0,0,0,3,Current,61,0,0,Low,Medication,2,Patient Outreach,5,2026-10-02,0,P3,0
2026-10-01,PT-000936,CM-011,HIE,Midwest,Medicare Advantage,66,Female,English,Phone,0,0,0,0,0,0,1,0,0,1,0.96,Low,0,0,0,0,,,164,0,0,0,0,0,0,0,0,0,0,4,0.96,0,0,No,No,Unknown,No,No,0,,26,0,1,0,1,0,0,0,0,1,Current,42,0,0,Adequate,None,0,Patient Outreach,3,2026-10-05,0,P4,0
2026-10-01,PT-000937,CM-011,CareMgmt,Mid-Atlantic,Medicare Advantage,78,Female,English,SMS,1,1,0,1,0,0,0,0,0,3,1.27,Medium,1,0,0,0,,7.1,120,1,0,0,0,0,0,1,0,0,0,9,0.95,0,1,No,No,No,No,No,0,2026-08-30,32,0,0,0,1,0,0,0,0,3,Current,4,0,0,Adequate,COPD,2,Medication Review,0,2026-10-01,0,P2,0
2026-10-01,PT-000938,CM-002,CareMgmt,Midwest,Dual Eligible,83,Male,Unknown,Portal,0,1,1,0,0,1,0,0,0,3,2.01,Medium,2,0,0,0,,,141,0,0,0,1,0,0,0,0,0,0,11,0.81,0,0,No,No,No,No,No,0,2026-08-17,45,0,0,0,0,0,0,0,0,1,Current,75,0,0,Limited,None,1,Care Gap Closure,0,2026-09-27,1,P4,0
2026-10-01,PT-000939,CM-005,EHR,Mid-Atlantic,Commercial Complex Care,45,Female,English,Phone,0,1,0,0,0,0,0,0,0,1,1.29,Low,0,1,0,0,,,157,0,0,0,1,0,0,1,0,0,0,7,0.81,0,0,No,No,No,No,No,0,2026-09-28,3,0,0,0,0,0,0,0,0,1,Current,13,1,0,Unknown,Appointment Preparation,2,Care Gap Closure,1,2026-09-28,1,P3,0
2026-10-01,PT-000940,CM-018,Pharmacy,Midwest,Medicare Advantage,71,Female,English,Phone,0,0,1,1,0,0,0,0,0,2,1.37,Medium,0,0,0,0,,,118,0,0,0,0,0,0,0,0,0,0,5,1.0,0,0,No,No,Unknown,No,No,0,2026-09-19,12,0,0,0,1,0,0,0,0,2,Current,73,0,1,Limited,CHF,0,Patient Education,4,2026-10-06,0,P2,0
2026-10-01,PT-000941,CM-012,Claims,Northeast,Medicare Advantage,60,Male,English,SMS,0,1,0,0,0,0,0,0,0,1,1.25,Low,1,0,0,0,,,149,0,0,0,1,0,0,1,0,0,0,8,0.61,1,0,No,No,Yes,No,No,1,2026-09-24,7,2,1,0,1,0,0,1,0,1,Not Started,,0,0,Adequate,Diabetes,3,Patient Education,0,2026-10-03,0,P4,0
2026-10-01,PT-000942,CM-016,CareMgmt,Midwest,Medicare Advantage,86,Female,English,Phone,1,1,0,0,0,0,0,0,0,2,0.93,Low,0,0,0,0,,9.4,137,0,0,0,0,1,0,1,0,0,0,3,0.93,0,0,No,No,No,No,Unknown,0,2026-09-25,6,2,0,0,1,0,0,0,1,3,Overdue,192,0,0,Low,None,2,Patient Education,0,2026-09-29,1,P2,0
2026-10-01,PT-000943,CM-018,Claims,Mid-Atlantic,Medicare Advantage,75,Male,English,Phone,0,0,0,0,0,1,0,0,0,1,0.82,Medium,0,0,0,0,,,139,0,0,0,0,0,0,1,0,1,0,3,0.73,1,0,Yes,No,Yes,Yes,No,3,2026-08-14,48,0,0,0,1,0,0,0,0,2,Needs Review,139,0,0,Adequate,Diet/Lifestyle,3,Patient Outreach,4,2026-09-27,1,P3,0
2026-10-01,PT-000944,CM-014,CareMgmt,Northeast,Medicare Advantage,63,Male,English,Phone,0,0,0,1,0,0,0,0,0,1,1.0,Medium,0,0,0,0,,,150,0,0,0,0,0,0,0,1,0,0,6,0.72,1,0,No,Yes,No,No,Yes,2,2026-08-25,37,2,1,0,0,0,1,0,0,0,Overdue,293,0,0,Adequate,None,2,Patient Outreach,6,2026-09-27,1,P1,0
2026-10-01,PT-000945,CM-012,Pharmacy,Northeast,Medicare Advantage,74,Female,Spanish,Phone,0,0,0,0,0,0,0,0,0,0,0.53,Low,0,0,0,0,,,109,0,0,0,0,0,1,0,0,0,0,6,0.92,0,0,No,No,No,No,No,0,2026-08-28,34,1,1,0,0,0,0,0,0,0,Needs Review,114,0,0,Limited,CHF,1,Patient Outreach,6,2026-10-05,0,P3,0
2026-10-01,PT-000946,CM-014,Claims,Southeast,Medicare Advantage,85,Male,English,SMS,0,0,0,0,0,0,1,0,1,1,1.23,Low,0,0,0,0,,,159,0,0,0,0,0,0,1,1,0,0,5,1.0,0,0,No,No,No,No,No,0,2026-09-28,3,1,0,0,0,1,0,0,0,1,Current,85,0,0,Adequate,Medication,2,Post-Discharge Follow-up,1,2026-10-03,0,P4,0
2026-10-01,PT-000947,CM-008,EHR,Southeast,Medicaid Managed Care,54,Female,English,Phone,0,0,0,0,0,0,0,0,0,0,1.06,Low,0,0,0,0,,,156,0,0,0,0,1,0,0,1,0,0,2,0.78,1,0,Yes,No,No,No,Yes,2,2026-08-27,35,1,0,0,0,0,0,0,1,0,Overdue,319,0,0,Adequate,None,3,Patient Outreach,9,2026-09-29,1,P3,0
2026-10-01,PT-000948,CM-002,Pharmacy,Southwest,Dual Eligible,79,Male,English,Phone,1,1,0,0,0,0,1,0,0,3,1.89,Medium,1,0,0,0,,6.0,145,0,1,0,1,0,0,0,0,0,0,7,0.82,0,0,Yes,No,No,No,No,1,2026-09-21,10,0,1,0,0,0,0,0,0,3,Current,19,0,1,Limited,Appointment Preparation,2,Patient Outreach,0,2026-10-06,0,P3,0
2026-10-01,PT-000949,CM-011,CareMgmt,Northeast,Dual Eligible,87,Male,English,SMS,0,0,0,0,0,0,0,0,1,0,0.61,Low,0,0,0,0,,,141,0,0,0,0,0,0,1,0,0,0,1,0.91,0,1,No,No,No,No,No,0,2026-09-20,11,0,0,0,0,0,0,0,0,2,Overdue,277,0,0,Limited,Diet/Lifestyle,1,Patient Outreach,2,2026-10-03,0,P1,0
2026-10-01,PT-000950,CM-015,Claims,Mid-Atlantic,Medicare Advantage,72,Female,Spanish,SMS,0,0,0,0,0,0,0,0,0,0,0.66,Low,0,0,0,1,9,,164,0,0,0,0,0,1,1,1,0,0,2,0.84,0,0,No,No,No,No,Unknown,0,2026-09-09,22,0,0,0,0,0,0,0,0,0,Current,61,0,0,Adequate,Discharge Instructions,3,Care Gap Closure,7,2026-10-03,0,P1,0
2026-10-01,PT-000951,CM-018,Pharmacy,Midwest,Medicare Advantage,64,Male,English,SMS,1,1,0,0,0,0,0,0,0,2,1.48,Low,0,0,0,0,,6.9,143,0,1,0,1,0,0,0,0,0,1,8,1.0,0,0,No,Unknown,No,No,No,0,2026-09-29,2,2,1,0,0,0,0,0,0,1,Current,44,0,1,Adequate,None,3,Care Gap Closure,9,2026-10-05,0,P3,0
2026-10-01,PT-000952,CM-003,CareMgmt,Southwest,Medicare Advantage,77,Female,English,Phone,1,0,0,0,0,0,0,0,1,1,0.87,Low,0,0,0,0,,8.9,154,0,1,0,0,0,0,0,0,0,0,7,1.0,0,0,No,No,No,Yes,No,1,2026-07-19,74,0,0,0,0,0,0,0,0,4,Current,9,0,0,Adequate,Medication,1,Provider Follow-up,8,2026-10-03,0,P4,0
2026-10-01,PT-000953,CM-002,Claims,Southwest,Medicare Advantage,68,Male,Spanish,Phone,0,1,0,0,0,0,0,0,0,1,1.17,Low,0,1,1,0,,,116,0,0,0,0,0,0,1,0,0,0,5,0.7,1,0,No,No,No,No,No,0,2026-09-19,12,1,0,0,0,0,0,0,0,2,Overdue,354,0,0,Adequate,Discharge Instructions,2,Medication Review,3,2026-09-28,1,P2,0
2026-10-01,PT-000954,CM-007,Pharmacy,Southeast,Medicare Advantage,71,Male,Other,Portal,0,0,0,0,0,0,0,0,0,0,0.54,Low,0,0,0,0,,,129,0,0,0,0,0,0,0,0,0,0,4,0.97,0,0,Unknown,Yes,No,No,No,1,2026-09-22,9,0,1,0,0,0,1,1,0,1,Current,67,0,0,Adequate,Medication,0,Patient Education,5,2026-10-06,0,P2,0
2026-10-01,PT-000955,CM-015,Claims,Mid-Atlantic,Medicare Advantage,73,Male,English,Phone,1,1,0,0,0,1,0,0,0,3,1.15,Medium,2,0,0,0,,7.6,131,0,0,1,0,0,0,0,0,1,0,3,0.99,0,0,No,Unknown,No,Unknown,No,0,2026-08-11,51,0,0,0,0,0,0,1,0,1,Needs Review,105,0,0,Adequate,Appointment Preparation,2,Provider Follow-up,7,2026-10-01,0,P4,0
2026-10-01,PT-000956,CM-017,CareMgmt,Southwest,Medicaid Managed Care,73,Male,English,Phone,1,0,1,0,1,0,0,0,0,3,1.57,High,0,0,1,0,,5.2,132,0,0,0,0,0,0,1,0,0,0,11,0.58,1,0,No,No,Yes,No,No,1,2026-09-15,16,1,0,0,0,0,0,0,0,2,Current,69,0,1,Unknown,None,2,Patient Education,6,2026-10-01,0,P2,1
2026-10-01,PT-000957,CM-016,Claims,Northeast,Medicare Advantage,70,Male,English,Phone,0,1,0,0,0,0,0,0,0,1,1.06,Low,0,0,0,0,,,136,0,0,0,0,0,0,0,0,0,0,4,0.84,0,0,No,No,No,No,No,0,2026-08-31,31,0,0,0,0,0,0,0,0,1,Overdue,165,0,0,Limited,Medication,0,Provider Follow-up,2,2026-10-03,0,P3,0
2026-10-01,PT-000958,CM-008,CareMgmt,Northeast,Medicare Advantage,67,Female,Chinese,SMS,1,0,0,0,0,0,0,0,0,1,1.06,Low,0,0,0,0,,9.4,112,0,0,0,0,0,0,1,0,0,0,5,0.85,0,0,Yes,No,No,Yes,Yes,3,2026-08-19,43,0,0,0,0,0,0,0,0,1,Needs Review,110,1,0,Adequate,Diabetes,1,Patient Outreach,0,2026-10-01,0,P2,0
2026-10-01,PT-000959,CM-001,CareMgmt,Northeast,Medicaid Managed Care,54,Female,English,Phone,0,0,0,0,0,0,0,0,0,0,0.66,Low,0,0,0,0,,,132,0,0,0,0,0,0,0,1,0,0,3,0.83,0,0,No,No,No,No,No,0,2026-09-03,28,1,0,0,0,1,0,0,0,0,Overdue,214,0,0,Limited,Diet/Lifestyle,1,Provider Follow-up,5,2026-10-04,0,P1,0
2026-10-01,PT-000960,CM-017,CareMgmt,Northeast,Dual Eligible,84,Female,Bengali,Caregiver,0,0,0,1,0,1,0,0,0,2,0.89,Medium,2,0,0,0,,,141,0,0,0,0,0,0,0,0,0,0,5,0.72,1,0,Yes,No,No,No,No,1,2026-08-30,32,0,1,0,0,0,0,0,0,3,Current,61,0,0,Limited,Appointment Preparation,1,Care Plan Update,0,2026-10-03,0,P4,0
2026-10-01,PT-000961,CM-008,EHR,Mid-Atlantic,Dual Eligible,82,Female,Spanish,SMS,0,1,0,0,0,1,1,0,1,3,1.26,Medium,0,0,0,0,,,162,0,0,0,1,0,0,0,1,1,0,9,0.87,0,0,Yes,Yes,No,Yes,No,3,2026-09-03,28,0,0,0,0,0,0,0,0,3,Current,78,0,0,Adequate,None,3,Patient Education,2,2026-09-30,1,P2,0
2026-10-01,PT-000962,CM-002,EHR,Northeast,Commercial Complex Care,43,Male,Russian,Phone,0,0,0,0,0,0,0,0,0,0,0.92,Low,0,0,0,0,,,173,0,0,0,0,0,0,0,0,0,0,4,0.87,0,0,No,No,No,No,No,0,2026-09-02,29,1,1,0,0,0,0,0,0,2,Current,62,0,1,Adequate,Medication,0,Care Gap Closure,5,2026-09-28,1,P2,0
2026-10-01,PT-000963,CM-015,Claims,Southwest,Medicare Advantage,74,Female,Other,SMS,0,0,0,0,0,0,0,0,0,0,0.59,Low,0,0,0,0,,,140,0,0,0,0,0,0,0,1,0,0,4,0.85,0,0,No,No,No,No,No,0,2026-08-28,34,0,1,0,0,0,0,1,0,1,Overdue,243,0,1,Limited,Discharge Instructions,1,Medication Review,0,2026-09-27,1,P4,0
2026-10-01,PT-000964,CM-016,EHR,Midwest,Medicare Advantage,77,Female,English,Phone,0,0,0,0,0,0,0,0,0,0,1.11,Low,1,0,0,0,,,111,0,0,0,0,0,0,0,1,0,0,4,0.79,1,1,No,No,Unknown,No,Yes,1,2026-09-08,23,2,0,0,1,0,0,0,0,1,Not Started,,0,0,Adequate,None,2,Patient Education,2,2026-10-06,0,P2,0
2026-10-01,PT-000965,CM-008,Pharmacy,Northeast,Medicare Advantage,70,Male,English,Phone,1,0,0,0,1,1,0,0,0,3,1.47,Medium,0,0,0,0,,8.5,121,0,1,0,0,0,0,0,0,1,0,5,0.81,0,0,No,No,No,No,No,0,2026-09-12,19,1,0,0,0,0,0,1,1,3,Overdue,200,3,0,Adequate,Discharge Instructions,2,Medication Review,0,2026-09-30,1,P3,0
2026-10-01,PT-000966,CM-012,EHR,Midwest,Medicare Advantage,77,Male,Spanish,Portal,0,0,0,0,0,0,0,0,0,0,0.48,Low,0,0,0,1,9,,143,0,0,0,0,0,1,0,0,0,0,6,0.64,1,0,No,No,Unknown,No,Unknown,0,2026-10-01,0,2,1,1,0,0,0,0,0,1,Current,50,0,0,Low,Diet/Lifestyle,2,Medication Review,5,2026-09-30,1,P3,0
2026-10-01,PT-000967,CM-018,CareMgmt,Northeast,Medicare Advantage,90,Female,English,Phone,1,0,0,0,1,1,1,0,1,4,1.7,High,0,0,0,0,,7.5,132,1,0,1,0,1,0,0,0,1,0,8,0.87,0,1,No,No,No,Unknown,No,0,,40,0,0,0,0,0,0,0,0,3,Current,33,0,0,Limited,None,4,Patient Outreach,4,2026-09-27,1,P3,0
2026-10-01,PT-000968,CM-013,Claims,Northeast,Dual Eligible,68,Female,Bengali,Phone,0,0,0,0,0,0,0,0,0,0,0.63,Low,0,0,0,0,,,156,0,0,0,0,0,0,0,0,0,0,2,0.8,0,0,No,Unknown,No,No,No,0,2026-09-01,30,3,0,0,0,0,0,0,1,0,Needs Review,136,0,0,Adequate,Diet/Lifestyle,0,Patient Outreach,2,2026-09-29,1,P1,0
2026-10-01,PT-000969,CM-018,Claims,Midwest,Medicaid Managed Care,68,Female,English,SMS,1,1,0,0,0,0,0,0,0,2,0.93,Low,1,0,0,0,,,128,0,0,0,0,0,0,0,0,0,0,2,0.64,1,0,No,No,No,No,No,0,2026-09-20,11,0,0,0,0,1,0,0,0,3,Current,5,0,0,Adequate,Appointment Preparation,1,Care Gap Closure,0,2026-10-05,0,P1,0
2026-10-01,PT-000970,CM-018,HIE,Mid-Atlantic,Dual Eligible,76,Female,English,Phone,1,1,1,0,0,0,0,0,1,3,1.8,Medium,0,0,1,0,,7.2,142,1,0,0,1,0,0,0,0,0,0,9,0.67,1,0,No,No,No,No,No,0,2026-09-11,20,0,1,0,0,0,0,0,0,4,Current,57,0,0,Adequate,None,3,Medication Review,3,2026-09-29,1,P3,0
2026-10-01,PT-000971,CM-004,CareMgmt,Northeast,Medicare Advantage,61,Female,Other,Portal,0,0,1,0,0,0,0,0,0,1,1.08,Medium,1,0,0,0,,,111,0,0,0,0,0,0,0,0,0,0,7,0.91,0,0,Yes,Yes,No,No,No,2,2026-08-27,35,0,0,0,1,0,0,0,0,1,Current,10,1,0,Adequate,Diet/Lifestyle,0,Social Resource Referral,10,2026-09-30,1,P2,0
2026-10-01,PT-000972,CM-017,Claims,Mid-Atlantic,Medicare Advantage,92,Male,Other,SMS,0,1,0,0,0,0,1,0,0,2,1.17,Low,1,0,0,0,,,154,0,0,0,1,0,0,0,0,0,0,7,0.91,0,1,No,No,No,No,No,0,2026-09-14,17,0,1,0,0,0,0,1,0,2,Overdue,275,3,0,Limited,Discharge Instructions,1,Medication Review,5,2026-09-30,1,P3,0
2026-10-01,PT-000973,CM-013,Pharmacy,Northeast,Medicare Advantage,67,Male,English,Phone,0,1,0,0,0,0,0,0,0,1,0.97,Low,0,0,0,0,,,187,0,0,0,1,0,0,0,1,0,0,8,0.77,1,0,No,No,No,No,No,0,2026-09-05,26,0,1,0,0,0,0,1,0,0,Current,7,0,0,Adequate,Medication,3,Patient Outreach,0,2026-09-27,1,P2,0
2026-10-01,PT-000974,CM-001,Pharmacy,Mid-Atlantic,Dual Eligible,68,Male,Spanish,SMS,0,1,1,0,1,1,0,0,0,4,1.66,High,1,0,1,0,,,130,0,0,0,0,0,0,0,0,0,0,10,0.69,1,1,No,No,No,No,Yes,1,2026-09-02,29,1,0,1,1,0,0,1,0,1,Overdue,350,0,0,Limited,Diabetes,1,Patient Outreach,2,2026-10-04,0,P2,0
2026-10-01,PT-000975,CM-008,CareMgmt,Northeast,Dual Eligible,64,Male,English,SMS,1,0,0,0,0,0,1,0,0,2,0.91,Medium,0,0,0,0,,8.6,126,0,1,0,0,0,1,0,0,0,0,10,0.7,1,0,Yes,Yes,No,No,Unknown,2,2026-08-31,31,0,0,0,0,0,1,0,0,1,Overdue,253,0,0,Low,Diet/Lifestyle,3,Patient Outreach,3,2026-10-01,0,P3,0
2026-10-01,PT-000976,CM-016,Claims,Mid-Atlantic,Medicare Advantage,80,Female,English,Phone,0,1,0,0,0,0,0,0,0,1,0.79,Low,0,0,0,0,,,131,0,0,0,0,1,0,1,0,0,0,5,1.0,0,1,No,No,Yes,No,No,1,2026-08-28,34,0,0,0,0,0,0,0,0,1,Not Started,,0,0,Adequate,Discharge Instructions,2,Social Resource Referral,2,2026-10-06,0,P3,0
2026-10-01,PT-000977,CM-008,Claims,Midwest,Dual Eligible,69,Male,Spanish,SMS,1,0,0,0,1,0,0,0,0,2,1.6,Medium,0,0,0,0,,8.5,128,0,0,0,0,0,0,0,0,0,0,10,0.77,1,0,No,Yes,No,No,No,1,2026-08-29,33,0,0,0,0,0,1,1,0,2,Current,25,0,0,Adequate,Medication,1,Provider Follow-up,5,2026-09-29,1,P4,0
2026-10-01,PT-000978,CM-001,HIE,Mid-Atlantic,Medicare Advantage,77,Female,English,Portal,0,1,0,0,0,0,0,1,0,2,1.38,Medium,3,0,0,0,,,129,0,0,0,0,0,0,1,0,0,0,5,0.76,1,0,No,No,No,No,No,0,2026-08-28,34,2,1,0,0,0,0,0,0,2,Overdue,227,0,0,Adequate,None,2,Care Plan Update,1,2026-09-27,1,P2,0
2026-10-01,PT-000979,CM-011,CareMgmt,Northeast,Commercial Complex Care,71,Female,English,Phone,1,1,0,1,1,0,0,0,0,4,1.4,Medium,0,0,0,0,,8.6,148,0,0,0,1,0,0,0,0,0,0,10,1.0,0,0,No,Unknown,No,Unknown,No,0,2026-08-28,34,4,1,0,0,0,0,0,0,2,Needs Review,95,0,0,Limited,Medication,1,Patient Outreach,13,2026-09-27,1,P4,1
2026-10-01,PT-000980,CM-006,Claims,Southeast,Medicare Advantage,81,Female,English,Phone,1,1,0,0,0,0,0,0,0,2,0.95,Low,0,0,0,0,,,108,0,0,0,0,0,0,0,0,0,0,1,0.75,0,0,Yes,No,No,No,Unknown,1,2026-08-31,31,0,0,0,0,0,0,1,0,3,Current,62,0,1,Limited,Diabetes,0,Patient Outreach,0,2026-10-06,0,P2,0
2026-10-01,PT-000981,CM-004,EHR,Northeast,Medicaid Managed Care,45,Male,Russian,Phone,0,1,0,0,0,0,0,0,0,1,0.67,Low,0,0,0,0,,,147,0,0,0,1,0,0,0,0,0,0,5,0.86,0,0,No,No,No,No,No,0,2026-08-26,36,0,1,0,0,0,0,0,0,3,Overdue,182,0,0,Unknown,Diabetes,1,Care Plan Update,0,2026-10-06,0,P4,0
2026-10-01,PT-000982,CM-014,CareMgmt,Mid-Atlantic,Medicare Advantage,63,Female,English,Portal,0,1,0,0,0,0,0,0,0,1,0.71,Low,1,0,0,0,,,122,0,0,0,0,0,0,0,0,0,0,6,0.75,1,0,No,No,No,Yes,Yes,2,2026-08-11,51,1,0,1,0,0,0,0,1,0,Current,49,0,0,Limited,Appointment Preparation,1,Provider Follow-up,5,2026-09-29,1,P3,0
2026-10-01,PT-000983,CM-010,Pharmacy,Southeast,Commercial Complex Care,33,Female,Other,Phone,0,0,0,0,0,0,0,0,0,0,0.75,Low,0,0,0,0,,,160,0,0,0,0,1,0,1,1,1,0,5,0.85,0,0,Unknown,No,No,No,No,0,2026-09-12,19,0,1,1,0,0,0,0,0,0,Needs Review,135,0,1,Adequate,Appointment Preparation,4,Medication Review,5,2026-09-27,1,P2,0
2026-10-01,PT-000984,CM-016,Claims,Midwest,Medicare Advantage,74,Female,English,SMS,0,1,0,0,0,0,1,0,1,2,0.45,Medium,0,0,0,1,26,,116,0,0,0,0,0,0,0,0,0,0,7,1.0,0,0,No,No,No,No,No,0,2026-09-18,13,1,1,0,0,0,0,0,1,2,Overdue,274,0,0,Adequate,Medication,0,Care Gap Closure,1,2026-10-03,0,P2,0
2026-10-01,PT-000985,CM-015,Claims,Mid-Atlantic,Medicare Advantage,73,Male,English,Phone,1,0,0,0,0,0,0,0,0,1,1.07,Low,0,1,0,0,,6.6,109,0,0,0,0,0,0,0,0,0,0,5,0.76,1,0,No,No,No,Unknown,No,0,2026-10-01,0,1,0,0,0,0,0,1,0,1,Needs Review,139,0,0,Low,None,1,Patient Outreach,0,2026-09-28,1,P2,0
2026-10-01,PT-000986,CM-005,Pharmacy,Southeast,Medicare Advantage,59,Male,Other,SMS,0,1,0,0,0,0,0,0,0,1,1.21,Low,0,0,0,0,,,136,0,0,0,0,0,0,0,0,0,0,5,1.0,0,0,No,No,No,No,No,0,2026-08-28,34,1,0,0,0,0,0,0,0,1,Current,64,0,0,Limited,CHF,0,Medication Review,2,2026-10-06,0,P3,0
2026-10-01,PT-000987,CM-008,HIE,Northeast,Dual Eligible,69,Female,English,Phone,0,0,0,0,0,0,0,0,0,0,0.31,Low,0,0,0,0,,,148,0,0,0,0,0,0,0,0,0,0,2,0.87,0,0,No,No,No,No,Unknown,0,2026-09-03,28,0,0,0,0,0,0,0,0,1,Current,19,0,0,Adequate,Diet/Lifestyle,0,Patient Outreach,0,2026-10-01,0,P2,0
2026-10-01,PT-000988,CM-011,HIE,Mid-Atlantic,Commercial Complex Care,73,Female,English,Phone,0,1,0,0,1,0,0,0,0,2,1.78,Low,0,0,0,0,,,150,0,0,0,1,0,0,0,0,0,0,5,0.9,0,0,No,No,No,No,No,0,2026-09-15,16,0,0,1,1,0,0,1,0,3,Overdue,253,0,1,Adequate,None,1,Patient Education,0,2026-10-03,0,P3,0
2026-10-01,PT-000989,CM-010,Claims,Southwest,Medicare Advantage,73,Male,English,Phone,0,1,0,0,1,0,1,0,0,3,1.18,Medium,0,0,0,0,,,149,0,0,0,1,0,1,0,0,0,0,2,0.88,0,0,No,No,No,Unknown,No,0,2026-08-14,48,0,1,0,0,0,0,0,1,2,Current,16,0,0,Adequate,Medication,2,Care Gap Closure,0,2026-09-30,1,P2,0
2026-10-01,PT-000990,CM-003,Pharmacy,Mid-Atlantic,Medicare Advantage,70,Female,Spanish,Phone,1,0,0,0,0,0,0,0,0,1,0.91,Low,0,0,0,0,,7.7,132,1,0,0,0,0,0,0,0,0,0,2,0.92,0,0,No,No,No,No,Yes,1,2026-09-07,24,0,0,0,0,0,0,0,0,1,Not Started,,1,0,Low,None,1,Patient Education,4,2026-10-04,0,P3,0
2026-10-01,PT-000991,CM-009,EHR,Southwest,Medicare Advantage,91,Male,English,Phone,1,0,0,0,0,0,0,0,0,1,0.96,Low,0,0,0,0,,7.3,140,0,0,0,0,0,0,0,0,0,0,4,0.83,0,1,No,No,No,No,No,0,2026-09-08,23,0,1,0,0,0,0,1,0,0,Needs Review,140,0,0,Adequate,Diet/Lifestyle,0,Provider Follow-up,1,2026-10-06,0,P2,0
2026-10-01,PT-000992,CM-017,HIE,Northeast,Medicare Advantage,80,Female,English,Phone,0,1,0,0,1,0,0,0,0,2,1.21,Low,0,0,0,0,,,146,0,0,0,1,0,0,0,0,0,0,12,0.88,0,0,No,No,No,No,No,0,2026-09-15,16,0,0,0,0,0,0,0,0,0,Current,21,0,0,Adequate,None,1,Patient Outreach,0,2026-09-30,1,P2,0
2026-10-01,PT-000993,CM-017,EHR,Mid-Atlantic,Medicare Advantage,65,Female,English,SMS,0,1,0,0,1,0,0,0,0,2,1.28,Medium,0,0,2,0,,,107,0,0,0,0,0,0,0,1,0,0,8,0.55,1,0,No,Yes,No,No,No,1,2026-08-20,42,0,0,0,0,0,0,0,1,3,Current,40,0,0,Adequate,Medication,2,Social Resource Referral,5,2026-09-27,1,P3,0
2026-10-01,PT-000994,CM-008,CareMgmt,Southwest,Medicare Advantage,66,Female,Spanish,Caregiver,0,1,0,0,0,0,0,0,0,1,0.88,Low,0,0,0,0,,,163,0,0,0,1,0,0,0,0,0,0,4,0.84,0,0,No,No,Unknown,No,No,0,2026-09-05,26,0,0,0,0,0,0,0,0,2,Current,11,0,0,Limited,Diet/Lifestyle,1,Medication Review,8,2026-09-27,1,P3,0
2026-10-01,PT-000995,CM-010,Pharmacy,Southeast,Medicare Advantage,55,Female,English,Portal,0,0,0,0,0,0,0,0,0,0,0.3,Low,0,1,0,0,,,155,0,0,0,0,0,0,0,0,0,0,5,1.0,0,0,Yes,No,No,No,No,1,2026-09-12,19,1,1,0,0,0,0,0,0,2,Not Started,,1,0,Adequate,Diet/Lifestyle,0,Patient Outreach,9,2026-10-03,0,P2,0
2026-10-01,PT-000996,CM-018,CareMgmt,Mid-Atlantic,Medicare Advantage,72,Male,English,Phone,0,0,1,0,0,0,0,0,0,1,1.11,Low,0,0,0,0,,,136,0,0,0,0,0,0,0,1,0,0,1,0.85,0,0,No,No,No,No,No,0,2026-10-01,0,1,1,0,0,0,0,0,0,3,Current,36,0,0,Adequate,Appointment Preparation,1,Patient Outreach,0,2026-10-04,0,P4,0
2026-10-01,PT-000997,CM-001,CareMgmt,Northeast,Dual Eligible,58,Male,English,Phone,0,1,0,0,0,0,0,1,0,2,1.49,Low,0,0,0,0,,,130,0,0,0,0,0,0,1,0,0,0,4,0.83,0,0,Yes,No,No,Unknown,No,1,2026-08-18,44,3,1,0,1,0,0,1,0,0,Current,56,0,0,Limited,Diabetes,1,Care Gap Closure,8,2026-10-06,0,P4,0
2026-10-01,PT-000998,CM-014,CareMgmt,Mid-Atlantic,Medicaid Managed Care,49,Female,English,SMS,0,1,0,0,0,0,0,0,0,1,1.4,Low,0,0,0,0,,,143,0,0,0,1,0,0,0,0,0,0,5,0.99,0,0,No,Unknown,Yes,No,No,1,2026-09-03,28,0,0,0,0,0,0,0,0,3,Overdue,324,0,0,Limited,Medication,1,Care Plan Update,8,2026-10-01,0,P4,0
2026-10-01,PT-000999,CM-014,EHR,Midwest,Commercial Complex Care,49,Female,English,Phone,0,0,0,0,1,0,0,0,0,1,1.26,Medium,0,0,0,1,24,,129,0,0,0,0,1,0,0,0,0,0,8,0.83,0,1,No,No,No,No,No,0,2026-09-13,18,2,1,0,0,1,0,0,0,2,Overdue,190,0,0,Adequate,None,1,Patient Education,2,2026-10-05,0,P4,0
2026-10-01,PT-001000,CM-006,CareMgmt,Northeast,Medicare Advantage,81,Male,English,SMS,1,1,0,0,1,0,0,0,0,3,1.32,Medium,0,0,0,0,,8.2,166,0,0,0,1,0,0,0,0,0,0,7,0.82,0,0,Yes,No,Yes,No,No,2,2026-08-28,34,3,0,0,0,0,0,0,0,2,Overdue,165,0,0,Low,None,1,Patient Outreach,5,2026-10-03,0,P2,0
2026-10-01,PT-001001,CM-014,CareMgmt,Northeast,Medicare Advantage,72,Female,Russian,Phone,1,1,0,0,0,0,0,0,0,2,1.12,Low,0,0,0,0,,,136,0,0,0,0,0,0,0,0,0,0,5,0.78,1,0,No,Unknown,Unknown,No,No,0,2026-09-06,25,1,1,0,0,0,0,0,0,2,Overdue,352,0,0,Adequate,Diet/Lifestyle,1,Patient Outreach,7,2026-10-06,0,P4,0
2026-10-01,PT-001002,CM-006,CareMgmt,Midwest,Commercial Complex Care,56,Female,English,Phone,0,0,0,0,0,0,0,0,0,0,0.85,Low,0,1,0,0,,,152,0,0,0,0,0,0,1,0,0,0,5,0.74,1,0,No,No,No,Yes,No,1,2026-08-30,32,0,0,0,0,0,0,1,0,1,Current,69,0,0,Adequate,None,2,Medication Review,0,2026-10-06,0,P3,0
2026-10-01,PT-001003,CM-006,CareMgmt,Mid-Atlantic,Commercial Complex Care,67,Male,English,Phone,1,1,0,0,0,1,0,0,0,3,1.39,Medium,0,0,0,0,,7.0,147,0,0,0,1,0,0,0,0,0,0,10,0.6,1,1,No,No,Yes,Yes,No,2,2026-08-31,31,0,0,0,0,0,0,1,0,3,Current,88,1,0,Limited,Medication,2,Patient Outreach,2,2026-09-29,1,P3,1
2026-10-01,PT-001004,CM-014,EHR,Northeast,Medicaid Managed Care,54,Male,English,Phone,0,1,0,0,0,0,0,0,0,1,0.96,Medium,0,0,0,1,21,,157,0,0,0,1,1,1,0,0,0,0,7,0.85,0,0,Yes,No,No,No,No,1,2026-09-13,18,0,0,0,0,0,0,0,0,3,Not Started,,0,0,Limited,None,3,Patient Outreach,13,2026-10-03,0,P3,0
2026-10-01,PT-001005,CM-002,EHR,Midwest,Medicare Advantage,89,Male,Chinese,Phone,1,1,0,0,0,0,1,0,0,3,0.78,Low,0,0,0,0,,8.0,151,0,1,0,1,0,0,0,0,0,0,9,1.0,0,0,No,No,No,No,No,0,2026-09-20,11,0,0,1,0,0,0,0,0,2,Current,68,1,0,Adequate,Medication,2,Medication Review,0,2026-10-01,0,P3,0
2026-10-01,PT-001006,CM-014,Claims,Southwest,Medicaid Managed Care,59,Female,English,Phone,0,1,0,1,1,0,0,0,0,3,1.36,Medium,0,0,0,0,,,119,0,0,0,0,1,0,0,0,0,0,7,0.89,0,0,No,No,No,No,Yes,1,2026-08-30,32,0,0,0,0,0,0,0,0,3,Needs Review,132,0,0,Limited,COPD,1,Provider Follow-up,2,2026-09-30,1,P2,0
2026-10-01,PT-001007,CM-016,CareMgmt,Southeast,Medicaid Managed Care,44,Female,English,Portal,0,1,0,0,0,0,0,0,0,1,1.01,Low,0,0,0,0,,,146,0,0,0,1,0,0,0,0,0,0,7,0.85,0,0,Yes,No,No,No,No,1,2026-08-21,41,1,1,0,0,0,0,0,0,1,Current,75,0,0,Adequate,Discharge Instructions,1,Provider Follow-up,0,2026-10-04,0,P3,0
2026-10-01,PT-001008,CM-004,HIE,Mid-Atlantic,Medicare Advantage,76,Female,English,Phone,0,0,0,0,0,0,0,0,0,0,0.74,Low,0,1,0,0,,,106,0,0,0,0,0,0,0,0,0,0,1,0.95,0,0,Unknown,No,Unknown,No,No,0,2026-08-31,31,0,0,0,0,0,0,0,0,0,Needs Review,125,0,0,Adequate,Medication,0,Post-Discharge Follow-up,8,2026-10-06,0,P3,0
2026-10-01,PT-001009,CM-002,Claims,Northeast,Dual Eligible,73,Male,Spanish,Phone,0,0,0,0,1,0,0,0,0,1,1.15,Low,0,0,1,0,,,141,0,0,0,0,0,0,0,1,0,0,10,0.86,0,0,No,No,No,Yes,No,1,2026-08-31,31,0,0,0,0,0,0,0,0,2,Overdue,180,0,0,Adequate,Diet/Lifestyle,1,Post-Discharge Follow-up,0,2026-09-29,1,P1,0
2026-10-01,PT-001010,CM-006,Pharmacy,Mid-Atlantic,Commercial Complex Care,28,Female,English,SMS,0,0,0,0,0,0,0,0,0,0,0.5,Low,0,0,0,0,,,146,0,0,0,0,0,0,0,0,0,0,4,0.87,0,0,No,Yes,No,No,No,1,2026-09-14,17,0,0,0,1,0,1,1,0,1,Current,27,0,1,Adequate,Appointment Preparation,0,Care Gap Closure,5,2026-10-05,0,P2,0
2026-10-01,PT-001011,CM-010,HIE,Midwest,Medicaid Managed Care,51,Female,Other,Phone,0,0,0,0,1,0,0,0,0,1,1.34,Medium,1,0,1,0,,,119,0,0,0,0,0,0,0,0,0,0,6,0.75,1,1,Yes,No,Yes,No,No,2,2026-08-25,37,0,0,0,0,0,0,0,0,1,Current,2,0,0,Adequate,Diet/Lifestyle,1,Medication Review,10,2026-09-30,1,P1,0
2026-10-01,PT-001012,CM-012,Claims,Northeast,Dual Eligible,80,Male,English,Phone,0,1,0,0,0,0,0,0,0,1,0.99,Medium,3,0,0,0,,,121,0,0,0,0,0,0,0,0,0,0,9,0.85,0,0,No,No,Yes,Yes,Yes,3,2026-09-05,26,1,0,0,0,0,0,0,1,2,Needs Review,135,1,0,Unknown,Medication,0,Patient Education,6,2026-10-04,0,P4,0
2026-10-01,PT-001013,CM-018,HIE,Midwest,Dual Eligible,88,Female,English,Caregiver,1,1,0,0,1,1,0,0,1,4,1.72,High,0,0,0,0,,,152,0,0,0,1,1,0,0,0,0,0,7,0.62,1,0,No,Yes,No,No,No,1,2026-09-29,2,0,1,0,0,1,0,0,0,1,Needs Review,141,0,0,Adequate,Diabetes,3,Medication Review,1,2026-10-03,0,P3,0
2026-10-01,PT-001014,CM-004,Pharmacy,Southwest,Medicare Advantage,72,Female,English,Phone,0,0,1,0,0,0,0,0,0,1,1.06,Medium,1,0,0,0,,,127,0,0,0,0,1,0,0,0,0,0,5,0.75,1,1,Unknown,No,No,No,No,0,,11,1,0,1,1,0,0,0,0,0,Current,11,0,1,Adequate,Diet/Lifestyle,2,Medication Review,8,2026-09-28,1,P4,0
2026-10-01,PT-001015,CM-004,CareMgmt,Southwest,Medicare Advantage,60,Female,English,Phone,0,0,0,0,0,0,1,0,0,1,0.48,Low,0,0,0,0,,,154,0,0,0,0,0,0,0,0,0,0,4,0.86,0,0,No,No,No,No,No,0,2026-09-03,28,0,1,0,0,0,0,0,0,0,Overdue,276,0,0,Limited,Medication,0,Patient Outreach,1,2026-09-29,1,P3,0
2026-10-01,PT-001016,CM-006,CareMgmt,Southeast,Medicare Advantage,55,Female,English,Phone,0,0,1,0,0,0,0,0,0,1,0.96,Low,0,0,0,0,,,120,0,0,0,0,0,0,0,0,0,0,4,0.81,0,1,Unknown,No,No,Unknown,No,0,2026-09-04,27,0,0,0,0,0,0,0,0,1,Current,29,0,0,Unknown,Medication,0,Patient Outreach,0,2026-09-28,1,P2,0
2026-10-01,PT-001017,CM-014,CareMgmt,Mid-Atlantic,Medicare Advantage,60,Female,English,Portal,0,1,0,1,0,0,0,0,0,2,1.2,Low,0,0,1,0,,,140,0,0,0,1,0,0,0,0,0,0,8,0.82,0,0,Unknown,No,No,No,No,0,2026-09-01,30,0,1,0,0,0,0,0,0,0,Needs Review,129,0,0,Adequate,None,1,Patient Outreach,4,2026-10-02,0,P1,0
2026-10-01,PT-001018,CM-018,EHR,Midwest,Commercial Complex Care,73,Male,Russian,Phone,0,1,0,1,0,1,0,0,0,3,1.45,Medium,1,0,0,0,,,139,0,0,0,0,0,0,0,0,0,0,8,1.0,0,0,Yes,No,No,No,Unknown,1,2026-09-05,26,0,0,0,1,0,0,0,1,2,Overdue,236,0,0,Limited,Medication,0,Patient Outreach,2,2026-10-01,0,P3,0
2026-10-01,PT-001019,CM-012,CareMgmt,Midwest,Dual Eligible,56,Male,English,Phone,1,1,0,0,0,0,0,0,0,2,1.12,Medium,2,0,0,0,,7.8,154,0,0,0,1,0,0,0,0,0,1,7,0.84,0,0,Yes,No,No,No,No,1,2026-09-07,24,1,0,0,0,0,0,0,0,2,Current,41,0,0,Adequate,CHF,2,Patient Outreach,2,2026-09-30,1,P1,0
2026-10-01,PT-001020,CM-011,CareMgmt,Northeast,Medicare Advantage,55,Male,English,Portal,1,0,0,0,1,0,0,0,0,2,0.89,Low,0,0,1,0,,8.1,134,0,1,0,0,0,0,0,0,0,0,4,0.88,0,0,No,No,No,No,No,0,2026-09-25,6,0,0,0,0,0,0,1,0,3,Current,81,0,0,Low,Diabetes,1,Patient Outreach,3,2026-10-06,0,P4,0
2026-10-01,PT-001021,CM-005,Claims,Northeast,Medicaid Managed Care,67,Female,English,Portal,0,1,0,0,0,1,0,0,0,2,0.79,Medium,0,0,0,0,,,153,0,0,0,1,0,0,1,0,1,0,8,0.74,1,1,No,Yes,No,Yes,No,2,2026-08-25,37,0,0,0,0,0,0,0,0,3,Needs Review,132,0,0,Adequate,Diet/Lifestyle,4,Patient Outreach,0,2026-09-27,1,P3,0
2026-10-01,PT-001022,CM-017,Claims,Northeast,Medicare Advantage,79,Male,Chinese,SMS,0,0,0,1,1,0,1,0,0,3,1.73,Medium,2,0,0,0,,,131,0,0,0,0,0,0,1,0,0,0,11,0.95,0,0,No,No,No,No,No,0,2026-08-06,56,0,1,0,0,0,0,1,1,4,Current,51,0,1,Adequate,Discharge Instructions,1,Patient Education,5,2026-10-01,0,P3,0
2026-10-01,PT-001023,CM-016,CareMgmt,Northeast,Medicare Advantage,89,Male,Unknown,SMS,1,1,1,0,1,0,0,0,0,4,2.12,High,1,0,0,0,,6.8,144,0,0,0,1,0,0,0,0,0,0,9,0.85,0,0,No,No,No,No,No,0,2026-09-09,22,0,1,0,0,0,0,0,0,3,Not Started,,0,0,Unknown,Diet/Lifestyle,1,Medication Review,6,2026-09-28,1,P4,0
2026-10-01,PT-001024,CM-014,EHR,Mid-Atlantic,Medicare Advantage,67,Female,English,Phone,0,0,0,0,1,0,0,0,0,1,1.29,Medium,0,1,0,0,,,111,0,0,0,0,1,0,0,0,0,1,7,0.95,0,0,Yes,Yes,No,No,Yes,3,2026-08-19,43,0,0,0,0,0,1,0,0,3,Needs Review,142,0,0,Adequate,Medication,2,Care Gap Closure,1,2026-10-03,0,P4,0
2026-10-01,PT-001025,CM-011,EHR,Northeast,Dual Eligible,70,Female,English,Phone,1,0,0,0,0,0,0,0,0,1,0.6,Low,0,0,0,0,,6.1,117,0,1,0,0,0,0,0,0,0,0,5,1.0,0,0,No,No,No,No,No,0,2026-09-19,12,2,1,0,0,0,0,0,0,2,Not Started,,0,0,Adequate,Medication,1,Medication Review,2,2026-10-06,0,P4,0
2026-10-01,PT-001026,CM-013,CareMgmt,Southeast,Dual Eligible,84,Male,English,Phone,0,0,0,0,0,0,0,0,0,0,0.65,Low,0,0,0,0,,,137,0,0,0,0,0,0,0,0,0,0,0,0.62,0,0,No,No,No,No,No,0,2026-09-20,11,0,0,0,1,0,0,0,1,3,Current,45,0,0,Low,None,0,Social Resource Referral,4,2026-10-05,0,P4,0
2026-10-01,PT-001027,CM-017,EHR,Southwest,Commercial Complex Care,65,Male,English,Phone,0,0,0,0,0,0,1,0,0,1,0.76,Medium,2,0,0,1,18,,122,0,0,0,0,1,1,0,1,0,1,4,0.83,0,0,No,No,No,No,No,0,2026-09-10,21,1,1,0,0,0,0,0,0,1,Current,75,0,0,Adequate,Medication,4,Social Resource Referral,0,2026-09-29,1,P1,0
2026-10-01,PT-001028,CM-011,Pharmacy,Northeast,Medicare Advantage,70,Male,English,SMS,0,1,0,0,0,0,0,0,0,1,0.65,Low,0,0,0,0,,,165,0,0,0,1,0,0,0,0,0,0,9,1.0,0,0,No,No,Unknown,No,Yes,1,2026-09-02,29,0,0,0,0,0,0,0,0,2,Not Started,,0,0,Adequate,Medication,1,Patient Education,2,2026-10-03,0,P3,0
2026-10-01,PT-001029,CM-005,EHR,Southeast,Medicaid Managed Care,57,Female,English,Phone,0,0,0,0,0,0,0,0,0,0,0.71,Low,0,0,0,0,,,129,0,0,0,0,0,0,0,0,0,0,4,0.74,1,0,No,Unknown,No,No,Yes,1,2026-09-07,24,0,0,0,0,0,0,0,0,1,Overdue,225,0,0,Adequate,None,1,Patient Outreach,5,2026-10-05,0,P3,0
2026-10-01,PT-001030,CM-005,CareMgmt,Midwest,Medicare Advantage,78,Male,Spanish,Phone,0,0,0,0,0,0,0,0,0,0,0.68,Low,0,0,0,0,,,147,0,0,0,0,0,0,0,0,0,0,5,0.78,1,0,No,No,No,No,No,0,2026-09-03,28,0,1,0,0,0,0,0,0,0,Overdue,321,0,0,Adequate,Medication,1,Care Plan Update,3,2026-09-27,1,P3,0
2026-10-01,PT-001031,CM-017,CareMgmt,Northeast,Medicare Advantage,72,Female,English,Phone,1,1,0,0,1,0,0,0,1,3,1.39,Medium,0,0,0,0,,5.5,162,1,0,0,1,0,0,0,1,0,0,5,0.75,1,0,No,Unknown,No,No,No,0,,11,3,0,0,0,0,0,0,1,2,Current,54,0,0,Limited,Diabetes,4,Care Gap Closure,9,2026-09-29,1,P3,0
2026-10-01,PT-001032,CM-010,Claims,Mid-Atlantic,Medicare Advantage,67,Male,Spanish,SMS,0,1,0,0,1,0,0,0,0,2,1.54,Medium,0,0,0,0,,,160,0,0,0,1,0,0,1,0,0,0,9,0.8,0,0,No,Yes,No,No,Unknown,1,2026-09-09,22,0,0,0,0,0,1,0,0,1,Not Started,,1,1,Adequate,Diet/Lifestyle,2,Patient Outreach,0,2026-10-06,0,P3,0
2026-10-01,PT-001033,CM-009,HIE,Southwest,Medicare Advantage,73,Female,Other,Phone,0,1,0,0,0,0,0,0,0,1,0.86,Low,0,0,0,0,,,146,0,0,0,1,0,0,0,1,0,0,2,0.78,1,0,No,No,No,No,No,0,2026-08-13,49,0,1,0,1,0,0,0,1,0,Current,18,0,0,Adequate,COPD,3,Patient Outreach,1,2026-09-30,1,P2,0
2026-10-01,PT-001034,CM-018,EHR,Midwest,Commercial Complex Care,46,Male,Bengali,Phone,0,0,0,0,0,0,0,0,0,0,0.49,Low,0,0,0,0,,,117,0,0,0,0,0,0,0,0,0,0,5,0.79,1,0,No,No,No,No,Yes,1,2026-09-08,23,0,0,0,0,0,0,0,0,0,Current,84,0,0,Limited,Appointment Preparation,1,Social Resource Referral,2,2026-09-29,1,P1,0
2026-10-01,PT-001035,CM-016,CareMgmt,Southeast,Medicare Advantage,72,Male,English,Phone,0,1,0,0,1,0,0,0,0,2,1.07,Medium,0,0,0,0,,,147,0,0,0,1,0,0,1,0,0,0,7,0.69,1,1,No,No,No,No,No,0,2026-09-10,21,0,0,0,0,0,0,0,0,3,Needs Review,138,0,0,Unknown,Medication,3,Post-Discharge Follow-up,5,2026-09-30,1,P4,0
2026-10-01,PT-001036,CM-003,Claims,Midwest,Dual Eligible,65,Female,Spanish,SMS,0,1,0,1,0,0,0,0,1,2,0.96,Medium,0,0,0,0,,,127,0,0,0,0,0,0,0,0,0,0,6,0.56,1,1,Unknown,No,No,Yes,Unknown,1,2026-09-02,29,0,0,0,0,0,0,0,0,0,Current,18,0,0,Adequate,Appointment Preparation,1,Patient Outreach,0,2026-10-02,0,P2,0
2026-10-01,PT-001037,CM-017,HIE,Midwest,Medicaid Managed Care,51,Female,English,Phone,0,1,0,0,0,0,0,0,0,1,0.64,Low,0,0,0,0,,,144,0,0,0,1,0,0,0,0,0,0,8,0.7,1,0,Yes,No,No,No,Yes,2,2026-08-26,36,0,1,1,0,0,0,0,0,0,Current,81,0,0,Adequate,CHF,2,Patient Education,0,2026-10-02,0,P4,0
2026-10-01,PT-001038,CM-008,CareMgmt,Midwest,Dual Eligible,59,Female,Bengali,Caregiver,1,1,1,0,1,0,0,0,0,4,2.11,High,0,0,1,0,,9.4,133,0,0,1,0,0,0,0,0,0,1,7,1.0,0,0,No,Yes,Unknown,No,No,1,2026-08-30,32,0,1,0,0,0,0,0,0,4,Current,16,0,0,Adequate,Medication,2,Patient Education,4,2026-09-27,1,P3,0
2026-10-01,PT-001039,CM-016,EHR,Southwest,Medicaid Managed Care,58,Female,English,Portal,0,0,0,0,0,0,1,0,0,1,0.91,Low,0,0,0,0,,,130,0,0,0,0,0,0,1,0,0,0,5,0.81,0,0,No,No,No,No,Unknown,0,2026-09-07,24,0,1,1,0,0,0,1,0,2,Needs Review,92,0,0,Adequate,Diet/Lifestyle,1,Social Resource Referral,9,2026-09-29,1,P4,0
2026-10-01,PT-001040,CM-006,EHR,Mid-Atlantic,Medicare Advantage,64,Female,Spanish,Phone,0,1,0,0,0,0,0,0,0,1,0.94,Low,0,0,0,0,,,128,0,0,0,0,0,0,0,0,0,0,3,0.92,0,0,No,No,No,No,No,0,2026-09-05,26,0,0,0,0,0,0,0,0,2,Overdue,265,0,0,Adequate,Appointment Preparation,0,Patient Education,6,2026-10-03,0,P2,0
2026-10-01,PT-001041,CM-008,CareMgmt,Southeast,Medicare Advantage,65,Male,English,Portal,0,1,0,0,1,0,0,0,0,2,1.34,Medium,0,0,0,0,,,117,0,0,0,0,1,0,0,1,0,0,7,0.67,1,1,No,No,Yes,No,No,1,2026-09-04,27,0,1,0,0,0,0,0,0,0,Current,83,0,0,Limited,None,3,Care Gap Closure,3,2026-09-28,1,P3,0
2026-10-01,PT-001042,CM-002,HIE,Northeast,Dual Eligible,78,Female,Spanish,Phone,0,1,0,0,0,1,0,0,0,2,1.1,Medium,0,0,0,0,,,156,0,0,0,1,0,0,0,0,0,0,4,0.78,1,0,Yes,Yes,No,Yes,Yes,4,2026-09-04,27,0,0,0,0,0,1,1,0,2,Overdue,229,0,0,Adequate,Appointment Preparation,2,Patient Outreach,2,2026-10-01,0,P4,0
2026-10-01,PT-001043,CM-002,CareMgmt,Southeast,Commercial Complex Care,49,Female,English,SMS,0,1,0,0,0,0,0,0,0,1,0.99,Low,1,0,0,0,,,141,0,0,0,1,0,0,0,0,0,0,6,0.99,0,0,No,No,No,Yes,No,1,2026-09-28,3,0,0,0,0,0,0,1,0,1,Current,73,0,0,Adequate,None,1,Patient Education,4,2026-09-30,1,P3,0
2026-10-01,PT-001044,CM-008,Pharmacy,Mid-Atlantic,Medicare Advantage,69,Male,Spanish,Portal,0,0,1,0,1,0,0,0,0,2,1.76,Medium,0,0,0,0,,,144,0,0,0,0,0,0,0,0,0,0,6,0.88,0,0,No,No,No,No,No,0,2026-10-01,0,0,0,0,0,0,0,0,0,0,Current,75,0,0,Adequate,Diet/Lifestyle,0,Patient Outreach,3,2026-10-02,0,P3,0
2026-10-01,PT-001045,CM-007,EHR,Mid-Atlantic,Medicare Advantage,73,Female,English,Caregiver,0,1,0,0,0,0,0,0,0,1,0.81,Low,0,0,0,0,,,133,0,0,0,0,0,0,1,0,0,0,6,0.86,0,0,No,No,No,No,No,0,2026-09-26,5,0,1,0,0,0,0,0,1,2,Needs Review,97,0,0,Low,None,1,Post-Discharge Follow-up,4,2026-09-28,1,P2,0
2026-10-01,PT-001046,CM-018,EHR,Southwest,Medicare Advantage,79,Female,English,SMS,0,0,0,0,1,0,0,0,0,1,1.11,Low,0,0,0,0,,,133,0,0,0,0,0,0,0,0,0,0,5,0.85,0,0,No,No,No,Yes,No,1,2026-09-12,19,0,0,0,0,0,0,0,1,1,Current,3,0,0,Limited,None,0,Patient Outreach,0,2026-10-06,0,P3,0
2026-10-01,PT-001047,CM-017,Claims,Northeast,Medicaid Managed Care,30,Female,English,Phone,0,0,0,0,0,0,0,0,0,0,1.25,Low,0,0,0,0,,,124,0,0,0,0,0,0,0,0,0,1,3,0.55,1,0,Yes,Yes,No,No,No,2,2026-08-21,41,4,1,0,0,0,0,0,0,1,Current,64,0,0,Adequate,Diet/Lifestyle,2,Patient Education,8,2026-10-02,0,P4,0
2026-10-01,PT-001048,CM-001,CareMgmt,Mid-Atlantic,Dual Eligible,70,Male,English,Caregiver,0,1,0,0,0,0,0,1,1,2,0.93,Low,0,0,0,0,,,170,0,0,0,1,0,0,0,0,0,0,7,0.89,0,0,Unknown,No,Yes,No,No,1,2026-09-08,23,0,1,0,1,0,0,1,0,2,Overdue,302,0,0,Adequate,Medication,1,Patient Outreach,2,2026-09-30,1,P2,0
2026-10-01,PT-001049,CM-013,CareMgmt,Southeast,Commercial Complex Care,43,Female,English,Phone,1,0,0,0,0,0,0,0,0,1,0.73,Low,0,0,0,0,,7.0,143,0,0,1,0,0,0,0,0,0,1,7,0.72,1,0,No,No,No,No,No,0,2026-09-01,30,0,0,0,0,0,0,0,0,1,Current,73,3,0,Limited,Diabetes,3,Care Gap Closure,1,2026-09-29,1,P2,0
2026-10-01,PT-001050,CM-009,EHR,Southeast,Medicaid Managed Care,26,Male,English,Phone,1,0,0,0,0,0,0,0,0,1,0.87,Low,0,0,0,0,,6.4,134,0,0,0,0,0,0,1,0,0,0,5,0.75,1,0,No,No,No,No,Unknown,0,2026-09-24,7,1,0,0,0,1,0,0,0,2,Needs Review,103,0,0,Limited,Diabetes,2,Patient Outreach,4,2026-10-03,0,P4,0
2026-10-01,PT-001051,CM-013,Claims,Southeast,Commercial Complex Care,51,Female,English,Phone,1,0,0,0,0,0,0,0,0,1,0.6,Low,0,0,0,0,,,121,0,0,0,0,0,1,0,0,0,0,3,0.73,1,0,No,No,Unknown,No,No,0,2026-09-30,1,2,1,0,1,0,0,1,0,2,Overdue,300,0,0,Adequate,Diabetes,2,Care Plan Update,4,2026-10-06,0,P3,0
2026-10-01,PT-001052,CM-017,CareMgmt,Midwest,Medicare Advantage,67,Male,English,Phone,1,0,0,0,0,0,0,0,0,1,0.61,Low,0,0,0,0,,5.9,129,0,0,0,0,0,0,0,0,0,0,4,0.98,0,0,No,No,Unknown,No,No,0,2026-09-03,28,0,0,0,0,0,0,0,0,1,Overdue,331,0,0,Adequate,Medication,0,Patient Education,2,2026-10-03,0,P2,0
2026-10-01,PT-001053,CM-002,EHR,Southeast,Medicaid Managed Care,59,Female,English,Portal,0,0,0,0,0,0,0,0,0,0,0.64,Low,0,0,0,0,,,137,0,0,0,0,0,0,0,0,0,0,0,0.54,0,1,No,Yes,No,Yes,No,2,2026-07-27,66,0,0,0,0,0,0,0,0,0,Not Started,,0,0,Adequate,Appointment Preparation,0,Care Gap Closure,1,2026-10-01,0,P3,0
2026-10-01,PT-001054,CM-007,CareMgmt,Northeast,Dual Eligible,74,Female,English,SMS,1,1,1,1,1,0,0,0,1,5,2.22,High,1,0,0,0,,7.2,143,1,0,0,1,0,0,0,0,0,1,12,0.88,0,0,No,Yes,No,No,No,1,2026-09-20,11,0,0,0,0,0,1,0,0,2,Overdue,260,0,0,Adequate,COPD,3,Provider Follow-up,5,2026-10-04,0,P4,0
2026-10-01,PT-001055,CM-009,HIE,Southeast,Medicare Advantage,75,Male,English,Phone,0,1,0,0,0,0,1,0,0,2,0.76,Low,0,0,0,0,,,152,0,0,0,1,0,0,0,0,1,0,1,0.72,0,0,No,No,No,Yes,No,1,2026-08-24,38,1,0,0,1,0,0,0,0,2,Current,60,0,0,Adequate,Appointment Preparation,2,Medication Review,1,2026-09-30,1,P3,0
2026-10-01,PT-001056,CM-014,CareMgmt,Mid-Atlantic,Medicare Advantage,85,Male,English,Phone,1,1,0,0,0,0,0,0,1,2,0.67,Medium,0,0,0,1,4,8.3,149,0,0,0,1,1,0,0,0,0,0,8,0.93,0,0,No,No,Yes,No,No,1,2026-09-16,15,2,0,0,0,1,0,0,0,0,Overdue,240,0,0,Unknown,Diabetes,2,Patient Outreach,0,2026-10-01,0,P1,0
2026-10-01,PT-001057,CM-011,Claims,Midwest,Medicare Advantage,71,Male,Spanish,Phone,0,0,0,0,1,0,0,0,0,1,1.32,Low,0,0,0,0,,,123,0,0,0,0,0,0,0,1,0,0,7,0.95,0,0,No,No,No,No,No,0,2026-09-26,5,0,0,0,0,0,0,0,0,1,Not Started,,0,0,Limited,Diet/Lifestyle,1,Medication Review,6,2026-10-06,0,P1,0
2026-10-01,PT-001058,CM-012,Claims,Northeast,Medicare Advantage,82,Female,Russian,Caregiver,0,1,1,0,0,0,0,0,0,2,1.52,Medium,0,0,0,0,,,165,0,0,0,1,1,0,1,0,0,0,8,1.0,0,0,No,No,No,No,No,0,2026-10-01,0,0,0,0,1,0,0,0,1,3,Not Started,,0,1,Adequate,Diet/Lifestyle,3,Patient Outreach,3,2026-10-04,0,P3,1
2026-10-01,PT-001059,CM-005,Claims,Mid-Atlantic,Medicaid Managed Care,42,Female,English,Phone,0,0,0,0,0,0,0,0,0,0,0.42,Low,0,0,0,0,,,128,0,0,0,0,0,0,0,0,0,0,4,0.68,1,0,No,No,No,No,No,0,2026-10-01,0,0,1,0,0,0,0,1,0,1,Current,81,0,0,Adequate,None,1,Social Resource Referral,2,2026-10-01,0,P3,0
2026-10-01,PT-001060,CM-011,Pharmacy,Midwest,Medicare Advantage,79,Female,English,Phone,0,1,0,0,0,0,0,0,0,1,0.87,Low,0,0,0,0,,,148,0,0,0,1,1,0,1,0,0,0,3,0.88,0,0,No,Unknown,No,No,No,0,2026-09-20,11,0,0,0,0,0,0,0,0,0,Needs Review,141,0,0,Adequate,Diet/Lifestyle,3,Provider Follow-up,3,2026-10-02,0,P1,0
2026-10-01,PT-001061,CM-008,Pharmacy,Northeast,Medicare Advantage,72,Male,English,SMS,0,1,0,0,0,0,1,0,0,2,1.15,Low,2,0,1,0,,,155,0,0,0,1,0,0,0,0,0,1,4,0.91,0,0,No,No,No,No,No,0,2026-09-23,8,5,0,0,0,0,0,0,0,2,Not Started,,0,0,Low,Medication,2,Provider Follow-up,0,2026-09-29,1,P2,0
2026-10-01,PT-001062,CM-001,EHR,Mid-Atlantic,Medicaid Managed Care,64,Female,English,Phone,0,0,0,0,0,0,0,0,0,0,1.57,Low,0,0,0,0,,,132,0,0,0,0,0,0,0,0,0,0,4,0.87,0,1,Yes,No,No,No,No,1,2026-08-31,31,0,0,0,0,0,0,0,0,2,Current,65,0,0,Adequate,None,0,Social Resource Referral,0,2026-10-04,0,P3,0
2026-10-01,PT-001063,CM-008,EHR,Southwest,Commercial Complex Care,35,Female,English,Caregiver,0,0,0,0,0,0,0,0,0,0,0.43,Low,0,0,0,0,,,146,0,0,0,0,0,0,0,0,0,0,3,1.0,0,0,No,No,No,No,No,0,2026-09-12,19,0,1,0,0,0,0,0,0,1,Overdue,259,0,0,Adequate,Diabetes,0,Care Gap Closure,6,2026-09-27,1,P4,0
2026-10-01,PT-001064,CM-016,EHR,Northeast,Dual Eligible,70,Male,English,SMS,0,0,0,0,1,0,0,0,0,1,1.13,Medium,0,0,0,0,,,157,0,0,0,0,0,0,0,0,0,0,5,0.67,1,0,No,Yes,Unknown,No,Yes,2,2026-08-16,46,0,0,0,1,0,0,0,0,1,Overdue,316,0,0,Limited,Medication,1,Care Plan Update,6,2026-10-01,0,P3,0
2026-10-01,PT-001065,CM-013,CareMgmt,Mid-Atlantic,Medicare Advantage,70,Female,Other,Phone,1,0,0,0,0,0,0,0,0,1,1.09,Low,0,0,0,0,,,113,0,1,0,0,0,0,0,0,0,1,3,0.95,0,0,No,Yes,No,No,No,1,2026-09-24,7,0,0,0,1,0,1,1,0,1,Current,67,0,0,Adequate,Diabetes,2,Patient Outreach,1,2026-10-06,0,P1,0
2026-10-01,PT-001066,CM-005,CareMgmt,Southwest,Commercial Complex Care,82,Male,English,Caregiver,0,1,0,0,0,0,1,0,0,2,1.23,Medium,0,0,0,0,,,133,0,0,0,0,0,0,0,0,0,0,7,0.74,1,1,No,Unknown,No,Yes,Yes,2,2026-08-31,31,0,1,0,0,0,0,0,0,0,Overdue,360,0,0,Adequate,None,1,Care Gap Closure,7,2026-09-30,1,P4,0
2026-10-01,PT-001067,CM-004,Claims,Northeast,Medicare Advantage,71,Female,English,Phone,0,0,0,0,0,0,1,0,1,1,1.09,Medium,0,0,0,1,1,,136,0,0,0,0,1,1,0,0,0,0,6,0.91,0,0,No,No,No,No,No,0,2026-09-09,22,1,0,0,0,0,0,0,0,1,Current,56,0,0,Limited,Medication,2,Patient Outreach,0,2026-09-27,1,P2,0
2026-10-01,PT-001068,CM-005,EHR,Mid-Atlantic,Commercial Complex Care,72,Female,English,Phone,1,0,0,0,0,0,0,0,0,1,1.16,Low,0,0,0,0,,,127,0,0,0,0,0,0,0,1,0,1,7,0.8,0,0,Yes,Yes,Unknown,No,No,2,2026-08-21,41,0,0,0,0,0,0,0,1,1,Overdue,200,0,0,Unknown,Medication,2,Care Gap Closure,0,2026-09-29,1,P1,0
2026-10-01,PT-001069,CM-006,Claims,Mid-Atlantic,Medicare Advantage,95,Male,English,Caregiver,0,0,0,0,0,0,1,0,1,1,0.52,Low,0,0,0,0,,,146,0,0,0,0,0,0,1,0,0,0,2,0.99,0,0,Yes,No,No,No,No,1,2026-09-09,22,0,1,0,0,0,0,0,0,1,Needs Review,137,0,0,Unknown,Discharge Instructions,1,Provider Follow-up,3,2026-09-29,1,P1,0
2026-10-01,PT-001070,CM-005,Pharmacy,Southeast,Medicare Advantage,66,Male,English,Phone,0,0,0,0,0,1,0,0,0,1,0.78,Low,0,0,0,0,,,136,0,0,0,0,0,0,0,0,1,0,3,0.8,0,1,No,No,Unknown,No,Unknown,0,2026-08-28,34,0,1,0,0,0,0,0,0,4,Needs Review,122,0,0,Adequate,None,1,Medication Review,1,2026-10-05,0,P2,0
2026-10-01,PT-001071,CM-008,Pharmacy,Southeast,Commercial Complex Care,43,Female,English,Caregiver,0,0,0,0,0,0,0,0,0,0,0.69,Low,0,0,0,0,,,134,0,0,0,0,0,0,0,1,0,0,0,0.9,0,1,Yes,No,No,No,No,1,2026-09-22,9,0,0,0,0,0,0,0,0,2,Current,25,0,0,Adequate,None,1,Patient Education,2,2026-09-28,1,P2,0
2026-10-01,PT-001072,CM-008,EHR,Southeast,Medicare Advantage,63,Female,English,Phone,0,1,0,0,0,0,0,0,0,1,0.68,Low,0,0,0,0,,,127,0,0,0,0,0,0,0,0,0,0,5,0.75,1,0,No,No,No,No,No,0,2026-09-17,14,0,0,0,0,0,0,1,0,1,Overdue,284,0,0,Adequate,Diet/Lifestyle,1,Patient Outreach,2,2026-10-06,0,P2,0
2026-10-01,PT-001073,CM-005,Claims,Mid-Atlantic,Medicaid Managed Care,56,Female,Chinese,Caregiver,1,0,1,0,0,1,0,0,0,3,1.72,Medium,1,0,3,0,,8.4,141,1,0,0,0,0,0,0,0,0,0,8,0.58,1,1,No,No,No,No,Unknown,0,2026-09-01,30,0,0,0,0,0,0,0,0,1,Current,69,0,0,Unknown,Medication,2,Social Resource Referral,2,2026-09-29,1,P1,0
2026-10-01,PT-001074,CM-018,Claims,Mid-Atlantic,Dual Eligible,77,Female,Chinese,Phone,0,1,0,0,0,1,0,0,0,2,0.87,Low,0,0,0,0,,,156,0,0,0,1,0,0,0,0,0,0,6,0.87,0,0,Yes,No,No,No,No,1,2026-09-01,30,0,0,0,0,0,0,1,0,1,Current,8,0,0,Adequate,None,1,Patient Outreach,0,2026-09-29,1,P3,0
2026-10-01,PT-001075,CM-001,EHR,Mid-Atlantic,Medicare Advantage,66,Female,English,Phone,0,1,0,0,0,1,0,0,0,2,0.8,Low,0,0,0,0,,,127,0,0,0,0,0,0,0,0,0,0,5,0.9,0,0,No,No,No,No,No,0,2026-09-11,20,0,0,0,0,0,0,0,0,3,Needs Review,115,0,0,Adequate,Medication,0,Patient Outreach,6,2026-10-03,0,P3,0
2026-10-01,PT-001076,CM-003,EHR,Mid-Atlantic,Dual Eligible,87,Female,English,Phone,1,1,0,0,1,0,0,0,0,3,1.45,Medium,1,0,0,0,,10.2,145,1,1,0,1,0,0,0,0,0,0,9,0.81,0,1,No,No,Yes,No,No,1,2026-09-10,21,0,0,0,0,1,0,0,0,3,Current,88,0,0,Limited,None,3,Social Resource Referral,0,2026-10-05,0,P4,0
2026-10-01,PT-001077,CM-011,CareMgmt,Northeast,Medicaid Managed Care,52,Female,English,Phone,0,1,0,0,0,0,0,0,0,1,0.77,Low,0,0,0,0,,,148,0,0,0,1,0,0,0,0,0,1,5,0.8,0,0,Yes,No,Yes,No,No,2,2026-08-17,45,0,0,0,0,0,0,0,0,3,Current,57,0,0,Adequate,COPD,2,Patient Outreach,8,2026-10-01,0,P1,0
2026-10-01,PT-001078,CM-004,HIE,Northeast,Dual Eligible,65,Male,English,Phone,1,0,0,0,1,0,0,0,0,2,1.38,Medium,0,0,0,0,,9.3,122,0,0,1,0,0,0,0,0,0,0,4,0.85,0,1,Unknown,Yes,No,No,No,1,2026-09-01,30,0,0,1,0,0,1,0,1,2,Current,21,0,0,Low,Appointment Preparation,1,Provider Follow-up,2,2026-10-04,0,P3,0
2026-10-01,PT-001079,CM-016,EHR,Northeast,Medicaid Managed Care,39,Male,Spanish,Phone,1,1,0,0,0,0,0,0,0,2,1.25,Low,0,0,0,0,,,134,1,0,0,0,0,0,0,0,0,0,5,0.96,0,0,Unknown,No,Unknown,No,No,0,2026-08-24,38,0,1,0,0,0,0,0,0,3,Needs Review,129,3,0,Adequate,Diabetes,1,Patient Outreach,3,2026-10-03,0,P4,0
2026-10-01,PT-001080,CM-013,CareMgmt,Northeast,Dual Eligible,78,Male,English,Phone,1,0,0,0,0,1,1,0,0,3,1.33,Medium,1,0,0,0,,7.7,112,0,0,1,0,1,0,0,1,0,0,8,0.74,1,0,Yes,No,No,No,Yes,2,2026-08-29,33,0,1,0,0,0,0,0,1,2,Needs Review,120,0,0,Limited,Diet/Lifestyle,4,Provider Follow-up,0,2026-10-04,0,P3,0
2026-10-01,PT-001081,CM-004,EHR,Northeast,Medicare Advantage,79,Male,English,Phone,1,1,0,0,0,0,0,0,0,2,1.1,Low,0,0,0,0,,8.9,146,0,0,0,1,0,0,1,0,0,0,7,0.84,0,1,No,No,No,Yes,No,1,2026-08-02,60,0,0,0,0,0,0,0,0,2,Current,52,0,0,Adequate,Medication,2,Patient Education,2,2026-09-29,1,P2,0
2026-10-01,PT-001082,CM-009,CareMgmt,Southwest,Medicare Advantage,84,Female,English,Portal,0,1,0,0,0,0,0,0,0,1,0.68,Low,0,0,0,0,,,142,0,0,0,1,1,0,0,1,0,0,8,0.76,1,0,No,Unknown,No,No,No,0,2026-08-17,45,1,0,0,0,0,0,0,0,2,Overdue,236,0,0,Limited,None,4,Patient Education,0,2026-10-04,0,P2,0
2026-10-01,PT-001083,CM-002,EHR,Northeast,Medicare Advantage,63,Female,Other,Phone,0,1,0,0,1,0,0,0,0,2,1.21,Low,0,0,0,0,,,153,0,0,0,1,0,0,0,0,0,0,9,0.85,0,0,Unknown,No,No,No,No,0,2026-09-13,18,0,0,0,0,0,0,0,0,2,Current,43,0,0,Adequate,Discharge Instructions,1,Care Gap Closure,0,2026-10-06,0,P3,0
2026-10-01,PT-001084,CM-006,CareMgmt,Midwest,Medicare Advantage,83,Male,English,Phone,0,1,0,0,0,0,0,0,0,1,1.03,Low,1,0,0,1,10,,128,0,0,0,0,1,0,0,0,0,0,4,0.86,0,0,No,No,No,No,No,0,,0,1,1,0,0,0,0,0,1,2,Overdue,287,0,0,Adequate,Medication,1,Patient Education,11,2026-10-06,0,P3,0
2026-10-01,PT-001085,CM-007,Pharmacy,Midwest,Medicare Advantage,73,Female,English,Phone,0,0,0,0,0,0,0,0,0,0,0.99,Low,0,0,0,0,,,132,0,0,0,0,1,0,0,1,0,0,5,0.69,1,0,No,No,No,Yes,No,1,2026-08-18,44,0,1,0,1,0,0,0,0,1,Current,39,0,0,Limited,Medication,3,Provider Follow-up,4,2026-10-06,0,P3,0
2026-10-01,PT-001086,CM-016,CareMgmt,Southwest,Medicare Advantage,79,Male,English,SMS,1,1,0,0,0,0,0,0,0,2,1.15,Medium,2,0,0,0,,9.2,108,1,0,0,0,0,0,0,0,0,0,4,1.0,0,0,Yes,No,No,No,No,1,2026-09-10,21,0,0,0,1,1,0,0,0,0,Current,89,0,0,Adequate,None,1,Patient Outreach,0,2026-10-03,0,P2,0
2026-10-01,PT-001087,CM-017,CareMgmt,Northeast,Medicare Advantage,82,Female,Spanish,SMS,0,0,0,0,0,0,0,0,1,0,0.9,Low,0,0,0,0,,,165,0,0,0,0,0,0,0,0,1,0,5,0.87,0,0,No,No,No,No,Yes,1,2026-09-26,5,0,1,0,0,0,0,0,0,0,Overdue,229,0,0,Adequate,None,1,Post-Discharge Follow-up,6,2026-09-27,1,P2,0
2026-10-01,PT-001088,CM-001,CareMgmt,Mid-Atlantic,Medicaid Managed Care,61,Female,Russian,Phone,1,0,0,0,1,1,0,0,0,3,1.5,Medium,0,0,0,0,,7.9,123,0,1,1,0,0,0,0,0,1,0,10,0.89,0,0,No,Yes,No,No,No,1,2026-09-14,17,0,1,0,0,0,0,0,1,2,Needs Review,95,1,0,Adequate,None,3,Social Resource Referral,6,2026-10-01,0,P3,0
2026-10-01,PT-001089,CM-009,CareMgmt,Mid-Atlantic,Medicare Advantage,55,Female,Spanish,Phone,0,1,0,0,0,0,0,0,0,1,0.53,Medium,0,0,0,0,,,137,0,0,0,0,0,0,1,1,0,0,3,0.74,1,0,Yes,No,Yes,No,Unknown,2,2026-08-26,36,3,0,0,1,0,0,1,0,2,Overdue,159,1,0,Limited,Appointment Preparation,3,Care Gap Closure,5,2026-10-06,0,P2,0
2026-10-01,PT-001090,CM-009,CareMgmt,Southwest,Medicare Advantage,82,Female,English,Portal,1,1,0,0,1,1,0,0,0,4,1.48,Medium,0,0,0,0,,8.0,147,1,0,0,1,0,0,0,0,0,0,12,0.73,1,0,No,No,No,No,No,0,2026-10-01,0,0,1,0,0,0,0,0,0,5,Needs Review,144,2,0,Limited,Medication,3,Social Resource Referral,0,2026-10-05,0,P3,0
2026-10-01,PT-001091,CM-007,CareMgmt,Midwest,Medicare Advantage,81,Female,English,Phone,0,1,1,1,0,0,0,0,0,3,1.36,High,3,0,0,0,,,118,0,0,0,0,0,0,0,0,0,0,4,0.9,0,1,No,No,No,No,Yes,1,2026-09-23,8,2,0,1,0,0,0,0,1,3,Not Started,,0,0,Adequate,Discharge Instructions,0,Patient Outreach,8,2026-10-04,0,P1,0
2026-10-01,PT-001092,CM-010,Pharmacy,Mid-Atlantic,Dual Eligible,75,Male,English,Phone,0,1,0,0,0,0,0,0,0,1,1.28,Low,0,0,0,0,,,130,0,0,0,0,0,0,1,0,0,0,0,0.83,0,0,Yes,No,Yes,No,No,2,2026-09-19,12,0,1,0,0,0,0,0,0,1,Needs Review,113,0,0,Adequate,Medication,1,Patient Outreach,0,2026-10-06,0,P2,0
2026-10-01,PT-001093,CM-007,EHR,Northeast,Medicare Advantage,80,Male,English,Phone,0,0,0,0,1,0,0,0,0,1,1.17,Medium,0,0,0,1,4,,147,0,0,0,0,0,0,0,0,0,0,4,0.73,1,0,No,No,No,No,No,0,2026-08-23,39,1,0,0,0,0,0,0,1,3,Current,13,0,0,Adequate,None,1,Medication Review,0,2026-09-30,1,P4,0
2026-10-01,PT-001094,CM-012,CareMgmt,Midwest,Medicare Advantage,69,Female,English,Portal,0,0,1,0,1,0,0,0,0,2,1.54,Medium,0,0,0,0,,,135,0,0,0,0,0,0,0,0,0,0,8,0.79,1,0,No,No,No,No,No,0,2026-08-25,37,2,1,0,0,0,0,1,0,3,Current,2,1,0,Adequate,None,1,Medication Review,0,2026-09-27,1,P4,0
2026-10-01,PT-001095,CM-005,Claims,Southwest,Commercial Complex Care,47,Male,English,SMS,0,1,0,0,0,0,0,0,0,1,0.86,Low,0,0,0,0,,,153,0,0,0,1,0,0,0,0,0,0,6,0.94,0,0,Yes,No,No,No,No,1,2026-08-22,40,0,0,0,1,0,0,0,0,0,Current,35,0,0,Low,Appointment Preparation,1,Social Resource Referral,7,2026-10-03,0,P4,0
2026-10-01,PT-001096,CM-016,CareMgmt,Mid-Atlantic,Medicare Advantage,72,Female,English,Phone,1,0,0,0,0,0,0,0,0,1,0.92,Low,1,0,0,0,,8.9,132,0,1,1,0,0,0,0,0,0,1,5,1.0,0,0,No,No,No,No,No,0,2026-09-14,17,0,0,0,0,0,0,0,0,2,Overdue,178,0,0,Unknown,Medication,3,Provider Follow-up,1,2026-10-06,0,P1,0
2026-10-01,PT-001097,CM-004,CareMgmt,Southeast,Medicaid Managed Care,59,Female,English,Phone,0,0,0,0,0,0,0,0,0,0,0.78,Low,0,0,0,0,,,101,0,0,0,0,0,0,0,0,0,0,4,0.55,1,1,Yes,No,No,No,No,1,2026-09-16,15,0,0,0,0,0,0,0,0,0,Current,68,0,0,Limited,Diet/Lifestyle,1,Medication Review,2,2026-09-27,1,P3,0
2026-10-01,PT-001098,CM-012,Claims,Midwest,Medicare Advantage,74,Male,English,Phone,0,1,0,0,1,0,0,1,0,3,1.83,Medium,0,0,0,0,,,148,0,0,0,1,1,0,0,0,0,0,14,0.93,0,0,Yes,No,No,Yes,No,2,2026-09-10,21,0,0,0,0,0,0,0,0,2,Current,13,0,0,Adequate,None,2,Care Gap Closure,4,2026-10-06,0,P3,0
2026-10-01,PT-001099,CM-004,CareMgmt,Southwest,Medicaid Managed Care,53,Female,Spanish,Phone,0,1,0,0,0,0,0,0,0,1,0.9,Low,0,0,0,0,,,150,0,0,0,1,0,0,1,1,0,0,3,0.65,1,1,No,No,No,No,No,0,2026-10-01,0,0,0,0,0,0,0,0,0,1,Current,59,0,0,Adequate,Diet/Lifestyle,4,Patient Outreach,0,2026-10-04,0,P2,0
2026-10-01,PT-001100,CM-014,Claims,Mid-Atlantic,Medicaid Managed Care,56,Female,English,SMS,0,0,0,0,0,0,0,0,0,0,0.49,Low,0,0,0,0,,,140,0,0,0,0,0,0,0,0,0,0,2,0.68,1,1,Yes,No,No,Yes,Yes,3,2026-07-31,62,0,0,0,1,0,0,0,0,1,Current,34,0,1,Limited,None,1,Medication Review,1,2026-10-01,0,P3,0
2026-10-01,PT-001101,CM-002,EHR,Northeast,Medicare Advantage,73,Male,Spanish,Phone,1,0,0,0,0,0,0,0,0,1,0.7,Low,1,0,0,0,,5.2,160,0,1,0,0,0,0,0,0,0,0,8,1.0,0,1,Yes,No,No,No,No,1,2026-09-02,29,1,0,0,0,0,0,0,0,5,Overdue,247,0,1,Low,Medication,1,Patient Education,1,2026-09-30,1,P3,0
2026-10-01,PT-001102,CM-015,Pharmacy,Northeast,Medicare Advantage,74,Male,English,Phone,0,1,0,0,0,0,0,0,0,1,0.43,Low,0,0,0,0,,,150,0,0,0,1,0,0,0,0,0,0,5,0.62,1,1,Yes,No,No,No,No,1,2026-07-31,62,0,1,0,0,0,0,0,0,1,Needs Review,149,0,0,Adequate,Medication,2,Patient Outreach,8,2026-10-06,0,P2,0
2026-10-01,PT-001103,CM-006,Claims,Mid-Atlantic,Medicare Advantage,62,Male,English,Phone,1,0,0,0,0,0,0,0,0,1,0.68,Low,0,0,0,0,,9.0,126,0,0,1,0,0,0,0,0,0,0,2,0.92,0,0,No,Yes,No,No,No,1,2026-09-25,6,0,0,0,1,0,1,0,0,1,Current,15,0,0,Limited,None,1,Provider Follow-up,1,2026-10-05,0,P3,0
2026-10-01,PT-001104,CM-004,CareMgmt,Midwest,Medicare Advantage,81,Male,English,Phone,0,0,0,0,0,0,1,0,0,1,1.04,Medium,0,1,1,1,24,,122,0,0,0,0,0,0,1,1,0,1,6,1.0,0,0,Unknown,No,No,No,No,0,2026-09-03,28,0,1,0,0,0,0,0,0,1,Current,70,0,0,Adequate,None,3,Patient Outreach,5,2026-10-06,0,P4,0
2026-10-01,PT-001105,CM-005,CareMgmt,Midwest,Medicaid Managed Care,52,Male,English,Caregiver,1,0,0,0,0,0,0,0,0,1,0.72,Low,0,0,0,0,,7.2,144,0,1,0,0,0,0,1,0,0,0,4,0.77,1,0,No,No,No,No,No,0,2026-09-05,26,0,1,0,0,0,0,1,0,1,Current,75,0,0,Adequate,Diet/Lifestyle,3,Patient Education,2,2026-10-04,0,P1,0
2026-10-01,PT-001106,CM-015,HIE,Mid-Atlantic,Dual Eligible,77,Female,English,Phone,0,1,1,0,0,0,0,0,0,2,1.23,Medium,0,0,0,0,,,123,0,0,0,0,0,0,0,0,0,0,12,0.76,1,0,No,No,No,No,Yes,1,2026-09-09,22,0,0,0,0,0,0,0,1,2,Needs Review,99,0,0,Adequate,Medication,1,Social Resource Referral,8,2026-10-06,0,P2,0
2026-10-01,PT-001107,CM-010,EHR,Northeast,Medicaid Managed Care,54,Female,English,Caregiver,0,0,0,0,0,0,0,0,0,0,0.65,Low,1,0,0,0,,,128,0,0,0,0,0,0,0,0,0,0,1,0.75,0,0,No,No,No,No,No,0,2026-08-20,42,0,0,0,0,0,0,0,0,1,Needs Review,137,0,0,Limited,Appointment Preparation,0,Patient Education,2,2026-09-30,1,P2,0
2026-10-01,PT-001108,CM-003,Claims,Midwest,Medicaid Managed Care,57,Male,English,Phone,0,0,0,0,0,0,0,0,0,0,0.58,Low,0,0,0,1,8,,146,0,0,0,0,0,1,1,1,0,0,2,1.0,0,0,No,Unknown,No,No,Yes,1,2026-09-01,30,0,0,0,0,0,0,0,0,0,Not Started,,0,0,Adequate,Discharge Instructions,3,Post-Discharge Follow-up,0,2026-09-29,1,P1,0
2026-10-01,PT-001109,CM-018,CareMgmt,Mid-Atlantic,Medicare Advantage,80,Male,Spanish,Caregiver,1,0,1,0,0,0,0,0,0,2,1.27,Medium,0,0,0,0,,6.1,129,0,1,0,0,0,0,0,0,0,0,3,0.62,1,1,No,No,No,No,No,0,2026-09-05,26,0,0,0,0,0,0,0,0,1,Needs Review,101,0,0,Limited,Diabetes,2,Provider Follow-up,0,2026-10-05,0,P4,0
2026-10-01,PT-001110,CM-015,CareMgmt,Northeast,Medicare Advantage,69,Female,English,Caregiver,0,1,1,0,0,0,0,0,0,2,1.4,Low,0,0,0,0,,,129,0,0,0,0,0,0,0,0,0,0,7,0.85,0,0,No,No,No,No,No,0,2026-10-01,0,0,0,0,0,0,0,0,0,4,Needs Review,143,0,0,Adequate,Medication,0,Patient Outreach,7,2026-10-01,0,P3,0
2026-10-01,PT-001111,CM-005,Pharmacy,Northeast,Medicaid Managed Care,33,Male,Other,Caregiver,1,1,0,0,0,1,0,0,0,3,1.16,Medium,1,0,0,0,,7.1,144,0,1,0,1,0,0,0,0,1,0,8,0.99,0,0,No,Yes,Yes,No,No,2,2026-08-25,37,0,0,0,0,0,1,0,0,3,Overdue,192,0,0,Low,Medication,3,Patient Outreach,0,2026-09-29,1,P3,0
2026-10-01,PT-001112,CM-011,Claims,Northeast,Medicare Advantage,66,Male,English,Caregiver,0,0,0,1,0,1,0,0,0,2,1.34,Medium,0,0,0,0,,,153,0,0,0,0,0,0,0,0,0,0,7,0.58,1,1,No,No,No,No,No,0,2026-09-10,21,1,0,0,0,0,0,0,0,4,Not Started,,0,1,Limited,Medication,1,Post-Discharge Follow-up,7,2026-10-04,0,P3,0
2026-10-01,PT-001113,CM-018,Claims,Northeast,Medicare Advantage,87,Male,Russian,Phone,0,1,1,0,0,1,0,0,0,3,1.9,Medium,0,0,1,0,,,160,0,0,0,1,0,0,0,0,1,0,8,0.99,0,0,No,No,No,Yes,No,1,,1,0,0,1,0,0,0,0,1,0,Needs Review,125,0,0,Adequate,CHF,2,Patient Outreach,3,2026-10-06,0,P3,0
2026-10-01,PT-001114,CM-014,EHR,Southeast,Medicare Advantage,70,Female,English,Phone,1,1,0,0,1,0,1,0,0,4,1.69,High,0,0,1,1,2,5.5,157,1,1,0,1,0,0,0,0,0,0,9,0.92,0,0,No,No,No,No,No,0,2026-10-01,0,2,1,0,0,1,0,0,0,4,Not Started,,0,0,Limited,Diabetes,3,Patient Education,3,2026-10-04,0,P4,0
2026-10-01,PT-001115,CM-001,CareMgmt,Midwest,Medicare Advantage,55,Male,Spanish,SMS,0,1,0,0,0,0,0,0,0,1,0.84,Low,0,0,0,0,,,140,0,0,0,1,0,0,1,0,0,0,4,0.97,0,0,No,No,No,No,No,0,2026-09-07,24,1,0,0,0,0,0,0,1,1,Current,27,0,0,Adequate,Diet/Lifestyle,2,Patient Education,4,2026-10-02,0,P2,0
2026-10-01,PT-001116,CM-016,Pharmacy,Northeast,Commercial Complex Care,43,Female,Chinese,Phone,0,0,0,1,0,1,0,0,0,2,1.43,Medium,2,0,0,0,,,94,0,0,0,0,0,0,1,0,0,0,6,1.0,0,0,No,No,No,No,No,0,2026-09-10,21,0,0,0,0,0,0,1,0,3,Not Started,,0,0,Unknown,CHF,1,Patient Education,4,2026-10-03,0,P2,0
2026-10-01,PT-001117,CM-006,Pharmacy,Southeast,Medicare Advantage,81,Male,English,Phone,1,1,0,1,0,0,0,0,1,3,1.48,High,0,0,1,1,2,8.9,111,0,0,1,0,1,1,0,1,0,1,8,0.72,1,0,No,No,No,No,No,0,2026-09-03,28,3,0,1,0,1,0,0,0,3,Needs Review,142,0,0,Adequate,Medication,6,Post-Discharge Follow-up,8,2026-10-06,0,P2,0
2026-10-01,PT-001118,CM-005,Claims,Mid-Atlantic,Medicare Advantage,69,Male,English,Phone,0,0,0,1,0,0,0,0,0,1,1.0,Low,0,0,0,0,,,112,0,0,0,0,0,0,0,0,0,0,4,0.95,0,1,No,Yes,No,No,No,1,2026-09-02,29,0,1,0,0,0,0,1,0,2,Needs Review,100,0,0,Adequate,Appointment Preparation,0,Patient Outreach,3,2026-10-01,0,P3,0
2026-10-01,PT-001119,CM-010,CareMgmt,Midwest,Medicaid Managed Care,53,Male,English,SMS,1,0,0,0,0,1,0,0,0,2,0.86,Low,0,0,0,0,,6.6,142,0,1,0,0,0,0,0,0,0,0,8,0.92,0,1,Yes,No,No,No,No,1,2026-10-01,0,0,0,0,0,0,0,0,0,1,Current,59,1,0,Adequate,None,1,Care Gap Closure,7,2026-10-04,0,P4,0
2026-10-01,PT-001120,CM-014,Claims,Southwest,Dual Eligible,78,Male,Other,SMS,1,1,0,0,0,0,0,0,0,2,0.78,Medium,0,0,0,0,,6.7,154,0,1,0,1,0,0,0,1,0,0,3,0.74,1,0,Unknown,No,Yes,No,No,1,2026-08-27,35,0,0,0,0,0,0,0,0,1,Current,54,0,0,Low,None,4,Provider Follow-up,6,2026-10-03,0,P3,0
2026-10-01,PT-001121,CM-002,Pharmacy,Mid-Atlantic,Medicaid Managed Care,46,Male,Russian,Phone,0,1,0,0,0,1,0,0,0,2,0.69,Medium,1,1,0,0,,,165,0,0,0,1,1,0,0,1,1,0,8,0.57,1,0,No,No,No,No,Unknown,0,2026-08-25,37,0,0,0,0,0,0,0,0,2,Needs Review,135,0,1,Adequate,Diet/Lifestyle,5,Provider Follow-up,2,2026-10-05,0,P1,0
2026-10-01,PT-001122,CM-018,Claims,Northeast,Medicare Advantage,84,Female,English,Phone,0,1,1,0,0,0,1,0,0,3,1.47,Medium,0,0,0,0,,,135,0,0,0,0,0,0,0,1,0,0,7,0.91,0,0,No,Yes,No,Yes,No,2,2026-09-02,29,0,0,0,0,0,1,0,0,4,Needs Review,137,4,0,Adequate,Discharge Instructions,1,Patient Outreach,0,2026-10-03,0,P3,0
2026-10-01,PT-001123,CM-013,EHR,Mid-Atlantic,Medicare Advantage,76,Male,English,Portal,0,1,1,0,1,0,0,0,0,3,2.06,High,0,0,1,0,,,132,0,0,0,0,0,0,0,0,0,0,8,0.92,0,0,Yes,No,No,Yes,Unknown,2,2026-08-19,43,0,0,0,0,0,0,1,0,5,Needs Review,135,0,0,Adequate,Discharge Instructions,0,Medication Review,1,2026-10-02,0,P3,0
2026-10-01,PT-001124,CM-003,CareMgmt,Mid-Atlantic,Medicare Advantage,61,Female,Other,Phone,0,0,0,0,0,0,0,0,0,0,0.5,Low,0,0,0,0,,,120,0,0,0,0,0,0,0,1,0,0,1,0.93,0,0,No,No,No,No,No,0,2026-09-06,25,0,0,0,0,0,0,0,0,1,Not Started,,0,0,Limited,Medication,1,Patient Outreach,0,2026-09-28,1,P3,0
2026-10-01,PT-001125,CM-001,Claims,Midwest,Dual Eligible,80,Female,English,Phone,1,0,0,0,0,1,0,0,1,2,0.94,Medium,0,0,1,0,,8.2,121,1,0,0,0,0,0,0,1,0,1,8,0.69,1,0,No,No,No,Yes,No,1,2026-08-02,60,0,0,0,1,1,0,1,0,3,Overdue,214,0,0,Adequate,Appointment Preparation,4,Medication Review,0,2026-09-29,1,P2,0
2026-10-01,PT-001126,CM-017,Pharmacy,Northeast,Medicare Advantage,65,Female,English,Portal,0,0,0,0,0,0,0,0,0,0,0.37,Low,0,0,0,0,,,133,0,0,0,0,0,0,0,0,0,0,2,0.78,1,0,No,No,No,Unknown,No,0,2026-08-25,37,0,1,0,0,0,0,1,0,0,Current,45,0,0,Low,Medication,1,Medication Review,2,2026-10-05,0,P1,0
2026-10-01,PT-001127,CM-005,HIE,Midwest,Dual Eligible,88,Female,English,Caregiver,0,0,0,0,1,1,0,0,0,2,1.27,Low,0,0,3,0,,,145,0,0,0,0,0,0,0,0,0,0,6,0.92,0,0,Unknown,No,No,No,No,0,2026-09-10,21,1,1,0,0,0,0,1,0,1,Needs Review,125,0,0,Unknown,Diet/Lifestyle,0,Medication Review,1,2026-10-03,0,P2,0
2026-10-01,PT-001128,CM-013,CareMgmt,Midwest,Medicare Advantage,78,Female,English,Phone,0,0,1,0,1,0,0,0,0,2,1.69,Medium,1,0,2,0,,,135,0,0,0,0,0,0,0,0,0,0,5,0.75,1,0,No,Unknown,No,No,No,0,2026-09-10,21,0,1,0,0,0,0,1,0,2,Current,47,0,0,Limited,Medication,1,Patient Outreach,3,2026-10-02,0,P2,1
2026-10-01,PT-001129,CM-017,HIE,Mid-Atlantic,Medicaid Managed Care,79,Female,Other,Phone,1,1,0,1,1,0,0,0,0,4,1.49,High,0,0,0,0,,8.5,145,0,0,0,1,0,0,0,1,0,0,9,0.9,0,0,No,No,Yes,No,No,1,2026-08-23,39,1,1,0,0,0,0,0,0,3,Needs Review,93,2,0,Limited,Diabetes,2,Post-Discharge Follow-up,4,2026-09-29,1,P1,0
2026-10-01,PT-001130,CM-008,Claims,Midwest,Dual Eligible,80,Female,Other,SMS,1,1,0,0,1,0,0,0,1,3,1.69,High,2,0,0,0,,8.5,153,0,1,0,1,0,0,0,0,0,0,12,0.9,0,0,Yes,No,Yes,No,No,2,2026-08-11,51,0,1,0,1,0,0,0,1,3,Current,41,0,0,Adequate,None,2,Patient Outreach,5,2026-10-03,0,P2,0
2026-10-01,PT-001131,CM-012,EHR,Mid-Atlantic,Commercial Complex Care,73,Female,Russian,Phone,0,1,0,0,0,0,0,0,0,1,1.19,Low,0,0,0,0,,,135,0,0,0,0,0,0,0,0,0,0,5,1.0,0,0,No,No,No,Unknown,No,0,2026-08-16,46,0,0,0,0,0,0,0,0,2,Current,26,1,0,Unknown,Medication,0,Patient Outreach,1,2026-10-01,0,P4,0
2026-10-01,PT-001132,CM-014,Claims,Northeast,Dual Eligible,80,Male,Chinese,Portal,1,1,0,0,1,0,1,0,1,4,1.8,Medium,0,0,2,0,,8.1,168,0,0,0,1,0,0,0,0,0,0,13,0.81,0,1,No,No,No,No,Yes,1,2026-10-01,0,1,0,0,0,0,0,0,0,4,Current,56,0,0,Adequate,Diet/Lifestyle,1,Patient Outreach,2,2026-10-05,0,P2,0
2026-10-01,PT-001133,CM-005,CareMgmt,Northeast,Dual Eligible,75,Female,Chinese,Phone,0,0,0,1,0,1,0,0,0,2,0.88,Medium,2,0,0,0,,,123,0,0,0,0,1,0,0,0,0,0,1,0.63,0,1,No,No,No,No,No,0,2026-09-05,26,0,0,0,0,0,0,0,0,1,Current,39,0,0,Adequate,Medication,1,Post-Discharge Follow-up,4,2026-09-29,1,P3,0
2026-10-01,PT-001134,CM-004,EHR,Midwest,Medicare Advantage,70,Male,Unknown,Phone,1,0,0,1,1,1,1,0,0,5,1.89,High,0,0,0,0,,7.1,145,0,0,0,0,0,0,0,0,1,0,10,0.93,0,0,No,No,No,No,No,0,2026-09-04,27,0,0,0,0,0,0,0,0,4,Current,27,0,0,Adequate,Diet/Lifestyle,1,Patient Education,4,2026-10-06,0,P3,0
2026-10-01,PT-001135,CM-008,CareMgmt,Mid-Atlantic,Medicaid Managed Care,47,Male,English,Phone,0,1,0,0,0,0,0,0,0,1,1.13,Low,0,0,0,0,,,135,0,0,0,0,0,0,0,0,0,0,5,0.94,0,0,No,No,No,No,No,0,2026-10-01,0,1,1,0,0,0,0,0,0,1,Needs Review,119,0,0,Limited,Appointment Preparation,0,Patient Outreach,0,2026-10-01,0,P3,0
2026-10-01,PT-001136,CM-006,EHR,Midwest,Dual Eligible,55,Female,Chinese,Phone,0,0,0,0,0,0,0,0,0,0,0.45,Low,0,0,0,0,,,115,0,0,0,0,0,0,0,0,0,0,1,0.75,0,0,Unknown,Unknown,No,No,Yes,1,2026-09-02,29,2,0,0,0,0,0,0,0,1,Current,41,0,0,Adequate,Appointment Preparation,0,Social Resource Referral,0,2026-09-28,1,P3,0
2026-10-01,PT-001137,CM-018,EHR,Mid-Atlantic,Medicare Advantage,63,Male,English,Portal,0,1,1,0,0,0,0,0,0,2,1.22,Medium,0,0,0,0,,,117,0,0,0,0,0,1,0,1,0,0,7,1.0,0,0,No,No,No,No,No,0,2026-09-16,15,2,0,0,0,0,0,0,0,1,Current,8,0,0,Unknown,Medication,2,Care Gap Closure,2,2026-09-29,1,P2,0
2026-10-01,PT-001138,CM-013,CareMgmt,Northeast,Medicare Advantage,62,Male,English,Caregiver,0,0,1,0,0,0,0,0,0,1,0.88,Low,0,0,0,0,,,129,0,0,0,0,0,0,0,0,0,0,3,0.85,0,0,No,No,No,No,No,0,2026-09-04,27,0,0,0,0,0,0,1,0,0,Current,63,0,0,Adequate,CHF,0,Patient Outreach,1,2026-10-05,0,P2,0
2026-10-01,PT-001139,CM-007,EHR,Midwest,Dual Eligible,69,Female,English,Caregiver,0,1,0,1,0,0,0,0,0,2,0.93,Medium,0,0,0,0,,,114,0,0,0,0,0,0,0,1,0,0,10,0.76,1,1,No,Yes,No,No,No,1,2026-08-12,50,0,0,0,1,0,0,0,0,1,Needs Review,148,0,0,Adequate,Medication,2,Care Gap Closure,2,2026-10-02,0,P4,0
2026-10-01,PT-001140,CM-008,Pharmacy,Southeast,Medicare Advantage,69,Female,English,Phone,1,0,0,0,0,0,0,0,0,1,1.35,Low,0,0,0,0,,7.2,146,1,0,0,0,0,0,0,0,0,1,4,0.89,0,0,Yes,No,No,No,No,1,2026-10-01,0,1,0,0,0,0,0,0,0,1,Current,43,0,0,Adequate,Diet/Lifestyle,2,Social Resource Referral,4,2026-10-06,0,P1,0
2026-10-01,PT-001141,CM-002,CareMgmt,Mid-Atlantic,Medicaid Managed Care,52,Female,English,Portal,1,1,0,0,0,0,0,0,0,2,0.84,Medium,1,0,0,0,,8.3,110,1,1,0,0,0,0,0,0,0,0,3,0.71,1,0,No,No,Yes,No,No,1,2026-08-28,34,4,1,0,1,0,0,1,0,2,Current,46,0,0,Adequate,Diet/Lifestyle,3,Care Plan Update,10,2026-10-02,0,P4,0
2026-10-01,PT-001142,CM-003,Claims,Mid-Atlantic,Dual Eligible,74,Female,English,Portal,0,1,0,0,0,0,0,0,1,1,1.09,Low,0,0,0,0,,,140,0,0,0,1,0,0,0,0,0,0,2,0.89,0,1,No,No,Yes,No,No,1,2026-08-27,35,1,0,0,1,0,0,0,0,1,Needs Review,97,0,0,Adequate,COPD,1,Care Gap Closure,6,2026-10-05,0,P1,0
2026-10-01,PT-001143,CM-013,Claims,Mid-Atlantic,Medicare Advantage,86,Female,English,SMS,0,0,1,0,0,0,1,0,0,2,1.56,Medium,2,0,0,0,,,126,0,0,0,0,0,0,0,0,0,0,5,0.77,1,1,No,Unknown,No,No,Yes,1,2026-09-21,10,0,0,0,0,0,0,0,0,2,Not Started,,0,0,Low,Appointment Preparation,1,Patient Outreach,10,2026-10-02,0,P3,0
2026-10-01,PT-001144,CM-013,EHR,Southwest,Medicare Advantage,61,Female,Spanish,Phone,1,0,0,0,0,0,0,0,0,1,0.62,Low,0,0,0,0,,,145,0,1,1,0,0,0,0,0,0,0,6,0.7,1,0,No,No,No,No,No,0,2026-08-25,37,0,0,0,0,0,0,0,0,3,Current,63,0,0,Adequate,Diabetes,3,Patient Outreach,4,2026-10-02,0,P3,0
2026-10-01,PT-001145,CM-010,Pharmacy,Northeast,Medicare Advantage,74,Female,Bengali,Phone,1,1,0,1,1,0,0,0,0,4,2.19,High,0,0,1,0,,7.4,154,1,0,0,1,1,0,0,0,0,0,12,0.9,0,0,No,No,Yes,No,No,1,2026-09-22,9,2,1,0,1,0,0,0,0,3,Needs Review,125,0,0,Adequate,None,3,Patient Outreach,8,2026-10-05,0,P3,1
2026-10-01,PT-001146,CM-001,Claims,Southwest,Medicaid Managed Care,80,Female,English,Caregiver,0,1,0,0,0,0,0,0,0,1,0.88,Low,0,0,0,0,,,109,0,0,0,0,0,0,0,0,0,0,3,0.88,0,0,Unknown,No,No,No,No,0,2026-09-08,23,0,0,0,0,0,0,0,0,1,Overdue,273,0,0,Limited,None,0,Patient Education,1,2026-10-05,0,P4,0
2026-10-01,PT-001147,CM-010,Claims,Northeast,Dual Eligible,60,Female,English,Phone,0,0,0,0,0,0,0,0,0,0,0.77,Low,0,0,0,0,,,117,0,0,0,0,0,0,0,0,0,0,0,0.7,0,0,No,No,No,No,No,0,2026-09-22,9,0,0,0,0,0,0,0,0,1,Current,89,0,0,Limited,None,0,Patient Outreach,7,2026-10-04,0,P3,0
2026-10-01,PT-001148,CM-011,EHR,Southwest,Dual Eligible,71,Male,English,SMS,1,1,0,0,1,0,0,0,0,3,1.05,High,3,0,0,0,,8.5,145,0,0,0,1,1,1,0,1,0,0,7,0.65,1,1,Unknown,Yes,No,Unknown,No,1,2026-09-04,27,0,1,0,1,0,0,0,0,3,Current,10,0,0,Limited,Diabetes,5,Patient Outreach,3,2026-10-05,0,P1,0
2026-10-01,PT-001149,CM-009,HIE,Northeast,Dual Eligible,65,Female,English,Phone,0,1,0,0,0,0,0,0,0,1,1.03,Low,0,0,1,0,,,127,0,0,0,0,1,0,0,0,0,0,3,0.76,1,0,No,Yes,Unknown,No,No,1,2026-09-05,26,0,0,0,0,0,1,1,0,0,Needs Review,106,0,0,Limited,Diet/Lifestyle,2,Patient Education,0,2026-10-01,0,P4,0
2026-10-01,PT-001150,CM-018,HIE,Northeast,Medicare Advantage,68,Male,English,SMS,0,1,0,0,1,0,0,1,0,3,1.46,Medium,0,0,0,0,,,149,0,0,0,1,1,0,1,0,0,0,6,0.91,0,0,No,No,No,No,No,0,2026-10-01,0,0,0,0,0,0,0,1,0,3,Needs Review,117,0,0,Adequate,CHF,3,Care Gap Closure,2,2026-09-29,1,P4,0
2026-10-01,PT-001151,CM-005,Claims,Midwest,Medicaid Managed Care,72,Male,English,Phone,0,1,1,0,0,0,0,0,0,2,0.97,Medium,1,0,0,0,,,140,0,0,0,1,0,0,1,0,0,0,7,0.9,0,0,Yes,No,No,No,No,1,2026-08-17,45,0,0,0,1,0,0,0,0,3,Needs Review,128,0,0,Adequate,Medication,2,Provider Follow-up,0,2026-10-01,0,P3,0
2026-10-01,PT-001152,CM-018,Claims,Northeast,Medicare Advantage,73,Female,English,Phone,1,0,0,1,0,0,0,0,0,2,0.91,Medium,0,0,1,0,,6.1,131,0,1,0,0,0,0,0,0,0,0,5,1.0,0,0,Yes,No,No,No,No,1,2026-09-17,14,0,0,0,0,0,0,0,0,1,Current,13,0,0,Unknown,Diabetes,1,Patient Outreach,0,2026-10-01,0,P4,0
2026-10-01,PT-001153,CM-003,CareMgmt,Northeast,Dual Eligible,74,Male,Spanish,Caregiver,0,0,0,0,0,0,0,0,0,0,0.64,Low,0,0,0,0,,,119,0,0,0,0,0,0,0,0,0,0,0,0.94,0,0,No,No,No,No,No,0,2026-09-03,28,0,0,0,0,0,0,0,0,0,Needs Review,147,0,0,Adequate,Medication,0,Care Gap Closure,0,2026-09-27,1,P2,0
2026-10-01,PT-001154,CM-002,HIE,Southeast,Commercial Complex Care,58,Male,English,Caregiver,0,0,0,0,0,1,0,0,0,1,0.85,Low,2,0,0,0,,,141,0,0,0,0,1,0,0,0,0,0,5,1.0,0,0,No,No,No,No,No,0,2026-08-13,49,0,0,0,0,0,0,0,0,0,Overdue,301,0,0,Adequate,Medication,1,Medication Review,0,2026-09-29,1,P3,0
2026-10-01,PT-001155,CM-013,EHR,Southeast,Medicare Advantage,87,Male,English,SMS,0,0,0,0,1,0,0,0,0,1,1.27,Low,0,0,0,0,,,129,0,0,0,0,0,0,0,0,0,0,6,0.83,0,0,No,No,No,No,No,0,2026-08-27,35,0,0,0,1,0,0,0,0,1,Needs Review,134,0,0,Adequate,None,0,Patient Outreach,0,2026-09-29,1,P2,0
2026-10-01,PT-001156,CM-007,HIE,Southeast,Commercial Complex Care,51,Female,Chinese,Phone,0,1,0,1,0,0,0,0,0,2,0.96,Medium,0,0,0,0,,,126,0,0,0,0,0,0,0,0,0,0,3,0.72,1,0,No,No,Unknown,No,Yes,1,2026-09-24,7,0,0,1,0,0,0,0,0,1,Current,82,0,0,Low,Medication,1,Care Plan Update,0,2026-10-02,0,P1,0
2026-10-01,PT-001157,CM-001,CareMgmt,Northeast,Commercial Complex Care,70,Female,English,Caregiver,0,1,1,0,0,0,0,0,0,2,1.98,Medium,3,0,0,0,,,127,0,0,0,0,0,0,0,0,0,0,9,0.98,0,0,No,No,No,No,No,0,2026-09-24,7,0,0,0,0,0,0,0,0,2,Current,17,1,0,Adequate,None,0,Care Plan Update,1,2026-10-04,0,P3,0
2026-10-01,PT-001158,CM-001,CareMgmt,Midwest,Commercial Complex Care,49,Female,English,Phone,0,1,0,0,1,1,0,0,0,3,1.52,Medium,0,0,0,0,,,163,0,0,0,1,0,0,1,1,0,0,7,0.86,0,0,Unknown,No,No,No,No,0,2026-08-22,40,0,0,0,0,0,0,0,1,2,Overdue,326,0,0,Adequate,None,3,Patient Outreach,11,2026-10-03,0,P3,0
2026-10-01,PT-001159,CM-014,Claims,Northeast,Medicare Advantage,79,Male,Other,Portal,0,1,0,0,0,0,1,0,1,2,0.82,Low,0,0,0,0,,,122,0,0,0,0,0,0,0,0,0,0,6,0.82,0,0,No,No,No,Yes,No,1,2026-09-13,18,0,1,0,0,0,0,0,0,3,Current,86,0,0,Unknown,Diet/Lifestyle,0,Care Plan Update,9,2026-10-05,0,P3,0
2026-10-01,PT-001160,CM-005,Claims,Mid-Atlantic,Medicaid Managed Care,64,Female,Other,Phone,0,1,0,0,0,0,0,0,0,1,1.22,Medium,0,0,1,0,,,142,0,0,0,1,0,0,0,0,0,0,5,0.62,1,0,Yes,No,Yes,Unknown,Yes,3,2026-08-10,52,0,1,0,0,0,0,0,0,1,Current,39,4,0,Adequate,COPD,2,Patient Education,5,2026-10-06,0,P3,0
2026-10-01,PT-001161,CM-015,EHR,Southeast,Medicaid Managed Care,45,Female,Other,SMS,0,1,0,0,0,0,0,0,0,1,0.95,Low,0,0,0,0,,,135,0,0,0,0,0,0,0,1,0,0,2,0.88,0,0,No,No,No,No,No,0,2026-09-20,11,0,0,0,0,0,0,0,0,4,Overdue,209,0,0,Unknown,Diet/Lifestyle,1,Patient Outreach,2,2026-10-06,0,P4,0
2026-10-01,PT-001162,CM-011,HIE,Mid-Atlantic,Dual Eligible,81,Female,Chinese,SMS,0,1,1,0,0,0,1,0,1,3,1.65,High,6,0,0,1,14,,133,0,0,0,0,1,1,0,0,0,0,11,0.72,1,0,No,Yes,No,No,No,1,2026-09-01,30,1,0,0,1,0,1,0,1,1,Overdue,346,0,0,Low,Medication,3,Social Resource Referral,9,2026-10-02,0,P3,0
2026-10-01,PT-001163,CM-003,CareMgmt,Southeast,Medicare Advantage,68,Female,English,Phone,1,1,0,0,0,1,0,0,0,3,1.06,Medium,1,0,1,0,,8.7,127,1,1,0,0,0,0,0,0,1,0,9,0.82,0,0,No,No,No,No,No,0,2026-09-10,21,0,0,0,0,0,0,0,0,2,Needs Review,131,0,0,Adequate,Medication,3,Social Resource Referral,4,2026-09-27,1,P2,0
2026-10-01,PT-001164,CM-002,CareMgmt,Mid-Atlantic,Commercial Complex Care,51,Male,English,Phone,0,0,0,0,0,0,0,0,0,0,1.16,Low,0,0,0,0,,,128,0,0,0,0,0,0,0,1,0,0,4,1.0,0,0,No,Yes,No,No,No,1,2026-09-12,19,0,0,0,0,0,1,0,0,0,Overdue,170,1,0,Adequate,Medication,1,Medication Review,4,2026-10-02,0,P3,0
2026-10-01,PT-001165,CM-016,EHR,Southeast,Dual Eligible,90,Male,Unknown,Phone,0,1,0,1,0,1,1,0,0,4,1.46,High,0,0,0,0,,,136,0,0,0,0,0,0,0,0,0,1,12,0.69,1,1,No,Yes,No,No,No,1,2026-09-02,29,0,1,0,0,0,0,0,0,4,Needs Review,111,0,0,Adequate,None,2,Provider Follow-up,2,2026-09-28,1,P2,0
2026-10-01,PT-001166,CM-006,EHR,Mid-Atlantic,Medicare Advantage,71,Male,Other,Phone,0,0,0,0,0,0,0,1,0,1,0.81,Low,0,0,0,0,,,120,0,0,0,0,0,0,1,1,0,0,8,1.0,0,1,No,No,No,No,No,0,2026-08-31,31,0,0,0,0,0,0,0,0,0,Needs Review,108,0,0,Adequate,Medication,2,Care Plan Update,3,2026-09-30,1,P4,0
2026-10-01,PT-001167,CM-016,HIE,Southwest,Medicare Advantage,68,Female,Spanish,Phone,0,1,1,0,0,0,0,0,0,2,1.38,Medium,0,0,0,0,,,135,0,0,0,0,1,0,0,0,0,0,8,0.96,0,0,Yes,No,No,No,Yes,2,2026-09-16,15,0,0,0,0,0,0,0,0,2,Current,84,0,0,Adequate,CHF,1,Medication Review,10,2026-09-28,1,P3,0
2026-10-01,PT-001168,CM-003,CareMgmt,Mid-Atlantic,Medicare Advantage,73,Female,Chinese,Portal,1,1,0,0,1,0,0,0,0,3,1.5,Medium,0,0,0,0,,10.3,146,0,0,0,1,0,0,0,0,0,0,8,0.88,0,0,No,No,No,No,No,0,2026-08-17,45,0,0,0,0,0,0,1,0,4,Needs Review,119,0,0,Adequate,Appointment Preparation,1,Patient Education,3,2026-10-05,0,P2,0
2026-10-01,PT-001169,CM-017,Claims,Southeast,Medicaid Managed Care,42,Male,English,Portal,0,0,0,0,0,0,0,0,0,0,1.11,Low,0,0,0,0,,,141,0,0,0,0,1,0,0,0,0,0,0,0.96,0,0,No,Yes,No,No,Unknown,1,2026-09-29,2,0,1,0,0,0,1,0,0,0,Current,44,0,0,Unknown,Diet/Lifestyle,1,Patient Outreach,6,2026-10-01,0,P4,0
2026-10-01,PT-001170,CM-010,EHR,Southeast,Medicare Advantage,82,Female,English,SMS,0,1,0,0,0,1,0,0,0,2,1.05,Low,0,0,0,0,,,128,0,0,0,0,0,0,1,0,1,0,7,0.79,1,0,Unknown,No,Unknown,No,No,0,2026-09-12,19,0,0,0,0,0,0,0,0,0,Current,3,2,0,Adequate,Medication,3,Medication Review,5,2026-10-05,0,P4,0
2026-10-01,PT-001171,CM-003,HIE,Midwest,Medicare Advantage,73,Male,Spanish,Caregiver,0,1,0,0,0,0,0,0,0,1,0.5,Low,0,0,0,0,,,119,0,0,0,0,0,0,0,1,0,0,8,0.81,0,0,Unknown,No,No,No,No,0,2026-09-05,26,0,0,0,0,0,0,0,0,2,Current,55,0,0,Limited,Medication,1,Social Resource Referral,4,2026-10-03,0,P3,0
2026-10-01,PT-001172,CM-013,Claims,Midwest,Medicare Advantage,78,Female,English,Phone,0,1,0,0,0,1,0,0,0,2,0.82,Low,0,0,0,0,,,149,0,0,0,1,0,0,0,1,1,0,7,0.98,0,0,No,No,No,No,No,0,2026-09-12,19,2,0,0,0,0,0,0,0,3,Current,4,0,0,Adequate,Appointment Preparation,3,Care Gap Closure,1,2026-10-03,0,P3,0
2026-10-01,PT-001173,CM-015,Claims,Southeast,Medicare Advantage,62,Male,English,SMS,0,0,0,0,0,1,0,0,0,1,0.98,Low,1,0,0,0,,,125,0,0,0,0,0,0,0,0,1,0,9,0.78,1,1,Yes,No,No,Unknown,No,1,2026-09-15,16,0,0,0,0,0,0,1,0,3,Overdue,252,0,0,Limited,Diet/Lifestyle,2,Social Resource Referral,4,2026-09-28,1,P4,0
2026-10-01,PT-001174,CM-017,Pharmacy,Mid-Atlantic,Medicare Advantage,85,Female,English,Phone,0,1,0,0,0,0,1,0,0,2,1.14,Low,1,0,0,0,,,116,0,0,0,0,0,0,0,0,0,0,3,0.8,0,0,No,No,No,Unknown,No,0,2026-09-11,20,0,1,0,0,0,0,1,1,3,Current,71,0,0,Adequate,Medication,0,Patient Education,1,2026-09-27,1,P4,0
2026-10-01,PT-001175,CM-014,Pharmacy,Mid-Atlantic,Medicare Advantage,75,Female,English,Phone,0,0,0,0,0,1,0,0,0,1,1.2,Low,0,0,0,0,,,134,0,0,0,0,1,0,0,0,0,0,0,0.85,0,0,No,No,No,Unknown,Yes,1,2026-09-08,23,1,0,0,0,0,0,1,0,2,Current,69,0,0,Adequate,None,1,Care Plan Update,11,2026-10-04,0,P3,0
2026-10-01,PT-001176,CM-011,CareMgmt,Mid-Atlantic,Medicare Advantage,58,Male,Bengali,Portal,1,1,0,0,0,0,1,0,0,3,1.42,Low,0,0,0,0,,8.6,126,0,1,0,0,0,0,0,0,0,1,9,0.83,0,0,No,No,No,No,No,0,2026-08-26,36,0,0,0,0,0,0,1,0,2,Not Started,,0,1,Adequate,Diabetes,2,Care Gap Closure,0,2026-10-06,0,P3,0
2026-10-01,PT-001177,CM-002,CareMgmt,Midwest,Medicare Advantage,71,Female,English,Caregiver,1,1,0,0,0,0,0,0,0,2,0.73,Medium,0,0,0,0,,5.2,132,0,0,1,0,0,0,0,0,0,1,7,0.73,1,0,No,Unknown,No,No,Yes,1,2026-08-01,61,3,1,0,0,0,0,0,0,2,Current,51,0,0,Adequate,Medication,3,Post-Discharge Follow-up,4,2026-09-27,1,P2,0
2026-10-01,PT-001178,CM-005,EHR,Midwest,Medicaid Managed Care,72,Female,English,Phone,0,0,0,0,0,1,0,0,0,1,1.2,Low,1,0,0,0,,,111,0,0,0,0,0,0,0,0,0,0,4,0.89,0,0,No,Yes,No,No,No,1,2026-10-01,0,3,0,0,0,0,0,0,0,1,Overdue,313,1,0,Limited,Diet/Lifestyle,0,Patient Outreach,6,2026-10-02,0,P1,0
2026-10-01,PT-001179,CM-012,Claims,Mid-Atlantic,Medicare Advantage,62,Male,English,Phone,0,0,0,0,0,1,0,0,0,1,0.6,Low,1,0,0,0,,,150,0,0,0,0,0,0,0,0,1,0,9,0.84,0,0,No,No,Unknown,No,No,0,2026-09-10,21,0,1,0,0,0,0,0,0,2,Current,70,1,0,Limited,Diabetes,1,Care Gap Closure,1,2026-10-03,0,P2,0
2026-10-01,PT-001180,CM-015,HIE,Southwest,Medicare Advantage,80,Male,English,Caregiver,1,1,0,1,0,0,0,0,0,3,1.46,Medium,0,0,0,0,,7.4,149,0,1,0,1,0,0,0,0,0,1,6,0.72,1,0,No,No,No,No,No,0,2026-09-06,25,0,0,0,0,0,0,0,0,2,Current,6,0,0,Adequate,Medication,4,Care Gap Closure,1,2026-09-28,1,P1,0
2026-10-01,PT-001181,CM-004,CareMgmt,Southeast,Medicaid Managed Care,37,Male,English,Caregiver,1,0,0,0,0,0,0,0,1,1,1.31,Medium,0,0,0,0,,6.9,123,1,1,0,0,0,0,0,0,0,0,5,0.71,1,0,No,No,Yes,No,Unknown,1,2026-09-19,12,1,1,0,1,0,0,0,0,2,Overdue,188,0,0,Limited,None,3,Provider Follow-up,2,2026-10-03,0,P3,0
2026-10-01,PT-001182,CM-001,CareMgmt,Northeast,Dual Eligible,79,Male,English,Portal,1,1,0,0,0,1,0,0,0,3,1.24,Medium,0,0,0,0,,8.6,168,0,0,0,1,0,0,0,0,0,1,8,0.9,0,0,No,No,No,Yes,No,1,2026-08-02,60,0,0,0,0,0,0,0,0,2,Current,87,0,0,Adequate,Diet/Lifestyle,2,Care Gap Closure,2,2026-10-05,0,P2,0
2026-10-01,PT-001183,CM-013,CareMgmt,Northeast,Medicare Advantage,70,Female,English,Phone,0,0,0,0,1,0,0,0,0,1,1.11,Low,1,0,0,0,,,129,0,0,0,0,0,0,0,0,0,0,8,0.85,0,1,No,Unknown,No,No,No,0,2026-08-25,37,0,1,0,0,0,0,0,0,2,Current,48,0,0,Limited,Appointment Preparation,0,Provider Follow-up,0,2026-09-28,1,P4,0
2026-10-01,PT-001184,CM-015,CareMgmt,Mid-Atlantic,Dual Eligible,80,Male,English,Phone,0,1,0,0,0,0,0,0,0,1,1.13,Low,0,0,0,1,6,,96,0,0,0,0,0,0,0,0,0,0,5,0.91,0,0,No,Yes,No,No,No,1,2026-09-14,17,0,0,0,0,0,1,0,0,1,Needs Review,95,0,0,Limited,Discharge Instructions,0,Patient Education,5,2026-09-30,1,P3,0
2026-10-01,PT-001185,CM-017,EHR,Northeast,Medicare Advantage,65,Female,English,Portal,0,1,0,0,1,1,0,0,0,3,1.12,Medium,0,2,1,0,,,127,0,0,0,0,0,0,0,0,0,0,10,0.57,1,0,Unknown,No,No,No,No,0,2026-09-03,28,0,1,0,0,0,0,0,0,3,Current,41,0,0,Adequate,Appointment Preparation,1,Patient Outreach,12,2026-09-28,1,P3,0
2026-10-01,PT-001186,CM-015,Claims,Midwest,Dual Eligible,71,Female,Spanish,Phone,0,0,0,0,0,0,1,1,0,2,1.34,Low,0,0,0,0,,,135,0,0,0,0,0,0,0,0,1,0,7,0.77,1,0,No,No,No,No,No,0,2026-08-28,34,0,0,0,0,0,0,0,0,2,Needs Review,141,0,0,Adequate,Diet/Lifestyle,2,Patient Education,0,2026-09-28,1,P1,0
2026-10-01,PT-001187,CM-018,CareMgmt,Southwest,Medicare Advantage,70,Female,Other,Phone,0,0,0,0,0,0,0,0,0,0,0.37,Low,1,0,0,0,,,140,0,0,0,0,0,0,1,0,0,0,1,0.69,0,0,No,No,Yes,No,No,1,2026-08-15,47,0,0,0,0,0,0,0,0,1,Current,67,0,0,Adequate,Appointment Preparation,1,Patient Education,2,2026-10-03,0,P3,0
2026-10-01,PT-001188,CM-004,Claims,Northeast,Medicare Advantage,59,Male,English,Phone,0,0,0,1,1,1,0,0,0,3,1.38,Medium,0,0,0,0,,,120,0,0,0,0,0,0,0,0,0,0,10,0.77,1,0,No,No,No,No,No,0,2026-09-02,29,3,0,0,0,0,0,0,0,2,Overdue,286,0,0,Adequate,Medication,1,Post-Discharge Follow-up,7,2026-10-03,0,P2,0
2026-10-01,PT-001189,CM-018,EHR,Mid-Atlantic,Medicare Advantage,74,Male,English,Caregiver,1,1,0,0,0,0,0,0,0,2,1.39,Low,0,0,0,0,,6.5,119,0,0,0,0,0,0,0,0,0,1,10,0.84,0,0,No,Yes,No,No,No,1,2026-09-24,7,6,0,0,0,0,1,1,0,1,Overdue,156,0,0,Adequate,Diabetes,1,Patient Outreach,7,2026-09-30,1,P3,0
2026-10-01,PT-001190,CM-017,CareMgmt,Midwest,Medicare Advantage,82,Male,Spanish,Phone,0,0,0,0,0,0,0,0,0,0,0.78,Low,0,0,0,0,,,111,0,0,0,0,0,0,0,0,1,0,2,0.79,1,0,No,No,No,No,No,0,2026-09-25,6,0,0,0,0,0,0,1,0,0,Current,29,0,0,Low,Medication,2,Post-Discharge Follow-up,0,2026-10-06,0,P2,0
2026-10-01,PT-001191,CM-001,CareMgmt,Mid-Atlantic,Medicare Advantage,72,Male,English,Phone,0,0,0,0,0,0,0,0,0,0,1.15,Low,0,0,0,0,,,121,0,0,0,0,0,0,0,0,0,0,6,0.94,0,0,No,No,No,No,No,0,2026-09-13,18,0,0,0,0,0,0,0,1,1,Current,33,0,0,Adequate,Medication,0,Patient Outreach,0,2026-09-30,1,P2,0
2026-10-01,PT-001192,CM-009,CareMgmt,Midwest,Dual Eligible,76,Male,English,Portal,0,1,0,0,0,0,0,0,0,1,0.73,Low,0,0,0,0,,,129,0,0,0,0,0,0,0,0,0,0,8,0.8,0,1,Yes,No,No,No,Unknown,1,2026-09-20,11,0,0,0,0,0,0,0,0,1,Not Started,,0,0,Limited,Diet/Lifestyle,0,Social Resource Referral,3,2026-09-28,1,P2,0
2026-10-01,PT-001193,CM-011,CareMgmt,Southwest,Medicaid Managed Care,49,Female,English,Phone,0,0,0,0,0,1,0,0,0,1,0.58,Low,0,0,0,0,,,126,0,0,0,0,0,0,0,0,0,0,6,0.84,0,1,Yes,No,Yes,No,Yes,3,2026-08-16,46,0,0,0,1,0,0,0,1,0,Needs Review,100,0,1,Adequate,Medication,0,Patient Education,0,2026-09-30,1,P2,0
2026-10-01,PT-001194,CM-005,EHR,Northeast,Medicare Advantage,73,Male,Unknown,Phone,0,1,0,0,0,0,0,0,0,1,0.82,Low,0,0,0,0,,,136,0,0,0,0,1,0,0,0,0,0,1,0.73,0,0,Unknown,No,No,Unknown,No,0,2026-08-19,43,0,0,0,0,0,0,0,0,1,Not Started,,0,0,Limited,Discharge Instructions,1,Patient Education,0,2026-10-03,0,P3,0
2026-10-01,PT-001195,CM-018,CareMgmt,Southeast,Medicare Advantage,77,Female,Spanish,Phone,0,0,0,0,0,0,0,0,0,0,0.57,Low,0,0,0,0,,,162,0,0,0,0,0,0,0,1,0,0,3,0.93,0,0,No,No,No,No,No,0,2026-10-01,0,0,1,0,0,0,0,0,0,0,Needs Review,118,0,0,Adequate,Diabetes,1,Patient Outreach,0,2026-10-01,0,P3,0
2026-10-01,PT-001196,CM-001,CareMgmt,Northeast,Dual Eligible,73,Female,English,Caregiver,0,0,1,0,0,0,0,0,0,1,1.18,Low,0,0,0,0,,,98,0,0,0,0,0,0,0,0,0,0,2,0.83,0,0,No,Unknown,Yes,No,No,1,2026-09-01,30,1,0,0,0,0,0,0,0,3,Overdue,233,0,1,Unknown,Appointment Preparation,0,Patient Outreach,0,2026-09-27,1,P3,0
2026-10-01,PT-001197,CM-004,Claims,Mid-Atlantic,Medicaid Managed Care,56,Male,Spanish,SMS,0,0,0,0,0,0,0,0,0,0,0.47,Low,0,0,0,0,,,156,0,0,0,0,0,0,0,0,0,0,4,0.91,0,0,No,No,No,No,No,0,2026-09-02,29,2,0,0,0,0,0,0,0,1,Current,21,0,1,Adequate,None,0,Care Gap Closure,6,2026-09-30,1,P1,0
2026-10-01,PT-001198,CM-009,CareMgmt,Midwest,Dual Eligible,82,Male,English,Phone,0,0,0,0,0,0,1,0,0,1,0.77,Low,0,0,0,0,,,127,0,0,0,0,0,0,1,0,0,1,2,0.9,0,0,No,Unknown,No,No,No,0,2026-09-25,6,0,1,0,0,0,0,0,0,1,Overdue,244,0,0,Unknown,Appointment Preparation,2,Patient Education,5,2026-10-03,0,P4,0
2026-10-01,PT-001199,CM-004,CareMgmt,Northeast,Dual Eligible,65,Male,Spanish,Phone,0,0,0,0,0,0,0,0,0,0,0.82,Low,0,0,0,0,,,127,0,0,0,0,0,0,0,0,0,0,4,0.83,0,0,No,No,No,No,No,0,2026-09-05,26,2,0,0,0,0,0,1,0,0,Current,61,0,0,Unknown,Medication,0,Patient Outreach,4,2026-09-29,1,P4,0
2026-10-01,PT-001200,CM-002,Claims,Northeast,Medicare Advantage,83,Male,English,Caregiver,1,0,0,0,1,0,0,0,0,2,1.48,Medium,0,2,0,0,,5.2,132,0,1,1,0,0,0,0,0,0,0,6,1.0,0,0,No,Yes,No,Unknown,No,1,2026-08-29,33,1,1,0,0,0,0,0,0,3,Needs Review,130,0,0,Limited,Appointment Preparation,2,Patient Education,6,2026-09-30,1,P3,0
2026-10-01,PT-001201,CM-013,Pharmacy,Southeast,Dual Eligible,71,Male,Chinese,Phone,0,0,0,0,0,0,0,0,0,0,0.5,Low,0,0,0,0,,,134,0,0,0,0,0,0,0,0,0,1,2,0.9,0,1,No,No,No,No,No,0,2026-09-14,17,0,0,0,0,0,0,0,0,2,Not Started,,0,0,Adequate,None,1,Patient Education,0,2026-09-29,1,P2,0
2026-10-01,PT-001202,CM-018,CareMgmt,Southeast,Commercial Complex Care,37,Male,Spanish,SMS,0,0,0,0,1,1,0,0,0,2,1.55,Medium,0,0,1,0,,,150,0,0,0,0,1,0,1,0,1,0,6,0.76,1,0,No,No,No,No,No,0,2026-09-09,22,0,1,0,0,0,0,0,0,3,Overdue,158,0,0,Unknown,None,4,Care Gap Closure,10,2026-10-04,0,P2,0
2026-10-01,PT-001203,CM-016,EHR,Northeast,Medicaid Managed Care,72,Male,English,Phone,0,1,0,0,0,0,0,0,0,1,0.89,Low,0,0,0,0,,,164,0,0,0,1,0,0,0,0,0,0,8,0.74,1,0,Yes,No,No,No,No,1,2026-09-28,3,0,0,0,0,0,0,0,0,1,Overdue,190,0,0,Low,Diet/Lifestyle,2,Patient Outreach,5,2026-09-28,1,P3,0
2026-10-01,PT-001204,CM-017,Claims,Southwest,Dual Eligible,70,Male,English,Caregiver,0,0,1,0,0,0,0,0,0,1,1.16,Low,0,0,0,0,,,113,0,0,0,0,0,0,1,0,0,0,6,1.0,0,1,Unknown,No,No,Unknown,No,0,2026-08-29,33,0,1,0,0,0,0,0,0,3,Not Started,,0,1,Adequate,Diabetes,1,Patient Outreach,0,2026-10-06,0,P2,0
2026-10-01,PT-001205,CM-016,Claims,Northeast,Medicaid Managed Care,69,Female,English,Caregiver,1,1,0,0,0,0,0,0,0,2,0.96,Low,0,0,0,0,,8.1,136,1,0,0,0,0,0,0,0,0,0,9,0.98,0,0,Yes,Yes,No,No,Unknown,2,2026-08-25,37,2,1,1,0,0,0,0,0,3,Current,85,0,0,Limited,Diet/Lifestyle,1,Medication Review,5,2026-10-06,0,P4,0
2026-10-01,PT-001206,CM-014,Claims,Mid-Atlantic,Medicare Advantage,83,Female,English,Portal,0,1,0,1,0,0,0,0,0,2,0.98,Medium,0,0,0,0,,,108,0,0,0,0,0,0,1,1,0,0,6,0.77,1,0,Yes,No,No,No,Yes,2,2026-09-03,28,1,0,0,0,0,0,0,0,3,Current,29,0,0,Adequate,Diet/Lifestyle,3,Patient Outreach,0,2026-10-06,0,P4,0
2026-10-01,PT-001207,CM-001,HIE,Southwest,Medicare Advantage,89,Male,English,Phone,1,0,1,0,1,0,0,0,0,3,1.71,High,4,0,5,1,10,9.5,138,1,0,1,0,1,0,0,0,0,0,10,1.0,0,1,No,Unknown,No,No,No,0,2026-09-18,13,1,0,0,0,1,0,0,0,3,Overdue,270,0,0,Adequate,Diet/Lifestyle,3,Care Gap Closure,1,2026-09-29,1,P3,0
2026-10-01,PT-001208,CM-010,Claims,Southeast,Dual Eligible,68,Male,Spanish,SMS,0,0,0,1,0,0,0,0,0,1,0.6,Low,0,0,0,0,,,128,0,0,0,0,0,0,0,0,0,0,2,0.79,1,1,Yes,No,No,No,No,1,2026-09-17,14,4,1,0,0,0,0,0,0,1,Overdue,328,0,0,Low,COPD,1,Patient Outreach,5,2026-10-02,0,P3,0
2026-10-01,PT-001209,CM-016,CareMgmt,Southeast,Medicare Advantage,74,Female,English,Caregiver,1,0,0,0,1,1,0,0,0,3,1.19,Medium,0,0,0,0,,5.5,154,0,1,0,0,0,0,0,0,1,0,6,0.88,0,0,No,No,No,Unknown,No,0,2026-10-01,0,1,0,0,0,0,0,0,0,2,Current,55,0,0,Adequate,Diet/Lifestyle,2,Patient Education,10,2026-10-03,0,P1,0
2026-10-01,PT-001210,CM-009,CareMgmt,Mid-Atlantic,Medicare Advantage,74,Male,Spanish,Phone,0,0,1,0,0,1,0,0,1,2,1.49,Medium,0,0,0,0,,,130,0,0,0,0,1,0,0,0,1,1,9,0.93,0,0,No,No,No,Unknown,No,0,2026-09-06,25,5,0,0,0,1,0,0,0,3,Current,74,1,1,Adequate,Diet/Lifestyle,3,Patient Outreach,10,2026-10-02,0,P1,0
2026-10-01,PT-001211,CM-009,Claims,Northeast,Medicaid Managed Care,67,Female,Spanish,Phone,1,1,0,0,0,0,0,0,0,2,1.55,Medium,1,0,0,0,,7.0,152,0,0,1,1,0,0,0,0,0,0,2,0.93,0,0,No,Yes,No,No,No,1,2026-09-03,28,0,1,0,1,0,0,0,0,1,Overdue,239,0,0,Adequate,Medication,2,Care Gap Closure,7,2026-10-03,0,P2,0
2026-10-01,PT-001212,CM-014,CareMgmt,Northeast,Medicare Advantage,64,Male,English,Portal,0,1,0,1,0,1,0,0,0,3,1.16,Medium,0,0,0,0,,,98,0,0,0,0,0,0,0,0,0,0,10,0.77,1,0,No,No,No,No,No,0,2026-09-03,28,0,1,0,0,0,0,0,0,2,Needs Review,139,0,0,Limited,Appointment Preparation,1,Medication Review,0,2026-09-30,1,P3,0
2026-10-01,PT-001213,CM-016,Claims,Southeast,Dual Eligible,66,Male,English,SMS,0,0,0,0,1,1,0,0,0,2,1.41,Medium,0,0,0,0,,,154,0,0,0,0,0,0,0,0,0,0,4,0.76,1,1,No,Yes,No,No,Unknown,1,2026-08-27,35,0,1,0,0,0,0,0,0,2,Needs Review,121,0,0,Unknown,None,1,Patient Outreach,6,2026-09-27,1,P3,0
2026-10-01,PT-001214,CM-017,Pharmacy,Mid-Atlantic,Medicaid Managed Care,29,Male,English,Caregiver,0,0,0,0,0,0,0,0,0,0,0.92,Low,0,0,0,0,,,119,0,0,0,0,0,0,0,0,0,0,3,0.58,1,0,Yes,No,No,No,No,1,2026-09-22,9,0,0,0,1,0,0,1,0,0,Current,42,3,0,Adequate,Medication,1,Care Gap Closure,3,2026-10-05,0,P3,0
2026-10-01,PT-001215,CM-014,CareMgmt,Mid-Atlantic,Medicare Advantage,82,Male,English,SMS,1,0,0,0,0,1,0,0,0,2,0.74,Low,0,0,0,0,,7.9,125,1,1,0,0,0,0,0,0,1,0,7,0.98,0,0,No,No,No,No,No,0,2026-09-18,13,0,0,0,0,0,0,0,0,3,Needs Review,134,0,0,Limited,Discharge Instructions,3,Care Gap Closure,0,2026-10-05,0,P2,0
2026-10-01,PT-001216,CM-017,EHR,Mid-Atlantic,Dual Eligible,77,Female,English,SMS,1,0,0,0,0,1,0,0,0,2,1.21,Low,0,0,0,0,,5.5,150,0,0,0,0,0,0,0,0,1,0,6,0.87,0,0,No,No,Unknown,No,Yes,1,2026-09-15,16,0,0,0,0,0,0,0,0,0,Overdue,300,0,0,Limited,Diabetes,1,Medication Review,8,2026-10-01,0,P3,0
2026-10-01,PT-001217,CM-014,HIE,Midwest,Medicaid Managed Care,59,Female,English,Portal,1,1,0,0,0,0,0,0,0,2,1.08,Low,0,0,0,0,,8.0,136,0,1,0,0,0,0,0,0,0,0,5,1.0,0,0,No,Yes,No,No,Unknown,1,2026-09-06,25,0,0,0,0,0,0,0,0,3,Needs Review,132,0,0,Limited,Medication,1,Care Gap Closure,8,2026-10-03,0,P2,0
2026-10-01,PT-001218,CM-014,Claims,Midwest,Medicare Advantage,78,Female,English,SMS,0,1,0,0,1,0,1,0,0,3,1.41,Medium,2,0,0,0,,,154,0,0,0,1,0,0,0,0,0,0,9,0.82,0,1,No,No,No,Unknown,No,0,2026-09-15,16,0,0,0,0,0,0,0,0,1,Needs Review,97,0,0,Limited,Appointment Preparation,1,Care Plan Update,6,2026-10-05,0,P3,0
2026-10-01,PT-001219,CM-007,CareMgmt,Northeast,Commercial Complex Care,30,Male,English,Portal,0,1,0,0,0,0,0,0,0,1,1.22,Low,0,0,0,0,,,132,0,0,0,0,1,0,0,0,0,0,8,0.8,0,0,No,No,Unknown,No,No,0,2026-09-14,17,1,0,0,0,0,0,0,0,0,Overdue,321,0,0,Limited,None,1,Patient Outreach,0,2026-09-30,1,P3,0
2026-10-01,PT-001220,CM-009,CareMgmt,Mid-Atlantic,Medicare Advantage,80,Female,English,Phone,1,0,0,0,0,0,0,0,0,1,0.7,Low,0,0,0,0,,6.7,121,1,0,0,0,1,0,0,0,0,1,3,0.8,0,0,Yes,No,No,No,No,1,2026-09-06,25,0,0,0,0,0,0,0,1,1,Overdue,282,0,0,Adequate,Appointment Preparation,3,Post-Discharge Follow-up,4,2026-09-27,1,P1,0
2026-10-01,PT-001221,CM-007,HIE,Southeast,Medicare Advantage,71,Female,English,SMS,0,0,0,0,0,0,1,0,0,1,0.76,Low,0,0,0,0,,,124,0,0,0,0,0,0,0,0,0,0,7,0.87,0,0,No,No,No,No,No,0,,27,1,1,0,0,0,0,0,0,1,Overdue,180,0,0,Limited,CHF,0,Care Plan Update,0,2026-09-28,1,P3,0
2026-10-01,PT-001222,CM-003,HIE,Midwest,Dual Eligible,74,Male,English,SMS,0,0,0,1,0,0,0,0,0,1,0.44,Low,0,0,0,0,,,139,0,0,0,0,0,0,0,1,0,0,8,0.9,0,0,No,No,Yes,No,No,1,2026-09-12,19,0,0,0,0,0,0,0,0,3,Current,19,1,0,Limited,Diet/Lifestyle,1,Patient Education,7,2026-10-05,0,P3,0
2026-10-01,PT-001223,CM-015,EHR,Northeast,Dual Eligible,71,Female,English,Portal,0,0,0,0,0,0,0,0,0,0,0.2,Low,0,0,0,0,,,154,0,0,0,0,0,0,0,0,0,0,0,0.56,0,0,No,Yes,No,No,No,1,2026-09-26,5,1,0,1,0,0,0,0,0,1,Current,50,0,0,Limited,Diet/Lifestyle,0,Patient Outreach,12,2026-10-03,0,P3,0
2026-10-01,PT-001224,CM-010,EHR,Southwest,Medicare Advantage,73,Male,Spanish,Phone,0,1,0,1,0,0,1,0,0,3,0.82,Medium,2,0,2,0,,,163,0,0,0,1,1,0,0,0,1,0,10,1.0,0,0,No,No,No,Unknown,No,0,2026-09-11,20,0,0,0,1,0,0,0,0,3,Overdue,336,0,0,Adequate,None,3,Patient Outreach,1,2026-09-27,1,P4,0
2026-10-01,PT-001225,CM-008,CareMgmt,Southwest,Medicaid Managed Care,73,Female,English,Phone,0,1,0,0,0,1,0,0,0,2,1.02,Low,0,0,0,0,,,134,0,0,0,0,0,0,0,0,0,0,3,0.76,1,0,Yes,No,Unknown,No,No,1,2026-09-09,22,3,0,0,0,0,0,0,0,2,Current,25,0,0,Adequate,Appointment Preparation,1,Post-Discharge Follow-up,2,2026-10-06,0,P4,0
2026-10-01,PT-001226,CM-014,Pharmacy,Northeast,Commercial Complex Care,62,Female,English,Phone,0,0,0,0,0,0,0,0,0,0,0.68,Low,0,1,0,0,,,144,0,0,0,0,0,0,0,1,0,0,1,0.8,0,0,No,No,Unknown,No,No,0,2026-10-01,0,0,0,0,0,0,0,0,0,2,Current,14,0,0,Adequate,None,1,Post-Discharge Follow-up,6,2026-10-05,0,P3,0
2026-10-01,PT-001227,CM-014,Claims,Southwest,Medicare Advantage,70,Female,English,SMS,0,0,0,1,0,0,0,0,1,1,0.82,Low,0,0,0,0,,,147,0,0,0,0,0,0,0,0,0,0,3,0.93,0,0,No,No,No,No,No,0,2026-09-12,19,3,0,0,0,1,0,0,0,4,Current,28,0,1,Adequate,Appointment Preparation,0,Care Plan Update,11,2026-10-05,0,P4,0
2026-10-01,PT-001228,CM-017,CareMgmt,Midwest,Medicare Advantage,77,Female,Spanish,Portal,1,1,0,1,0,0,0,0,0,3,1.76,Medium,0,0,0,0,,,125,0,1,0,0,1,0,0,0,0,1,7,0.98,0,0,No,No,No,No,No,0,2026-08-16,46,2,1,0,0,0,0,0,0,3,Current,21,1,0,Adequate,Medication,3,Patient Outreach,0,2026-10-01,0,P3,0
2026-10-01,PT-001229,CM-015,EHR,Northeast,Dual Eligible,63,Male,English,SMS,1,0,0,0,0,0,0,1,0,2,0.76,Medium,0,0,0,0,,9.6,133,1,1,0,0,0,0,0,0,0,0,4,0.63,1,0,No,Yes,No,No,No,1,2026-09-03,28,1,1,0,1,0,1,1,0,2,Current,62,0,0,Adequate,Medication,3,Care Plan Update,0,2026-10-06,0,P4,0
2026-10-01,PT-001230,CM-016,EHR,Northeast,Medicaid Managed Care,50,Female,English,Caregiver,0,1,0,0,0,1,0,0,0,2,1.04,Low,0,0,0,0,,,133,0,0,0,0,0,0,0,0,1,0,5,0.84,0,1,No,No,No,No,No,0,2026-10-01,0,1,0,0,0,0,0,0,0,2,Current,33,0,0,Adequate,Diet/Lifestyle,1,Patient Outreach,2,2026-09-30,1,P4,0
2026-10-01,PT-001231,CM-017,Pharmacy,Southeast,Commercial Complex Care,70,Male,Spanish,Phone,1,0,0,0,0,0,0,0,0,1,1.04,Low,0,0,0,0,,6.5,135,1,0,1,0,0,0,0,0,0,1,4,0.63,1,0,No,No,No,No,No,0,2026-09-27,4,0,0,0,0,0,0,1,0,2,Current,7,0,0,Adequate,None,4,Care Gap Closure,0,2026-09-27,1,P4,0
2026-10-01,PT-001232,CM-002,CareMgmt,Southeast,Medicare Advantage,79,Male,English,Phone,1,0,0,0,0,0,1,0,0,2,1.08,High,2,0,0,1,28,7.6,136,1,1,0,0,1,0,1,0,0,0,12,0.8,0,0,Yes,No,No,Yes,Unknown,2,2026-09-10,21,4,0,0,0,1,0,0,0,3,Overdue,230,0,0,Unknown,Discharge Instructions,4,Patient Outreach,7,2026-09-28,1,P2,0
2026-10-01,PT-001233,CM-004,EHR,Mid-Atlantic,Medicare Advantage,63,Female,Spanish,Phone,0,1,0,0,0,0,0,0,0,1,0.62,Low,0,0,0,0,,,150,0,0,0,1,1,0,0,0,0,0,5,0.92,0,0,No,No,No,No,No,0,2026-10-01,0,2,1,0,0,0,0,1,0,3,Overdue,198,0,0,Adequate,Diet/Lifestyle,2,Medication Review,8,2026-09-28,1,P2,0
2026-10-01,PT-001234,CM-011,EHR,Northeast,Commercial Complex Care,47,Female,English,Caregiver,0,0,0,0,0,0,0,0,0,0,0.77,Low,0,0,0,0,,,135,0,0,0,0,0,0,0,0,0,0,1,0.81,0,0,No,No,No,No,No,0,,43,1,1,0,0,0,0,0,0,3,Current,35,0,1,Adequate,Medication,0,Medication Review,2,2026-10-05,0,P2,0
2026-10-01,PT-001235,CM-017,Claims,Southeast,Commercial Complex Care,46,Female,English,Portal,0,0,0,0,0,0,0,0,0,0,0.2,Low,0,0,0,0,,,115,0,0,0,0,0,0,1,0,0,0,3,1.0,0,0,No,No,No,No,Unknown,0,2026-09-16,15,4,0,0,0,0,0,0,0,2,Current,13,0,0,Adequate,None,1,Care Gap Closure,2,2026-09-30,1,P3,0
2026-10-01,PT-001236,CM-013,EHR,Midwest,Medicare Advantage,70,Male,English,Phone,1,0,0,0,0,0,0,0,0,1,1.15,Low,0,0,0,0,,9.0,154,0,0,0,0,0,0,0,0,0,0,8,0.91,0,0,No,No,No,Unknown,No,0,2026-08-27,35,0,1,0,0,0,0,0,0,3,Current,38,0,0,Adequate,None,0,Patient Education,4,2026-09-30,1,P3,1
2026-10-01,PT-001237,CM-001,CareMgmt,Southeast,Medicare Advantage,71,Male,Spanish,Phone,0,0,0,0,1,0,0,0,0,1,1.29,Low,0,1,0,0,,,139,0,0,0,0,0,0,1,0,0,0,5,1.0,0,0,No,No,Unknown,No,Yes,1,2026-08-31,31,0,0,0,0,0,0,0,0,3,Not Started,,0,0,Low,None,1,Medication Review,10,2026-10-02,0,P2,0
2026-10-01,PT-001238,CM-004,Claims,Mid-Atlantic,Dual Eligible,66,Male,Unknown,SMS,0,0,0,0,0,0,0,0,0,0,0.95,Low,0,0,0,0,,,132,0,0,0,0,0,0,1,0,0,0,3,0.89,0,0,No,No,No,No,No,0,2026-09-13,18,0,0,0,1,0,0,0,0,0,Current,75,0,0,Adequate,Medication,1,Care Gap Closure,10,2026-09-29,1,P4,0
2026-10-01,PT-001239,CM-009,HIE,Mid-Atlantic,Medicare Advantage,75,Male,Spanish,SMS,0,0,0,0,0,0,0,0,0,0,1.05,Low,0,0,0,0,,,92,0,0,0,0,0,0,0,0,0,0,0,0.54,0,0,No,No,No,No,No,0,2026-09-01,30,2,1,0,0,0,0,0,0,0,Overdue,153,0,0,Limited,Medication,0,Patient Outreach,2,2026-10-02,0,P4,0
2026-10-01,PT-001240,CM-007,EHR,Midwest,Commercial Complex Care,76,Female,English,SMS,1,1,0,0,1,0,0,0,0,3,1.63,Medium,0,0,0,0,,5.9,153,0,1,1,1,0,0,0,0,0,0,7,0.83,0,0,No,No,Yes,Unknown,No,1,2026-09-14,17,0,0,0,0,0,0,0,0,3,Current,73,0,0,Limited,Diet/Lifestyle,3,Patient Outreach,5,2026-10-06,0,P3,0
2026-10-01,PT-001241,CM-009,Claims,Mid-Atlantic,Dual Eligible,66,Female,English,Portal,0,0,0,0,0,0,0,0,0,0,0.78,Low,1,0,0,0,,,149,0,0,0,0,0,0,1,0,0,1,7,0.74,1,0,No,No,No,No,Yes,1,2026-09-04,27,0,1,0,0,0,0,0,0,2,Current,5,0,0,Low,None,3,Social Resource Referral,8,2026-10-06,0,P2,0
2026-10-01,PT-001242,CM-005,CareMgmt,Southeast,Dual Eligible,75,Female,Spanish,Phone,0,1,0,0,0,0,1,0,0,2,0.69,Medium,0,0,0,0,,,142,0,0,0,1,0,0,0,1,0,0,7,0.72,1,1,No,Yes,No,Yes,No,2,2026-09-06,25,0,0,0,0,0,0,1,0,1,Not Started,,0,0,Low,Medication,3,Patient Outreach,3,2026-10-02,0,P1,0
2026-10-01,PT-001243,CM-011,Pharmacy,Southeast,Medicaid Managed Care,68,Female,Unknown,Portal,0,1,0,0,1,0,0,0,0,2,1.34,Low,0,0,0,0,,,157,0,0,0,1,0,0,0,0,0,0,6,0.85,0,0,No,No,No,No,No,0,2026-09-06,25,1,0,0,0,0,0,0,0,2,Current,76,0,0,Adequate,Medication,1,Patient Outreach,4,2026-10-02,0,P2,0
2026-10-01,PT-001244,CM-005,CareMgmt,Northeast,Medicaid Managed Care,56,Male,Spanish,Phone,0,0,0,0,0,1,1,0,0,2,1.19,Medium,2,0,0,0,,,124,0,0,0,0,0,0,0,0,0,1,6,0.79,1,0,No,No,No,No,Unknown,0,2026-09-28,3,0,0,0,0,0,0,0,1,2,Not Started,,0,0,Limited,Medication,2,Provider Follow-up,6,2026-09-27,1,P3,0
2026-10-01,PT-001245,CM-003,Pharmacy,Northeast,Dual Eligible,72,Female,English,Phone,1,0,0,0,0,0,0,0,0,1,1.03,Low,0,0,0,0,,7.8,121,0,0,0,0,0,0,0,0,1,0,3,0.77,1,0,No,Yes,No,No,No,1,2026-09-02,29,0,0,0,0,0,1,1,0,3,Current,59,0,0,Adequate,Diet/Lifestyle,2,Patient Education,1,2026-09-30,1,P4,0
2026-10-01,PT-001246,CM-003,EHR,Midwest,Medicare Advantage,65,Female,English,Phone,0,0,1,0,0,0,0,0,0,1,1.34,Low,0,0,0,0,,,137,0,0,0,0,0,0,0,0,0,0,6,0.98,0,0,No,No,Unknown,No,No,0,2026-09-21,10,0,0,0,0,0,0,0,0,2,Current,79,0,0,Limited,None,0,Medication Review,0,2026-10-02,0,P3,0
2026-10-01,PT-001247,CM-007,CareMgmt,Mid-Atlantic,Medicare Advantage,83,Male,English,Phone,0,1,0,0,1,0,0,0,0,2,1.07,Medium,0,0,0,0,,,148,0,0,0,1,0,0,0,0,0,0,7,0.8,0,0,Yes,No,No,Yes,No,2,2026-08-15,47,0,1,0,0,0,0,0,0,0,Current,38,0,0,Adequate,Appointment Preparation,1,Patient Education,7,2026-09-28,1,P1,0
2026-10-01,PT-001248,CM-012,Pharmacy,Southeast,Medicaid Managed Care,74,Female,English,Phone,1,0,0,0,0,0,0,0,0,1,1.23,Medium,0,0,0,0,,,139,0,0,0,0,0,0,1,0,0,0,3,0.73,1,0,Yes,Yes,No,Yes,Yes,4,2026-08-11,51,1,0,0,1,0,1,1,0,2,Current,37,0,0,Adequate,None,2,Post-Discharge Follow-up,3,2026-10-04,0,P1,0
2026-10-01,PT-001249,CM-008,EHR,Northeast,Medicare Advantage,75,Female,English,Phone,1,1,0,0,0,0,0,0,0,2,0.78,Medium,0,0,0,0,,6.8,128,0,0,0,0,0,0,0,1,0,1,6,0.96,0,0,Yes,Yes,No,No,No,2,2026-09-13,18,0,0,0,0,0,1,0,0,1,Not Started,,0,0,Adequate,Appointment Preparation,2,Provider Follow-up,0,2026-10-04,0,P2,0
2026-10-01,PT-001250,CM-007,Claims,Northeast,Dual Eligible,70,Female,English,Phone,1,0,0,0,1,0,1,0,0,3,1.8,Medium,0,0,2,0,,7.6,154,0,0,0,0,0,1,0,0,0,1,5,0.86,0,0,Yes,No,No,No,No,1,2026-09-11,20,0,0,0,0,0,0,1,0,2,Current,34,0,0,Limited,None,2,Care Gap Closure,3,2026-10-03,0,P4,0
2026-10-01,PT-001251,CM-011,EHR,Midwest,Dual Eligible,77,Female,Spanish,Phone,0,1,0,0,0,0,0,0,0,1,0.74,Low,0,0,0,0,,,129,0,0,0,0,0,0,0,1,0,0,7,0.76,1,0,No,Yes,No,No,No,1,2026-10-01,0,0,0,0,1,0,0,1,0,1,Current,25,0,0,Adequate,Medication,2,Medication Review,3,2026-10-01,0,P4,0
2026-10-01,PT-001252,CM-006,Claims,Northeast,Medicare Advantage,73,Female,English,Phone,0,1,0,0,0,0,0,0,0,1,0.82,Low,0,0,0,0,,,158,0,0,0,1,0,0,0,0,0,0,6,1.0,0,0,No,Unknown,No,No,No,0,2026-09-11,20,0,1,0,0,0,0,1,1,2,Needs Review,115,0,0,Adequate,Appointment Preparation,1,Patient Education,6,2026-09-27,1,P4,0
2026-10-01,PT-001253,CM-004,Pharmacy,Southeast,Medicare Advantage,79,Male,Spanish,Caregiver,0,1,0,0,0,0,0,0,1,1,1.04,Low,0,0,0,0,,,145,0,0,0,1,0,0,1,0,0,0,6,0.88,0,0,No,No,No,Yes,No,1,2026-08-19,43,0,1,0,1,0,0,0,0,2,Needs Review,145,0,0,Adequate,Discharge Instructions,2,Care Gap Closure,3,2026-10-01,0,P3,0
2026-10-01,PT-001254,CM-003,Pharmacy,Midwest,Medicare Advantage,73,Male,English,Phone,0,1,0,1,0,0,0,0,0,2,1.3,Medium,0,1,0,0,,,160,0,0,0,1,0,0,0,0,0,1,7,0.56,1,0,No,Unknown,Yes,No,Unknown,1,2026-09-10,21,0,0,0,0,0,0,0,0,2,Needs Review,139,2,0,Adequate,COPD,3,Patient Outreach,5,2026-10-05,0,P2,0
2026-10-01,PT-001255,CM-010,CareMgmt,Mid-Atlantic,Commercial Complex Care,36,Female,English,Phone,0,0,0,0,0,0,0,0,0,0,0.8,Low,0,0,0,0,,,142,0,0,0,0,0,0,0,0,0,0,0,1.0,0,0,Unknown,Unknown,Yes,No,No,1,2026-09-19,12,0,0,0,0,0,0,0,0,2,Needs Review,92,0,0,Adequate,COPD,0,Patient Education,4,2026-10-03,0,P4,0
2026-10-01,PT-001256,CM-004,Claims,Northeast,Medicare Advantage,72,Female,English,Phone,0,1,0,0,0,0,0,0,0,1,0.87,Low,0,0,0,0,,,117,0,0,0,0,0,0,0,0,0,0,3,0.92,0,1,No,No,No,No,No,0,2026-09-03,28,0,0,1,0,0,0,0,1,0,Needs Review,115,0,0,Limited,None,0,Medication Review,7,2026-10-01,0,P1,0
2026-10-01,PT-001257,CM-015,CareMgmt,Midwest,Medicare Advantage,68,Female,English,Caregiver,0,0,0,0,1,0,0,0,0,1,1.05,Low,0,0,0,0,,,134,0,0,0,0,0,0,0,0,0,0,7,0.97,0,0,No,No,No,No,No,0,2026-09-26,5,3,0,0,0,0,0,0,0,1,Current,4,0,0,Adequate,Medication,0,Patient Outreach,3,2026-10-06,0,P4,1
2026-10-01,PT-001258,CM-015,CareMgmt,Southwest,Medicare Advantage,63,Male,English,Phone,0,0,0,0,0,0,0,0,0,0,0.73,Low,0,0,0,0,,,139,0,0,0,0,0,0,0,0,0,0,3,0.69,1,0,No,No,No,No,Yes,1,2026-09-19,12,0,0,0,0,0,0,0,0,0,Current,61,0,0,Adequate,Discharge Instructions,1,Social Resource Referral,0,2026-10-01,0,P2,0
2026-10-01,PT-001259,CM-018,EHR,Southwest,Medicaid Managed Care,49,Male,English,Phone,0,0,0,1,0,0,0,0,0,1,0.72,Medium,2,0,0,0,,,110,0,0,0,0,0,0,0,0,0,0,7,0.85,0,0,No,No,Unknown,No,Yes,1,2026-09-20,11,1,0,0,0,0,0,1,0,2,Not Started,,0,0,Low,None,0,Care Plan Update,0,2026-10-05,0,P4,0
2026-10-01,PT-001260,CM-002,CareMgmt,Mid-Atlantic,Dual Eligible,86,Female,English,Phone,0,1,1,0,0,0,0,0,0,2,1.3,Medium,0,0,0,0,,,147,0,0,0,1,0,0,0,0,0,0,4,0.94,0,0,No,Yes,Unknown,Yes,No,2,2026-08-14,48,0,1,0,0,1,1,0,0,2,Needs Review,106,1,0,Adequate,None,1,Social Resource Referral,8,2026-09-30,1,P3,0
2026-10-01,PT-001261,CM-015,CareMgmt,Mid-Atlantic,Medicare Advantage,82,Female,English,Phone,0,0,0,0,0,0,0,0,0,0,0.71,Low,0,0,0,0,,,128,0,0,0,0,1,1,0,0,0,0,2,0.85,0,0,No,Unknown,No,No,No,0,2026-09-30,1,0,0,0,0,0,0,0,0,1,Needs Review,147,0,0,Limited,None,2,Post-Discharge Follow-up,5,2026-09-30,1,P3,0
2026-10-01,PT-001262,CM-011,Pharmacy,Mid-Atlantic,Medicaid Managed Care,43,Male,English,Phone,0,0,0,0,0,1,1,0,0,2,0.95,Low,0,0,0,0,,,112,0,0,0,0,0,0,0,0,0,0,6,0.98,0,0,Yes,No,No,No,No,1,2026-09-13,18,0,0,0,0,0,0,0,0,2,Needs Review,111,0,0,Adequate,Diet/Lifestyle,0,Care Gap Closure,5,2026-10-06,0,P1,0
2026-10-01,PT-001263,CM-002,CareMgmt,Mid-Atlantic,Medicare Advantage,72,Male,English,Phone,0,0,0,0,0,0,0,0,0,0,0.83,Low,0,0,0,0,,,145,0,0,0,0,0,0,0,0,0,1,4,0.64,1,1,No,No,No,No,No,0,2026-09-15,16,0,0,0,0,0,0,0,0,0,Overdue,252,0,0,Limited,Diet/Lifestyle,2,Provider Follow-up,5,2026-09-27,1,P1,0
2026-10-01,PT-001264,CM-010,Claims,Southeast,Dual Eligible,77,Female,English,Portal,0,1,0,0,0,0,0,0,0,1,0.88,Low,0,0,0,0,,,151,0,0,0,1,0,0,0,0,0,0,4,0.82,0,0,Yes,No,No,No,Yes,2,2026-08-10,52,1,0,0,0,0,0,0,0,2,Needs Review,116,0,0,Adequate,Diabetes,1,Patient Outreach,1,2026-10-01,0,P2,0
2026-10-01,PT-001265,CM-018,CareMgmt,Mid-Atlantic,Medicare Advantage,87,Female,Spanish,Portal,1,1,0,0,0,0,0,1,0,3,1.89,Medium,0,0,0,0,,9.3,117,1,0,0,0,0,0,0,0,0,1,7,0.72,1,0,Yes,Unknown,No,No,No,1,2026-09-14,17,0,0,0,0,0,0,1,0,3,Current,33,0,0,Adequate,Appointment Preparation,3,Patient Outreach,0,2026-10-05,0,P2,0
2026-10-01,PT-001266,CM-009,Pharmacy,Mid-Atlantic,Medicaid Managed Care,45,Female,English,Phone,0,1,0,0,0,0,0,0,0,1,0.68,Low,0,0,0,0,,,146,0,0,0,1,0,0,0,1,0,1,5,0.73,1,1,No,No,Unknown,No,No,0,2026-09-16,15,1,0,0,0,0,0,0,1,1,Current,12,1,0,Adequate,CHF,4,Provider Follow-up,0,2026-10-06,0,P2,0
2026-10-01,PT-001267,CM-004,HIE,Mid-Atlantic,Dual Eligible,79,Female,English,Phone,1,0,0,0,0,0,0,0,0,1,0.55,Low,0,0,0,0,,8.1,122,1,0,0,0,0,0,0,0,0,0,4,0.95,0,0,No,Unknown,No,No,No,0,2026-09-02,29,0,1,0,0,0,0,0,0,0,Needs Review,91,0,0,Limited,None,1,Care Plan Update,2,2026-09-27,1,P1,0
2026-10-01,PT-001268,CM-017,CareMgmt,Southwest,Medicaid Managed Care,59,Male,English,Portal,0,0,0,0,0,1,0,0,0,1,0.98,Low,0,0,0,0,,,135,0,0,0,0,0,0,0,0,0,0,8,0.8,0,1,No,No,Unknown,No,Unknown,0,2026-09-05,26,0,0,0,0,0,0,1,0,3,Current,52,0,0,Adequate,Diet/Lifestyle,0,Patient Outreach,0,2026-09-30,1,P3,0
2026-10-01,PT-001269,CM-008,Pharmacy,Mid-Atlantic,Dual Eligible,67,Female,Russian,Phone,1,0,0,0,0,0,1,0,0,2,0.94,Medium,2,0,0,0,,7.9,148,0,1,0,0,0,0,0,0,0,0,8,0.99,0,0,No,No,Yes,No,No,1,2026-08-14,48,0,1,0,0,0,0,1,0,2,Needs Review,128,0,0,Adequate,Medication,1,Patient Outreach,3,2026-10-05,0,P3,0
2026-10-01,PT-001270,CM-016,EHR,Mid-Atlantic,Medicare Advantage,76,Male,English,Phone,1,0,0,0,0,0,1,0,0,2,0.9,Low,0,0,0,0,,7.5,139,1,1,0,0,0,0,0,0,0,0,6,0.66,1,0,No,Unknown,No,No,No,0,2026-09-14,17,0,0,0,0,0,0,0,0,3,Overdue,254,0,1,Adequate,None,3,Patient Outreach,6,2026-09-28,1,P1,0
2026-10-01,PT-001271,CM-006,CareMgmt,Northeast,Medicaid Managed Care,57,Female,Other,Portal,0,0,0,0,0,0,0,0,0,0,0.85,Low,1,0,0,0,,,104,0,0,0,0,0,0,0,1,0,0,5,0.87,0,0,No,Yes,Yes,No,No,2,2026-09-02,29,0,0,0,0,0,1,0,0,0,Current,57,0,0,Low,None,1,Care Gap Closure,0,2026-10-02,0,P3,0
2026-10-01,PT-001272,CM-003,EHR,Northeast,Medicaid Managed Care,54,Female,English,SMS,0,0,0,0,0,0,0,0,0,0,0.41,Low,0,0,0,0,,,136,0,0,0,0,0,0,0,0,0,0,3,0.86,0,0,No,No,Unknown,No,No,0,2026-09-24,7,0,0,0,0,0,0,0,0,0,Current,42,0,0,Low,Appointment Preparation,0,Patient Outreach,0,2026-09-27,1,P3,0
2026-10-01,PT-001273,CM-007,EHR,Northeast,Dual Eligible,78,Female,Chinese,Phone,0,0,1,0,0,0,0,1,0,2,1.63,Medium,2,0,0,0,,,127,0,0,0,0,0,0,0,1,0,0,8,0.76,1,0,No,No,No,Yes,No,1,2026-08-28,34,2,0,0,0,0,0,0,0,3,Overdue,348,1,0,Unknown,CHF,2,Patient Outreach,3,2026-10-05,0,P4,0
2026-10-01,PT-001274,CM-017,EHR,Southeast,Medicare Advantage,63,Male,English,Caregiver,0,0,0,0,0,0,0,0,0,0,0.69,Low,0,0,0,0,,,146,0,0,0,0,0,0,0,0,0,0,3,0.86,0,1,No,No,No,No,No,0,2026-09-20,11,0,1,0,0,0,0,0,0,0,Needs Review,97,0,0,Adequate,Diet/Lifestyle,0,Care Gap Closure,6,2026-10-02,0,P3,0
2026-10-01,PT-001275,CM-004,Claims,Mid-Atlantic,Medicaid Managed Care,40,Female,English,Portal,0,0,0,0,0,0,0,0,0,0,0.38,Low,0,0,0,0,,,123,0,0,0,0,0,0,0,0,0,0,1,0.68,0,0,No,Yes,No,No,No,1,2026-09-27,4,0,1,0,1,0,0,0,0,1,Current,3,0,0,Adequate,None,0,Medication Review,8,2026-09-30,1,P4,0
2026-10-01,PT-001276,CM-007,EHR,Northeast,Commercial Complex Care,40,Female,English,Phone,0,0,0,0,0,0,0,0,0,0,0.93,Low,0,1,0,0,,,129,0,0,0,0,0,0,0,0,0,0,3,0.64,1,1,No,No,No,No,No,0,2026-09-23,8,0,0,0,0,0,0,1,1,0,Current,2,0,0,Limited,None,1,Care Gap Closure,6,2026-09-27,1,P4,0
2026-10-01,PT-001277,CM-005,CareMgmt,Mid-Atlantic,Commercial Complex Care,37,Male,English,SMS,0,0,0,0,0,1,1,0,0,2,1.09,Medium,2,0,0,0,,,116,0,0,0,0,0,0,0,0,0,0,5,0.67,1,0,No,Yes,No,No,No,1,2026-09-12,19,0,0,0,0,0,0,0,0,2,Overdue,304,0,0,Adequate,Discharge Instructions,1,Social Resource Referral,2,2026-09-27,1,P1,0
2026-10-01,PT-001278,CM-015,HIE,Southeast,Medicaid Managed Care,70,Female,English,Caregiver,0,0,0,0,1,0,0,0,0,1,0.93,Low,0,0,0,0,,,130,0,0,0,0,0,0,0,0,0,0,6,1.0,0,1,No,Yes,No,No,No,1,2026-08-18,44,0,1,0,0,0,0,1,0,1,Needs Review,148,1,0,Low,None,0,Care Gap Closure,0,2026-09-28,1,P1,0
2026-10-01,PT-001279,CM-007,CareMgmt,Midwest,Medicaid Managed Care,29,Male,English,Phone,1,0,0,0,0,0,0,1,0,2,1.34,Medium,0,0,0,0,,8.1,114,1,1,0,0,0,0,0,0,0,0,6,0.66,1,0,Yes,No,No,No,No,1,2026-09-06,25,0,0,0,1,0,0,1,1,1,Current,45,0,0,Unknown,COPD,3,Medication Review,14,2026-10-04,0,P3,0
2026-10-01,PT-001280,CM-018,EHR,Mid-Atlantic,Medicaid Managed Care,62,Male,English,Caregiver,0,0,0,0,0,0,0,0,0,0,0.39,Low,0,0,0,0,,,122,0,0,0,0,0,1,0,0,0,0,1,0.93,0,0,No,No,No,Yes,No,1,2026-08-28,34,1,1,0,0,0,0,1,0,1,Overdue,257,1,0,Adequate,Medication,1,Medication Review,2,2026-09-29,1,P4,0
2026-10-01,PT-001281,CM-009,CareMgmt,Midwest,Medicare Advantage,63,Female,English,Portal,0,0,0,0,0,0,0,0,0,0,0.96,Low,0,0,0,0,,,141,0,0,0,0,0,0,1,0,0,0,2,0.71,1,0,No,Unknown,No,No,No,0,2026-09-22,9,1,0,0,1,0,0,0,0,3,Overdue,309,0,0,Limited,Medication,2,Post-Discharge Follow-up,3,2026-09-27,1,P1,0
2026-10-01,PT-001282,CM-004,Claims,Northeast,Dual Eligible,81,Male,Spanish,SMS,1,1,0,0,1,0,0,0,1,3,1.06,Medium,1,0,1,0,,,138,0,1,0,0,0,0,0,0,0,0,9,0.87,0,0,No,No,No,No,No,0,2026-09-17,14,1,0,0,0,0,0,0,0,2,Current,72,0,0,Limited,CHF,1,Patient Outreach,2,2026-10-02,0,P1,0
2026-10-01,PT-001283,CM-012,CareMgmt,Southwest,Medicare Advantage,73,Male,English,Caregiver,0,1,0,1,0,0,1,0,0,3,1.67,Medium,0,0,0,0,,,137,0,0,0,0,0,0,1,0,0,0,7,1.0,0,0,No,No,No,No,No,0,2026-09-22,9,1,0,0,0,0,0,0,0,4,Overdue,234,0,0,Adequate,None,1,Patient Outreach,1,2026-10-01,0,P3,0
2026-10-01,PT-001284,CM-015,CareMgmt,Northeast,Medicare Advantage,81,Female,English,SMS,0,1,1,0,0,0,0,0,0,2,1.32,Medium,0,0,0,0,,,127,0,0,0,0,0,0,0,1,0,0,6,0.71,1,0,No,Unknown,Unknown,No,No,0,2026-09-04,27,1,0,0,0,0,0,1,0,3,Not Started,,0,0,Adequate,Discharge Instructions,2,Social Resource Referral,8,2026-09-28,1,P2,0
2026-10-01,PT-001285,CM-011,Pharmacy,Northeast,Medicare Advantage,67,Female,Other,Phone,0,1,0,0,0,0,0,0,0,1,0.42,Low,0,0,0,0,,,149,0,0,0,1,0,0,1,0,0,0,6,0.71,1,0,No,No,No,No,No,0,2026-09-23,8,5,0,0,0,1,0,0,1,1,Overdue,206,0,1,Adequate,None,3,Patient Outreach,8,2026-10-06,0,P3,0
2026-10-01,PT-001286,CM-010,CareMgmt,Midwest,Commercial Complex Care,33,Male,Other,Phone,0,0,0,0,1,1,0,0,0,2,1.44,Medium,0,0,1,1,24,,137,0,0,0,0,1,1,0,0,0,0,9,0.92,0,0,No,No,No,No,Unknown,0,2026-09-23,8,0,1,0,0,0,0,0,0,2,Needs Review,100,0,0,Adequate,Medication,2,Patient Education,0,2026-10-01,0,P3,0
2026-10-01,PT-001287,CM-013,EHR,Southwest,Medicare Advantage,75,Female,Other,Phone,0,1,0,0,0,0,0,0,0,1,1.22,Low,0,0,0,0,,,147,0,0,0,1,0,0,0,0,0,0,6,0.91,0,0,Yes,Yes,No,No,Yes,3,2026-09-13,18,0,0,0,0,0,1,0,0,5,Not Started,,0,0,Limited,Diet/Lifestyle,1,Care Plan Update,0,2026-10-01,0,P2,0
2026-10-01,PT-001288,CM-013,Claims,Midwest,Commercial Complex Care,58,Male,English,Phone,0,0,0,0,0,0,0,0,0,0,0.66,Low,0,0,0,0,,,129,0,0,0,0,0,1,0,0,0,0,3,0.82,0,1,No,Unknown,No,Unknown,No,0,2026-09-23,8,0,0,1,0,0,0,0,0,0,Current,46,0,1,Low,None,1,Post-Discharge Follow-up,6,2026-10-01,0,P3,0
2026-10-01,PT-001289,CM-012,Claims,Mid-Atlantic,Medicare Advantage,82,Female,English,SMS,0,0,1,0,1,0,0,0,1,2,1.5,High,0,0,3,0,,,142,0,0,0,0,0,0,1,1,0,0,6,0.53,1,0,No,No,No,No,No,0,2026-09-06,25,0,1,0,0,0,0,0,0,2,Overdue,264,0,1,Adequate,CHF,3,Care Plan Update,5,2026-10-04,0,P4,0
2026-10-01,PT-001290,CM-012,Claims,Northeast,Commercial Complex Care,39,Female,English,Phone,0,0,0,0,0,1,0,0,0,1,1.03,Medium,0,0,0,1,6,,121,0,0,0,0,1,1,0,0,1,0,8,0.83,0,0,No,No,No,No,No,0,2026-09-04,27,0,1,0,1,0,0,0,0,1,Needs Review,103,0,0,Adequate,Medication,3,Care Gap Closure,3,2026-09-30,1,P3,0
2026-10-01,PT-001291,CM-007,HIE,Southeast,Commercial Complex Care,45,Male,Unknown,SMS,1,0,0,0,0,0,1,0,0,2,1.28,Medium,0,0,0,0,,8.9,176,0,0,1,0,0,0,0,0,0,0,9,0.77,1,0,Yes,No,No,No,No,1,2026-08-22,40,0,1,0,0,0,0,0,0,3,Current,78,0,0,Adequate,Diet/Lifestyle,2,Patient Outreach,5,2026-10-04,0,P3,0
2026-10-01,PT-001292,CM-005,HIE,Northeast,Medicaid Managed Care,41,Male,English,Phone,0,0,1,0,0,1,0,1,0,3,1.16,High,0,0,0,0,,,130,0,0,0,0,0,0,0,0,0,0,8,0.57,1,1,Yes,No,No,No,Yes,2,2026-08-07,55,0,0,0,0,0,0,1,0,1,Needs Review,142,0,0,Adequate,Medication,1,Patient Outreach,10,2026-10-03,0,P4,0
2026-10-01,PT-001293,CM-012,EHR,Southeast,Medicare Advantage,80,Male,English,SMS,1,1,0,0,1,1,0,0,1,4,1.54,High,0,0,0,0,,10.2,133,1,0,0,0,0,0,1,0,0,1,7,0.56,1,0,No,Yes,No,No,Unknown,1,2026-09-02,29,1,0,0,0,0,1,0,0,4,Current,31,1,1,Limited,Appointment Preparation,4,Social Resource Referral,1,2026-10-01,0,P2,0
2026-10-01,PT-001294,CM-009,CareMgmt,Mid-Atlantic,Medicare Advantage,82,Female,Other,Phone,0,0,1,0,0,0,0,0,0,1,1.3,Medium,0,0,0,0,,,139,0,0,0,0,0,0,0,0,0,1,6,0.69,1,0,Yes,No,No,Yes,No,2,2026-08-29,33,5,0,0,1,0,0,0,0,0,Needs Review,149,0,0,Limited,Appointment Preparation,2,Patient Outreach,8,2026-09-30,1,P4,0
2026-10-01,PT-001295,CM-006,Pharmacy,Southeast,Medicare Advantage,69,Female,Spanish,Portal,0,1,0,0,1,0,0,0,0,2,1.57,High,6,0,0,0,,,163,0,0,0,1,0,0,1,0,0,0,7,0.69,1,0,No,No,No,No,Yes,1,2026-09-19,12,0,0,0,0,0,0,0,1,0,Current,2,0,0,Limited,Discharge Instructions,3,Social Resource Referral,7,2026-09-28,1,P3,0
2026-10-01,PT-001296,CM-013,EHR,Southwest,Medicare Advantage,70,Male,Unknown,Portal,1,0,0,0,0,0,0,0,0,1,0.45,Low,0,0,0,0,,6.2,126,0,0,0,0,0,0,0,0,0,1,2,0.86,0,0,No,No,No,No,Yes,1,2026-09-14,17,0,0,1,0,0,0,0,0,0,Current,35,0,0,Limited,None,1,Care Plan Update,0,2026-10-03,0,P3,0
2026-10-01,PT-001297,CM-007,Claims,Midwest,Medicare Advantage,72,Female,English,Phone,0,1,0,0,0,0,0,0,0,1,1.03,Low,0,0,0,0,,,160,0,0,0,1,0,0,1,0,0,0,3,0.97,0,0,No,Unknown,No,Unknown,No,0,2026-09-06,25,0,0,0,0,0,0,0,0,2,Current,41,0,0,Adequate,Medication,2,Care Gap Closure,4,2026-09-27,1,P3,0
2026-10-01,PT-001298,CM-002,CareMgmt,Midwest,Medicare Advantage,78,Male,Chinese,Phone,0,0,0,0,1,0,0,0,0,1,1.39,Low,0,0,0,0,,,138,0,0,0,0,0,0,0,1,0,0,3,0.86,0,0,No,No,No,No,Unknown,0,2026-09-09,22,1,0,0,0,0,0,0,0,2,Needs Review,112,0,0,Adequate,Diet/Lifestyle,1,Patient Outreach,8,2026-09-27,1,P4,0
2026-10-01,PT-001299,CM-014,CareMgmt,Northeast,Medicare Advantage,94,Male,English,Phone,0,1,0,0,1,0,0,0,1,2,0.95,Medium,0,0,0,0,,,143,0,0,0,1,0,0,0,0,0,0,2,0.82,0,0,No,No,Yes,No,No,1,2026-09-03,28,0,0,0,0,1,0,0,0,1,Current,20,2,0,Limited,Diet/Lifestyle,1,Patient Outreach,7,2026-09-28,1,P2,0
2026-10-01,PT-001300,CM-007,CareMgmt,Midwest,Medicare Advantage,79,Male,Spanish,SMS,0,0,0,1,0,0,0,0,0,1,1.15,Low,0,0,0,0,,,128,0,0,0,0,0,0,0,0,0,0,7,0.84,0,0,Yes,No,No,Unknown,Yes,2,2026-09-02,29,1,0,0,0,0,0,0,0,2,Overdue,309,0,0,Adequate,Discharge Instructions,0,Medication Review,0,2026-10-06,0,P3,0
2026-10-01,PT-001301,CM-005,CareMgmt,Midwest,Medicare Advantage,70,Female,English,SMS,1,1,0,0,1,0,0,0,0,3,1.91,Medium,0,0,1,0,,6.4,154,1,0,0,1,0,0,1,0,0,0,3,0.88,0,0,No,No,No,Yes,No,1,2026-08-31,31,0,0,0,0,0,0,0,0,2,Current,30,0,0,Adequate,Diabetes,3,Provider Follow-up,1,2026-10-01,0,P4,0
2026-10-01,PT-001302,CM-008,EHR,Mid-Atlantic,Dual Eligible,66,Male,English,Portal,0,1,0,0,0,0,0,0,0,1,1.49,Low,0,0,0,0,,,152,0,0,0,1,0,0,0,0,0,0,5,0.76,1,0,No,Yes,No,Yes,No,2,2026-09-20,11,1,0,0,0,0,1,0,0,1,Overdue,338,0,0,Adequate,Medication,2,Medication Review,7,2026-09-28,1,P1,0
2026-10-01,PT-001303,CM-004,CareMgmt,Northeast,Medicaid Managed Care,45,Female,English,Phone,0,1,0,0,0,0,0,0,0,1,1.06,Low,0,0,0,0,,,156,0,0,0,1,0,0,0,0,0,0,3,0.89,0,1,No,No,No,No,No,0,2026-09-16,15,2,0,0,0,0,0,1,0,1,Overdue,239,1,0,Unknown,None,1,Provider Follow-up,3,2026-10-01,0,P2,0
2026-10-01,PT-001304,CM-010,EHR,Mid-Atlantic,Medicare Advantage,81,Female,English,Phone,0,1,0,0,1,0,0,0,0,2,1.14,Low,0,0,0,0,,,141,0,0,0,1,0,0,0,0,0,1,7,0.8,0,0,No,No,No,No,No,0,2026-10-01,0,2,0,0,0,0,0,1,0,0,Overdue,280,0,1,Limited,Appointment Preparation,2,Provider Follow-up,0,2026-09-30,1,P2,0
2026-10-01,PT-001305,CM-016,CareMgmt,Mid-Atlantic,Medicare Advantage,77,Female,English,Portal,0,1,0,0,0,0,0,0,0,1,0.88,Low,1,3,0,0,,,155,0,0,0,1,0,0,0,0,0,0,2,0.82,0,0,No,No,Unknown,No,No,0,2026-09-18,13,1,1,0,0,0,0,0,0,1,Needs Review,126,0,0,Limited,None,1,Patient Education,4,2026-10-04,0,P2,0
2026-10-01,PT-001306,CM-018,CareMgmt,Southeast,Medicare Advantage,86,Male,English,Caregiver,1,1,0,0,1,1,0,0,0,4,1.64,Medium,0,0,0,0,,6.1,163,0,0,0,1,0,0,0,0,0,0,10,1.0,0,0,Yes,No,No,No,Yes,2,2026-08-18,44,3,0,0,1,0,0,1,0,1,Current,68,0,0,Adequate,Diet/Lifestyle,1,Social Resource Referral,9,2026-10-04,0,P2,0
2026-10-01,PT-001307,CM-004,HIE,Mid-Atlantic,Commercial Complex Care,71,Male,Chinese,Phone,0,1,1,0,0,1,1,0,0,4,1.85,High,0,0,5,0,,,148,0,0,0,1,0,0,0,0,0,1,11,0.73,1,0,No,No,No,Yes,Yes,2,2026-08-19,43,0,1,0,1,0,0,0,0,3,Needs Review,98,0,1,Adequate,None,3,Provider Follow-up,3,2026-09-28,1,P2,0
2026-10-01,PT-001308,CM-009,EHR,Southeast,Medicaid Managed Care,62,Female,English,Portal,0,0,0,0,0,1,0,0,0,1,1.13,Low,1,0,0,0,,,123,0,0,0,0,0,0,0,0,0,0,5,0.74,1,0,No,No,Yes,No,No,1,2026-09-02,29,0,0,0,0,0,0,0,0,1,Current,44,0,0,Adequate,Appointment Preparation,1,Social Resource Referral,2,2026-09-27,1,P4,0
2026-10-01,PT-001309,CM-012,Claims,Southeast,Dual Eligible,72,Female,English,Portal,0,0,0,0,0,1,0,0,0,1,0.51,Low,0,0,0,0,,,150,0,0,0,0,0,0,0,0,0,0,5,0.88,0,0,No,No,Yes,No,Yes,2,2026-09-03,28,0,0,0,0,0,0,1,0,2,Overdue,352,0,0,Adequate,Diabetes,0,Patient Outreach,0,2026-10-03,0,P3,0
2026-10-01,PT-001310,CM-013,EHR,Southeast,Dual Eligible,85,Female,English,Portal,0,1,0,0,0,0,1,0,0,2,1.06,Low,0,0,0,0,,,123,0,0,0,0,0,0,0,0,0,1,6,0.83,0,0,No,No,No,No,No,0,2026-08-29,33,0,1,0,0,0,0,0,0,2,Current,61,0,0,Adequate,None,1,Patient Outreach,4,2026-10-06,0,P3,0
2026-10-01,PT-001311,CM-001,CareMgmt,Mid-Atlantic,Dual Eligible,76,Female,English,Portal,1,1,0,1,1,0,0,0,0,4,2.07,High,0,0,0,0,,,152,1,0,0,1,0,0,1,0,0,0,11,0.79,1,1,No,No,No,No,Yes,1,2026-09-11,20,0,0,0,0,0,0,1,0,3,Overdue,221,0,0,Limited,Medication,4,Care Gap Closure,1,2026-09-27,1,P4,0
2026-10-01,PT-001312,CM-004,CareMgmt,Midwest,Medicaid Managed Care,47,Female,English,Phone,0,1,0,0,0,0,0,0,0,1,0.91,Low,0,0,0,0,,,131,0,0,0,0,0,0,1,1,0,0,5,0.73,1,0,No,No,No,No,No,0,2026-09-20,11,0,1,0,0,0,0,0,0,1,Overdue,261,0,0,Adequate,Medication,3,Provider Follow-up,0,2026-10-06,0,P4,0
2026-10-01,PT-001313,CM-008,Pharmacy,Mid-Atlantic,Medicare Advantage,78,Male,English,Portal,1,0,0,0,0,0,0,0,0,1,0.83,Low,1,0,0,0,,7.8,114,1,0,1,0,0,0,0,0,0,0,6,0.68,1,1,Unknown,No,No,Yes,No,1,2026-08-23,39,2,0,0,0,0,0,1,0,1,Needs Review,103,0,0,Limited,None,3,Care Plan Update,1,2026-09-30,1,P3,0
2026-10-01,PT-001314,CM-001,EHR,Mid-Atlantic,Medicare Advantage,73,Female,English,Phone,0,0,0,1,0,0,0,0,0,1,0.74,Low,0,0,0,0,,,104,0,0,0,0,0,0,0,0,0,0,6,0.89,0,1,No,Yes,No,No,No,1,2026-08-30,32,0,1,0,0,0,1,0,0,0,Current,13,0,0,Limited,COPD,0,Care Plan Update,2,2026-09-27,1,P2,0
2026-10-01,PT-001315,CM-012,CareMgmt,Southeast,Medicare Advantage,74,Male,English,SMS,0,0,1,0,0,0,0,0,0,1,1.29,Medium,0,0,0,0,,,152,0,0,0,0,1,0,0,0,0,0,2,0.72,1,1,No,No,No,No,No,0,2026-09-15,16,0,0,0,0,0,0,1,0,0,Current,17,0,0,Adequate,None,2,Care Gap Closure,1,2026-09-30,1,P3,0
2026-10-01,PT-001316,CM-004,CareMgmt,Mid-Atlantic,Medicaid Managed Care,48,Female,English,Portal,0,1,0,0,0,0,0,0,0,1,0.99,Low,0,0,0,0,,,139,0,0,0,0,0,0,0,0,0,0,7,0.68,1,0,No,No,No,No,Yes,1,2026-09-15,16,0,0,0,1,0,0,0,0,0,Current,24,0,0,Adequate,None,1,Provider Follow-up,0,2026-10-06,0,P3,0
2026-10-01,PT-001317,CM-012,Pharmacy,Southwest,Medicaid Managed Care,53,Male,English,Phone,1,0,0,0,0,0,0,0,0,1,1.12,Low,0,0,0,0,,8.2,110,0,1,0,0,0,1,0,0,0,0,6,0.78,1,1,No,No,No,No,No,0,2026-10-01,0,0,1,0,0,0,0,0,0,3,Needs Review,129,0,0,Adequate,Medication,3,Patient Outreach,0,2026-09-28,1,P4,0
2026-10-01,PT-001318,CM-017,EHR,Southeast,Medicare Advantage,72,Male,English,Phone,0,0,0,0,0,0,0,0,0,0,0.78,Low,0,0,0,0,,,123,0,0,0,0,0,0,1,0,0,0,6,0.94,0,0,No,No,No,No,No,0,2026-10-01,0,0,0,0,0,0,0,0,0,1,Current,61,0,0,Adequate,None,1,Care Gap Closure,6,2026-09-27,1,P1,0
2026-10-01,PT-001319,CM-006,Claims,Northeast,Medicare Advantage,83,Male,Spanish,SMS,0,0,0,0,0,0,0,0,1,0,0.56,Low,0,0,0,0,,,128,0,0,0,0,0,0,0,0,0,0,4,0.74,1,0,No,No,No,No,No,0,2026-09-05,26,0,0,1,0,0,0,0,0,0,Current,42,0,0,Adequate,Medication,1,Patient Outreach,0,2026-10-02,0,P4,0
2026-10-01,PT-001320,CM-005,EHR,Mid-Atlantic,Medicare Advantage,59,Female,English,Phone,1,1,0,0,0,0,0,0,0,2,1.14,Low,0,0,1,0,,9.4,131,0,0,1,0,0,0,0,0,0,0,7,0.92,0,0,No,Yes,No,No,No,1,2026-09-18,13,0,1,0,0,0,1,0,0,0,Needs Review,122,0,0,Unknown,None,1,Patient Outreach,2,2026-09-30,1,P2,0
2026-10-01,PT-001321,CM-015,CareMgmt,Northeast,Dual Eligible,84,Female,English,Phone,0,1,0,1,0,1,0,0,0,3,1.51,Medium,1,0,0,0,,,133,0,0,0,0,1,0,0,1,0,0,11,0.82,0,0,No,No,No,No,No,0,2026-09-05,26,0,0,0,0,0,0,0,0,2,Current,43,0,0,Limited,Medication,2,Patient Outreach,5,2026-10-01,0,P3,0
2026-10-01,PT-001322,CM-015,Pharmacy,Mid-Atlantic,Medicare Advantage,55,Female,English,SMS,0,0,0,0,0,0,0,1,0,1,0.99,Medium,1,0,0,1,11,,116,0,0,0,0,1,1,0,0,0,0,10,0.85,0,0,Yes,No,Unknown,No,No,1,2026-08-23,39,2,0,0,1,1,0,1,1,1,Overdue,255,0,0,Low,Diet/Lifestyle,2,Patient Outreach,2,2026-10-06,0,P4,0
2026-10-01,PT-001323,CM-018,EHR,Southeast,Commercial Complex Care,52,Female,Chinese,Phone,0,0,0,0,0,0,0,0,0,0,0.76,Low,0,0,0,1,6,,160,0,0,0,0,0,0,0,0,0,0,6,0.92,0,0,Yes,No,No,No,No,1,2026-08-24,38,1,1,0,0,0,0,1,0,0,Overdue,247,0,0,Adequate,Diet/Lifestyle,0,Care Plan Update,0,2026-10-02,0,P4,0
2026-10-01,PT-001324,CM-003,CareMgmt,Southwest,Dual Eligible,59,Male,English,Phone,0,1,0,0,0,0,0,0,0,1,0.95,Low,0,0,0,0,,,154,0,0,0,1,0,0,0,0,0,0,3,1.0,0,0,Yes,No,No,No,Yes,2,2026-09-12,19,0,0,0,1,0,0,0,0,1,Current,70,1,0,Adequate,None,1,Patient Outreach,6,2026-10-01,0,P2,0
2026-10-01,PT-001325,CM-010,Claims,Mid-Atlantic,Medicaid Managed Care,52,Female,Bengali,Phone,1,0,0,0,0,0,0,0,0,1,1.02,Low,1,0,0,0,,,134,0,1,0,0,0,0,0,0,0,0,7,0.93,0,0,No,Yes,No,No,No,1,2026-08-30,32,0,1,0,1,0,1,0,0,0,Current,64,1,0,Unknown,None,1,Provider Follow-up,9,2026-10-03,0,P2,0
2026-10-01,PT-001326,CM-013,CareMgmt,Southeast,Medicaid Managed Care,54,Female,Bengali,Phone,0,0,0,0,0,0,0,0,0,0,0.92,Low,0,0,0,0,,,155,0,0,0,0,0,0,0,0,0,0,1,0.85,0,0,Yes,No,Yes,No,Unknown,2,2026-08-10,52,3,0,0,0,0,0,1,0,2,Current,41,0,0,Adequate,Medication,0,Patient Outreach,8,2026-09-29,1,P4,0
2026-10-01,PT-001327,CM-001,CareMgmt,Southeast,Medicare Advantage,77,Male,English,SMS,0,1,0,1,1,0,0,0,0,3,0.78,Medium,0,0,0,0,,,138,0,0,0,0,0,0,1,1,0,0,7,1.0,0,0,No,No,No,No,No,0,2026-10-01,0,1,0,0,0,0,0,0,0,3,Current,80,2,0,Adequate,Discharge Instructions,2,Patient Outreach,0,2026-09-29,1,P4,0
2026-10-01,PT-001328,CM-007,CareMgmt,Southeast,Medicare Advantage,69,Female,English,Caregiver,0,0,0,0,0,0,0,0,0,0,0.77,Low,0,0,0,0,,,137,0,0,0,0,0,0,0,0,0,0,3,0.98,0,0,No,Unknown,No,No,No,0,2026-09-10,21,3,0,0,0,0,0,0,0,0,Current,88,0,0,Adequate,CHF,0,Social Resource Referral,8,2026-09-29,1,P3,0
2026-10-01,PT-001329,CM-010,CareMgmt,Mid-Atlantic,Medicare Advantage,87,Female,English,Phone,0,0,0,1,0,0,0,0,0,1,1.01,Low,0,0,0,0,,,128,0,0,0,0,1,0,1,0,0,0,2,0.83,0,0,No,No,No,No,Unknown,0,2026-08-24,38,6,1,0,0,0,0,0,0,3,Current,49,0,0,Adequate,None,2,Post-Discharge Follow-up,6,2026-10-06,0,P2,0
2026-10-01,PT-001330,CM-005,Claims,Northeast,Medicare Advantage,80,Male,English,Phone,0,1,1,0,0,0,0,0,0,2,1.62,Medium,0,0,0,0,,,115,0,0,0,0,0,0,0,0,0,0,7,0.94,0,0,No,No,Unknown,Yes,No,1,2026-08-14,48,0,1,0,1,0,0,0,0,1,Current,25,0,0,Low,Diet/Lifestyle,0,Care Gap Closure,4,2026-09-27,1,P3,0
2026-10-01,PT-001331,CM-002,CareMgmt,Southwest,Commercial Complex Care,53,Female,English,Phone,0,1,0,0,0,0,0,0,0,1,0.54,Low,0,0,0,0,,,127,0,0,0,0,0,0,0,0,0,0,3,1.0,0,0,No,No,No,No,No,0,2026-09-17,14,0,1,0,0,0,0,0,0,1,Not Started,,0,0,Limited,None,0,Medication Review,2,2026-10-05,0,P4,0
2026-10-01,PT-001332,CM-002,Claims,Mid-Atlantic,Medicare Advantage,66,Female,English,Portal,0,0,0,0,0,0,0,0,0,0,0.62,Low,1,0,0,0,,,161,0,0,0,0,0,0,0,0,0,0,5,1.0,0,1,No,Unknown,No,No,No,0,2026-09-08,23,0,1,0,0,0,0,0,0,1,Not Started,,0,1,Adequate,Appointment Preparation,0,Social Resource Referral,10,2026-10-01,0,P1,0
2026-10-01,PT-001333,CM-005,CareMgmt,Southwest,Medicare Advantage,55,Female,English,SMS,0,0,0,0,0,0,0,0,0,0,0.79,Low,0,0,0,0,,,135,0,0,0,0,0,0,0,0,0,0,1,0.81,0,1,Unknown,No,Yes,No,No,1,2026-09-14,17,0,1,0,0,0,0,0,0,1,Current,57,0,0,Adequate,Discharge Instructions,0,Patient Outreach,0,2026-09-27,1,P4,0
2026-10-01,PT-001334,CM-013,CareMgmt,Northeast,Medicare Advantage,56,Male,English,SMS,0,0,0,0,0,0,0,0,0,0,0.92,Low,0,0,0,0,,,127,0,0,0,0,0,0,0,0,0,0,4,1.0,0,0,No,No,No,No,No,0,2026-10-01,0,4,1,0,0,0,0,0,0,0,Needs Review,103,0,0,Adequate,Appointment Preparation,0,Medication Review,7,2026-10-03,0,P3,0
2026-10-01,PT-001335,CM-013,CareMgmt,Northeast,Medicare Advantage,64,Male,Other,SMS,1,0,0,0,1,0,0,0,0,2,0.97,Medium,0,0,0,0,,7.6,133,0,0,0,0,0,0,1,0,0,0,8,0.77,1,0,No,Yes,Unknown,No,No,1,2026-08-19,43,0,1,0,0,0,0,0,0,4,Needs Review,141,0,0,Adequate,Medication,2,Patient Outreach,5,2026-10-01,0,P3,0
2026-10-01,PT-001336,CM-002,Claims,Mid-Atlantic,Medicaid Managed Care,46,Female,English,Phone,1,1,0,0,0,0,0,0,0,2,0.98,Low,0,0,0,0,,6.6,127,0,0,0,0,0,0,0,0,0,0,8,0.91,0,1,Yes,No,No,No,No,1,2026-09-09,22,0,0,0,0,0,0,0,0,1,Needs Review,135,0,1,Limited,Medication,0,Care Gap Closure,0,2026-09-30,1,P4,0
2026-10-01,PT-001337,CM-008,CareMgmt,Northeast,Commercial Complex Care,39,Male,English,Caregiver,0,0,0,0,0,0,0,0,0,0,0.52,Low,0,0,0,0,,,114,0,0,0,0,0,0,0,0,0,0,4,0.72,1,1,Yes,No,No,No,No,1,2026-09-07,24,0,0,0,1,0,0,0,0,0,Overdue,355,0,0,Limited,Medication,1,Social Resource Referral,0,2026-10-01,0,P2,0
2026-10-01,PT-001338,CM-004,CareMgmt,Mid-Atlantic,Medicare Advantage,75,Male,English,SMS,0,0,0,0,0,0,0,0,0,0,0.77,Low,0,0,0,0,,,129,0,0,0,0,0,0,0,0,0,0,5,0.69,1,0,No,No,No,No,No,0,2026-09-15,16,1,1,1,0,0,0,0,0,1,Needs Review,140,0,0,Low,Medication,1,Patient Outreach,2,2026-09-27,1,P4,0
2026-10-01,PT-001339,CM-012,Claims,Midwest,Medicaid Managed Care,58,Male,English,Portal,0,0,0,0,0,0,0,0,0,0,1.12,Low,0,0,0,0,,,131,0,0,0,0,0,0,0,0,0,0,2,0.76,1,0,No,Unknown,Yes,No,No,1,2026-09-03,28,2,0,0,0,1,0,0,0,0,Needs Review,99,2,0,Adequate,Diet/Lifestyle,1,Care Plan Update,8,2026-10-01,0,P3,0
2026-10-01,PT-001340,CM-005,EHR,Mid-Atlantic,Medicare Advantage,83,Male,English,Phone,1,1,0,0,0,0,0,0,0,2,0.92,Low,0,0,1,0,,6.8,98,1,1,0,0,0,0,0,0,0,1,11,0.93,0,0,No,Yes,No,No,Unknown,1,2026-09-12,19,1,0,0,1,0,1,1,0,1,Current,9,0,0,Low,None,3,Patient Outreach,0,2026-09-27,1,P3,0
2026-10-01,PT-001341,CM-018,EHR,Mid-Atlantic,Medicare Advantage,63,Female,English,Phone,0,1,0,0,0,0,0,0,0,1,0.57,Low,0,0,0,0,,,137,0,0,0,0,0,0,0,0,0,0,8,0.95,0,1,No,No,No,No,No,0,2026-09-15,16,0,0,0,0,1,0,0,0,2,Current,35,0,0,Adequate,Medication,0,Patient Outreach,0,2026-09-28,1,P3,0
2026-10-01,PT-001342,CM-015,Pharmacy,Midwest,Medicare Advantage,74,Male,English,Phone,0,0,0,0,0,0,0,0,0,0,1.13,Low,0,0,0,0,,,112,0,0,0,0,0,0,0,0,0,0,4,0.78,1,0,Yes,No,No,No,No,1,2026-09-16,15,2,1,0,0,0,0,1,0,1,Current,84,0,0,Adequate,Medication,1,Provider Follow-up,0,2026-10-04,0,P3,0
2026-10-01,PT-001343,CM-014,Pharmacy,Northeast,Medicaid Managed Care,63,Female,English,Phone,0,0,0,0,0,1,0,0,0,1,0.75,Low,0,0,0,0,,,132,0,0,0,0,0,0,0,0,0,0,7,0.58,1,0,Yes,No,No,No,Yes,2,2026-09-03,28,0,1,0,0,0,0,0,0,1,Current,2,0,0,Adequate,Discharge Instructions,1,Social Resource Referral,0,2026-10-01,0,P4,0
2026-10-01,PT-001344,CM-006,EHR,Southwest,Commercial Complex Care,52,Female,English,Portal,0,1,1,0,0,0,0,0,0,2,1.28,Medium,0,0,0,0,,,133,0,0,0,0,1,0,0,0,0,0,8,0.87,0,0,Yes,No,No,Unknown,No,1,2026-08-14,48,0,0,0,0,0,0,0,0,1,Current,68,0,0,Adequate,Discharge Instructions,1,Care Plan Update,1,2026-09-29,1,P2,0
2026-10-01,PT-001345,CM-013,Claims,Midwest,Medicare Advantage,86,Female,English,SMS,0,1,1,0,1,0,0,0,1,3,1.62,High,2,0,1,0,,,143,0,0,0,1,0,0,0,0,0,0,5,0.95,0,0,Yes,No,No,No,No,1,2026-08-30,32,2,0,0,1,0,0,0,0,1,Current,50,0,0,Adequate,Appointment Preparation,1,Post-Discharge Follow-up,3,2026-10-01,0,P4,0
2026-10-01,PT-001346,CM-012,EHR,Northeast,Medicaid Managed Care,36,Female,English,SMS,0,1,0,0,0,0,0,0,0,1,1.03,Low,0,0,0,0,,,131,0,0,0,0,0,0,0,0,0,0,5,0.85,0,0,No,No,No,No,No,0,2026-09-17,14,0,1,0,0,0,0,1,0,1,Not Started,,0,1,Adequate,Diabetes,0,Care Plan Update,6,2026-10-03,0,P4,0
2026-10-01,PT-001347,CM-003,HIE,Midwest,Dual Eligible,87,Female,English,Portal,0,1,1,0,0,0,0,0,0,2,1.34,Medium,3,0,0,0,,,135,0,0,0,0,0,0,0,0,0,0,9,0.79,1,0,No,No,No,Yes,No,1,,0,0,0,0,0,0,0,0,0,2,Not Started,,0,0,Adequate,Diet/Lifestyle,1,Care Plan Update,5,2026-09-27,1,P3,0
2026-10-01,PT-001348,CM-013,EHR,Southwest,Medicare Advantage,85,Male,Spanish,Caregiver,0,1,0,1,0,0,0,0,0,2,1.02,Low,0,0,0,0,,,123,0,0,0,0,0,0,0,0,0,0,5,0.82,0,0,No,No,No,No,No,0,2026-10-01,0,0,1,0,1,0,0,0,0,1,Needs Review,138,0,0,Unknown,Appointment Preparation,0,Care Plan Update,1,2026-09-27,1,P4,0
2026-10-01,PT-001349,CM-007,EHR,Southeast,Dual Eligible,60,Male,English,Portal,0,1,0,0,0,0,0,0,0,1,1.03,Low,0,0,0,0,,,149,0,0,0,1,1,0,0,0,0,0,3,0.89,0,0,No,No,No,No,No,0,2026-08-20,42,1,1,0,1,0,0,0,1,0,Needs Review,116,0,0,Limited,None,2,Care Plan Update,0,2026-10-02,0,P3,0
2026-10-01,PT-001350,CM-008,EHR,Southeast,Medicare Advantage,73,Male,English,Phone,0,0,0,0,0,0,0,0,0,0,0.52,Low,0,0,0,0,,,123,0,0,0,0,0,0,0,0,0,0,3,0.85,0,0,No,No,No,Yes,No,1,2026-09-15,16,1,1,0,0,0,0,0,0,0,Needs Review,133,0,0,Adequate,CHF,0,Care Gap Closure,0,2026-09-28,1,P4,0
2026-10-01,PT-001351,CM-001,EHR,Mid-Atlantic,Medicare Advantage,95,Female,English,Phone,0,0,1,0,0,0,0,0,0,1,1.07,Medium,0,0,0,0,,,132,0,0,0,0,1,0,1,0,0,0,5,0.78,1,1,No,No,No,Unknown,No,0,2026-08-27,35,0,1,0,0,0,0,0,0,2,Needs Review,105,0,0,Limited,COPD,3,Patient Outreach,6,2026-10-05,0,P3,0
2026-10-01,PT-001352,CM-004,HIE,Northeast,Medicare Advantage,80,Male,English,SMS,0,0,0,1,0,0,0,0,0,1,1.05,Low,0,0,0,0,,,136,0,0,0,0,0,0,0,0,0,0,5,1.0,0,0,No,No,No,No,No,0,2026-09-14,17,0,0,0,0,0,0,0,0,1,Current,60,0,0,Unknown,Medication,0,Provider Follow-up,5,2026-09-29,1,P2,0
2026-10-01,PT-001353,CM-003,EHR,Southwest,Commercial Complex Care,55,Male,English,Caregiver,1,0,0,0,0,0,0,0,0,1,1.39,Low,0,0,0,0,,6.9,118,0,1,0,0,0,0,0,0,0,0,11,0.71,1,0,No,Yes,No,No,Yes,2,2026-08-18,44,0,0,0,0,0,0,0,0,0,Needs Review,145,0,0,Adequate,None,2,Patient Outreach,7,2026-09-30,1,P4,0
2026-10-01,PT-001354,CM-003,Claims,Northeast,Medicare Advantage,76,Female,Spanish,Phone,0,1,0,1,0,0,0,0,0,2,0.62,Medium,0,0,0,0,,,135,0,0,0,0,0,0,0,1,0,0,10,0.95,0,0,No,No,No,Yes,No,1,2026-08-28,34,1,0,0,1,0,0,0,0,1,Current,24,0,0,Adequate,None,1,Medication Review,6,2026-09-27,1,P2,0
2026-10-01,PT-001355,CM-008,Claims,Mid-Atlantic,Medicaid Managed Care,41,Female,English,SMS,1,0,0,0,0,1,0,0,0,2,0.91,Medium,1,0,0,0,,8.7,123,1,0,0,0,0,0,0,0,0,0,5,0.71,1,0,Yes,Yes,No,No,Unknown,2,2026-09-19,12,0,0,0,0,0,1,1,0,0,Current,75,0,1,Low,Appointment Preparation,2,Medication Review,0,2026-10-04,0,P3,0
2026-10-01,PT-001356,CM-015,Claims,Northeast,Commercial Complex Care,52,Female,English,SMS,0,1,0,0,0,1,0,0,0,2,1.62,Medium,0,0,0,0,,,154,0,0,0,1,0,0,0,1,1,1,5,0.73,1,0,No,Yes,No,No,Yes,2,2026-08-04,58,1,0,0,0,0,1,0,0,3,Needs Review,140,0,0,Adequate,Medication,5,Social Resource Referral,0,2026-09-27,1,P3,0
2026-10-01,PT-001357,CM-006,Claims,Midwest,Medicare Advantage,63,Male,English,Phone,0,0,0,1,0,0,0,0,0,1,0.86,Low,0,0,0,0,,,109,0,0,0,0,0,0,0,0,0,0,5,0.9,0,0,No,No,Unknown,No,No,0,2026-08-26,36,1,0,1,0,0,0,0,1,1,Current,15,0,0,Adequate,Appointment Preparation,0,Patient Outreach,0,2026-09-27,1,P3,0
2026-10-01,PT-001358,CM-005,HIE,Northeast,Medicare Advantage,76,Male,English,Phone,1,1,0,1,0,0,0,0,0,3,1.35,High,0,0,0,0,,,116,0,1,0,0,0,0,1,0,0,1,8,0.76,1,0,No,No,No,Yes,Yes,2,2026-08-18,44,0,0,0,0,0,0,0,0,2,Overdue,222,0,0,Adequate,Discharge Instructions,4,Care Gap Closure,2,2026-09-28,1,P2,0
2026-10-01,PT-001359,CM-009,HIE,Northeast,Medicare Advantage,66,Male,Spanish,Phone,0,0,0,0,0,0,0,0,0,0,0.85,Low,0,0,0,0,,,130,0,0,0,0,1,0,1,0,0,0,3,0.88,0,0,Yes,No,No,No,No,1,2026-09-23,8,0,0,0,1,0,0,0,0,0,Needs Review,122,0,0,Limited,Diabetes,2,Patient Outreach,2,2026-09-28,1,P3,1
2026-10-01,PT-001360,CM-012,HIE,Midwest,Medicare Advantage,79,Female,English,SMS,0,0,0,0,0,0,0,0,0,0,1.02,Low,0,0,0,0,,,148,0,0,0,0,0,0,1,0,0,0,4,0.81,0,0,No,No,No,No,Unknown,0,2026-08-24,38,0,0,0,1,0,0,0,0,0,Needs Review,123,1,0,Limited,Appointment Preparation,1,Provider Follow-up,4,2026-09-30,1,P3,0
2026-10-01,PT-001361,CM-003,Claims,Midwest,Medicare Advantage,69,Female,English,SMS,0,0,0,0,1,0,0,0,1,1,1.17,Medium,1,0,0,0,,,90,0,0,0,0,0,0,0,0,0,0,4,0.96,0,0,Yes,No,No,No,No,1,2026-09-09,22,0,0,0,1,0,0,0,0,1,Current,78,0,0,Adequate,Appointment Preparation,0,Patient Education,3,2026-09-28,1,P3,0
2026-10-01,PT-001362,CM-009,CareMgmt,Southwest,Medicare Advantage,69,Female,Russian,SMS,1,0,1,1,0,0,0,0,0,3,1.29,Medium,0,0,0,0,,7.2,139,0,0,0,0,0,0,1,0,0,0,8,0.88,0,0,No,No,No,No,No,0,2026-09-27,4,1,1,1,0,0,0,1,0,1,Needs Review,115,0,0,Adequate,CHF,1,Patient Outreach,8,2026-09-28,1,P4,0
2026-10-01,PT-001363,CM-006,Claims,Northeast,Dual Eligible,62,Male,Unknown,Phone,1,0,1,0,0,0,0,0,0,2,1.19,Medium,0,1,0,0,,,108,1,1,0,0,0,0,0,0,0,0,3,0.85,0,0,No,Yes,No,No,No,1,2026-09-19,12,0,0,0,0,0,1,1,0,1,Needs Review,148,0,0,Unknown,Medication,2,Care Plan Update,8,2026-10-06,0,P2,0
2026-10-01,PT-001364,CM-010,CareMgmt,Northeast,Dual Eligible,75,Female,Spanish,Phone,1,1,0,0,0,0,0,0,0,2,1.54,Medium,0,0,0,0,,8.9,122,1,1,0,0,0,0,0,0,0,0,5,0.95,0,0,Yes,No,No,No,Yes,2,2026-09-06,25,0,0,0,0,0,0,0,0,1,Not Started,,0,1,Adequate,None,2,Provider Follow-up,0,2026-09-27,1,P3,0
2026-10-01,PT-001365,CM-008,CareMgmt,Northeast,Medicaid Managed Care,47,Male,English,Phone,0,1,0,0,1,0,0,0,0,2,1.44,High,0,0,0,1,12,,149,0,0,0,1,1,1,0,0,1,0,8,0.72,1,0,No,Yes,Unknown,No,No,1,2026-09-02,29,0,0,0,0,0,1,0,0,1,Current,51,1,0,Adequate,None,5,Care Gap Closure,0,2026-09-28,1,P3,0
2026-10-01,PT-001366,CM-007,CareMgmt,Northeast,Medicare Advantage,77,Female,English,Caregiver,0,1,0,0,0,1,1,0,0,3,1.05,Medium,0,0,1,0,,,136,0,0,0,0,0,0,0,0,1,0,10,0.91,0,1,No,No,Yes,No,Unknown,1,2026-09-02,29,0,0,0,1,0,0,0,0,4,Current,88,0,0,Adequate,None,1,Care Plan Update,4,2026-10-05,0,P4,0
2026-10-01,PT-001367,CM-009,CareMgmt,Midwest,Medicare Advantage,93,Male,English,Phone,1,1,0,0,0,0,0,0,1,2,0.63,Medium,0,0,1,0,,6.6,141,1,0,1,1,0,0,1,0,0,0,5,0.89,0,0,No,No,No,No,No,0,2026-09-22,9,0,0,0,0,0,0,1,0,3,Needs Review,143,0,1,Limited,Medication,4,Care Plan Update,0,2026-10-06,0,P4,0
2026-10-01,PT-001368,CM-003,HIE,Northeast,Commercial Complex Care,47,Female,English,Phone,0,0,0,0,0,0,0,0,0,0,0.99,Low,0,0,0,0,,,130,0,0,0,0,0,0,0,0,0,0,3,1.0,0,1,No,Yes,No,No,No,1,2026-09-13,18,0,0,0,0,0,1,0,0,1,Current,73,0,0,Limited,Appointment Preparation,0,Social Resource Referral,4,2026-09-29,1,P4,0
2026-10-01,PT-001369,CM-011,CareMgmt,Mid-Atlantic,Dual Eligible,76,Female,Spanish,Phone,1,1,0,0,1,0,0,0,0,3,1.58,High,3,0,0,0,,8.4,134,1,0,0,0,0,0,0,0,0,0,6,0.49,1,0,Yes,Yes,No,No,No,2,2026-10-01,0,1,0,0,1,0,1,0,1,0,Current,80,0,0,Adequate,None,2,Care Plan Update,2,2026-09-30,1,P1,0
2026-10-01,PT-001370,CM-009,EHR,Mid-Atlantic,Medicare Advantage,74,Male,English,Caregiver,1,1,0,0,0,0,0,0,1,2,0.86,Low,0,0,0,0,,8.4,125,1,0,0,0,0,0,1,1,0,0,10,0.94,0,0,No,No,No,No,No,0,2026-10-01,0,0,1,0,1,1,0,0,0,3,Current,48,0,0,Low,None,3,Patient Outreach,6,2026-10-01,0,P4,0
2026-10-01,PT-001371,CM-017,Claims,Southeast,Medicare Advantage,67,Female,English,Phone,0,1,0,0,0,0,0,0,0,1,0.9,Low,0,0,0,0,,,144,0,0,0,1,0,0,0,0,0,0,4,0.89,0,0,No,Unknown,No,No,No,0,2026-09-23,8,0,0,0,0,0,0,0,0,1,Not Started,,0,0,Limited,None,1,Patient Education,3,2026-10-01,0,P3,0
2026-10-01,PT-001372,CM-012,CareMgmt,Southwest,Medicare Advantage,78,Male,Other,Phone,0,1,0,0,0,0,1,0,0,2,1.23,Medium,3,1,0,0,,,145,0,0,0,1,0,0,0,0,1,1,7,0.89,0,0,No,Unknown,No,No,Yes,1,2026-09-30,1,0,0,0,0,0,0,0,0,2,Current,23,0,0,Adequate,Diabetes,3,Medication Review,5,2026-09-27,1,P3,1
2026-10-01,PT-001373,CM-008,Claims,Mid-Atlantic,Medicare Advantage,77,Male,Russian,Phone,1,1,0,0,1,1,0,0,0,4,1.62,High,2,0,0,0,,7.9,144,0,1,1,1,0,0,0,1,0,0,11,0.83,0,0,No,No,No,No,Yes,1,2026-08-18,44,1,0,0,0,0,0,0,0,4,Current,50,1,0,Unknown,Discharge Instructions,4,Social Resource Referral,9,2026-09-29,1,P2,1
2026-10-01,PT-001374,CM-001,CareMgmt,Mid-Atlantic,Dual Eligible,75,Male,English,Phone,1,1,0,0,0,0,0,0,0,2,1.22,Medium,0,0,0,0,,9.3,140,1,0,0,1,0,0,1,0,0,0,6,0.72,1,0,Yes,Yes,Unknown,No,Yes,3,2026-08-20,42,1,1,0,0,0,1,0,0,2,Current,86,0,0,Limited,Medication,4,Medication Review,3,2026-10-02,0,P3,0
2026-10-01,PT-001375,CM-018,Claims,Northeast,Medicare Advantage,81,Female,English,Phone,1,0,0,0,0,0,0,0,0,1,0.91,Low,0,0,0,0,,7.5,128,0,1,0,0,0,0,0,0,1,1,6,0.59,1,0,No,No,No,No,Unknown,0,2026-09-29,2,1,0,0,0,0,0,0,0,0,Overdue,249,0,1,Limited,None,4,Post-Discharge Follow-up,5,2026-09-30,1,P4,0
2026-10-01,PT-001376,CM-017,CareMgmt,Midwest,Medicaid Managed Care,57,Female,Spanish,Phone,0,1,0,0,0,0,0,0,0,1,0.69,Low,0,0,0,0,,,121,0,0,0,0,0,0,0,0,0,0,5,0.73,1,0,No,No,No,No,Unknown,0,2026-09-27,4,0,1,0,0,0,0,0,0,1,Current,78,0,0,Low,CHF,1,Patient Outreach,3,2026-10-01,0,P3,0
2026-10-01,PT-001377,CM-017,Claims,Midwest,Medicare Advantage,61,Male,English,Portal,0,0,0,1,0,0,0,0,0,1,0.64,Low,0,0,0,0,,,136,0,0,0,0,0,0,0,0,0,0,5,0.88,0,1,No,No,No,No,No,0,2026-09-08,23,0,1,0,0,0,0,0,0,1,Current,15,0,0,Limited,Medication,0,Patient Outreach,6,2026-09-30,1,P3,0
2026-10-01,PT-001378,CM-008,Claims,Midwest,Commercial Complex Care,34,Female,English,Phone,0,0,0,0,1,0,0,0,0,1,1.36,Low,0,0,0,0,,,166,0,0,0,0,0,0,0,0,0,0,8,0.69,1,0,No,No,No,No,No,0,2026-09-23,8,0,1,0,0,0,0,0,0,1,Current,50,0,0,Adequate,Medication,1,Medication Review,0,2026-09-27,1,P3,0
2026-10-01,PT-001379,CM-016,EHR,Northeast,Medicare Advantage,76,Female,English,Phone,0,1,0,0,1,0,0,0,0,2,1.18,Medium,0,0,0,0,,,144,0,0,0,1,0,0,0,0,0,0,3,0.82,0,0,Yes,No,No,No,No,1,2026-08-16,46,1,0,0,0,0,0,1,0,2,Overdue,198,0,0,Adequate,Appointment Preparation,1,Care Plan Update,4,2026-10-06,0,P3,0
2026-10-01,PT-001380,CM-017,CareMgmt,Southeast,Medicare Advantage,75,Male,English,Caregiver,1,1,1,0,0,0,0,0,0,3,1.29,High,1,0,0,0,,8.1,129,0,0,1,0,0,0,1,0,0,1,7,0.96,0,0,No,No,No,No,Yes,1,2026-09-15,16,1,0,0,0,0,0,1,0,0,Current,22,0,0,Adequate,Medication,3,Patient Outreach,0,2026-09-27,1,P3,0
2026-10-01,PT-001381,CM-002,CareMgmt,Mid-Atlantic,Medicaid Managed Care,62,Female,English,Portal,1,1,0,0,1,1,1,0,0,5,2.07,High,3,0,0,0,,8.6,137,1,1,0,0,0,0,0,1,0,0,10,0.7,1,0,No,Yes,Yes,Yes,Yes,4,2026-08-16,46,1,1,0,0,0,0,0,0,3,Current,83,0,1,Limited,None,4,Social Resource Referral,4,2026-09-27,1,P1,0
2026-10-01,PT-001382,CM-014,EHR,Northeast,Medicaid Managed Care,48,Male,English,SMS,0,1,0,0,0,0,0,0,0,1,0.81,Low,0,0,0,0,,,141,0,0,0,1,0,0,0,0,0,1,7,0.68,1,1,No,Yes,No,No,Unknown,1,2026-09-08,23,2,0,0,0,0,1,0,0,2,Current,26,0,0,Adequate,Discharge Instructions,3,Patient Outreach,0,2026-09-28,1,P2,0
2026-10-01,PT-001383,CM-007,EHR,Southeast,Medicare Advantage,79,Female,English,Phone,1,1,0,1,1,1,0,1,0,6,1.47,High,0,0,1,0,,6.5,153,0,0,1,1,0,0,1,1,1,1,12,0.45,1,0,No,No,No,Yes,No,1,2026-08-26,36,0,0,0,1,0,0,1,0,5,Overdue,359,0,0,Limited,Appointment Preparation,7,Care Gap Closure,9,2026-09-27,1,P4,0
2026-10-01,PT-001384,CM-011,Claims,Midwest,Medicare Advantage,72,Female,English,Portal,1,1,0,1,0,0,0,0,0,3,0.94,Medium,0,0,0,0,,7.1,123,1,0,0,0,0,0,0,1,0,1,9,1.0,0,0,No,No,Unknown,No,No,0,2026-09-25,6,2,1,0,0,0,0,0,0,2,Current,63,0,0,Adequate,None,3,Provider Follow-up,0,2026-10-01,0,P2,0
2026-10-01,PT-001385,CM-012,CareMgmt,Mid-Atlantic,Medicare Advantage,76,Male,Bengali,SMS,1,1,1,0,0,1,0,0,1,4,1.53,High,2,0,1,1,9,8.3,144,0,0,0,1,1,0,0,1,0,0,9,0.74,1,1,Yes,Yes,No,No,No,2,2026-09-16,15,0,0,1,0,0,1,0,1,2,Current,46,0,0,Adequate,Diet/Lifestyle,4,Patient Education,2,2026-10-02,0,P4,1
2026-10-01,PT-001386,CM-002,CareMgmt,Northeast,Medicare Advantage,65,Female,Spanish,Phone,0,0,0,1,0,0,0,0,0,1,0.67,Low,0,0,0,0,,,137,0,0,0,0,0,0,0,0,0,0,7,0.77,1,0,Yes,No,No,No,No,1,2026-08-19,43,2,1,0,0,0,0,0,0,2,Current,31,0,0,Adequate,None,1,Patient Education,4,2026-09-29,1,P2,0
2026-10-01,PT-001387,CM-007,Claims,Northeast,Medicaid Managed Care,47,Female,English,Phone,0,1,0,0,0,0,0,0,0,1,1.77,Low,0,0,0,0,,,120,0,0,0,0,0,0,0,0,0,0,3,0.9,0,0,Unknown,No,No,No,Yes,1,2026-09-20,11,3,0,0,0,0,0,0,0,3,Needs Review,125,1,0,Limited,None,0,Social Resource Referral,10,2026-09-27,1,P3,0
2026-10-01,PT-001388,CM-004,HIE,Midwest,Commercial Complex Care,18,Female,Bengali,Phone,0,0,0,0,0,1,0,0,0,1,0.77,Low,0,0,1,0,,,135,0,0,0,0,0,0,0,0,1,0,7,0.83,0,0,No,No,Yes,No,No,1,2026-09-03,28,1,0,0,0,0,0,0,0,0,Current,79,0,0,Limited,Diet/Lifestyle,1,Social Resource Referral,0,2026-09-29,1,P1,0
2026-10-01,PT-001389,CM-007,EHR,Southwest,Medicaid Managed Care,58,Female,Other,Caregiver,0,1,0,1,1,0,0,0,0,3,1.33,High,4,0,0,1,22,,154,0,0,0,1,0,1,0,0,0,0,6,0.73,1,1,No,Unknown,Yes,No,No,1,2026-08-29,33,0,1,0,1,0,0,0,0,3,Overdue,254,0,0,Adequate,Discharge Instructions,3,Care Plan Update,1,2026-09-29,1,P2,0
2026-10-01,PT-001390,CM-009,EHR,Northeast,Commercial Complex Care,43,Female,English,SMS,0,1,0,0,0,0,0,0,0,1,1.24,Low,0,0,0,0,,,129,0,0,0,0,0,0,0,0,0,0,9,0.89,0,1,No,No,No,No,No,0,2026-09-24,7,0,0,0,0,0,0,0,0,3,Needs Review,123,0,0,Low,Medication,0,Patient Education,2,2026-10-04,0,P2,0
2026-10-01,PT-001391,CM-018,Claims,Southwest,Medicare Advantage,63,Female,English,Portal,0,0,0,0,0,0,0,0,0,0,0.59,Low,0,0,0,0,,,143,0,0,0,0,0,0,0,0,0,0,5,0.85,0,0,Unknown,Unknown,No,No,Yes,1,2026-08-22,40,1,1,0,1,0,0,0,1,0,Current,23,0,0,Limited,None,0,Medication Review,0,2026-09-29,1,P3,0
2026-10-01,PT-001392,CM-014,HIE,Southeast,Dual Eligible,76,Female,English,Phone,0,1,0,0,0,1,0,0,0,2,0.98,Medium,0,0,0,0,,,147,0,0,0,1,0,0,0,0,0,0,7,0.78,1,0,No,No,Yes,No,No,1,2026-08-23,39,1,0,0,0,0,0,0,1,0,Needs Review,112,0,0,Low,Medication,2,Care Plan Update,4,2026-09-29,1,P2,0
2026-10-01,PT-001393,CM-010,Claims,Northeast,Medicare Advantage,79,Male,Chinese,Caregiver,1,1,0,0,0,0,1,0,0,3,1.24,Medium,0,0,0,0,,8.1,162,1,0,0,1,0,0,0,1,0,0,10,0.83,0,0,Yes,No,No,Unknown,No,1,2026-09-20,11,1,0,0,1,0,0,0,0,3,Overdue,159,0,0,Limited,Medication,3,Medication Review,3,2026-10-02,0,P4,0
2026-10-01,PT-001394,CM-013,CareMgmt,Northeast,Medicare Advantage,72,Male,Other,SMS,0,0,1,0,0,0,0,0,0,1,1.46,Medium,0,0,0,0,,,131,0,0,0,0,0,0,1,0,0,0,6,0.76,1,0,No,No,No,Yes,No,1,2026-08-24,38,0,0,0,1,0,0,1,0,1,Overdue,356,0,1,Adequate,Medication,2,Care Gap Closure,3,2026-10-05,0,P3,0
2026-10-01,PT-001395,CM-012,EHR,Midwest,Medicare Advantage,67,Female,English,Caregiver,0,1,0,0,0,1,0,0,0,2,1.61,Low,0,0,0,0,,,122,0,0,0,0,0,0,0,0,0,0,7,0.81,0,0,No,No,No,No,No,0,2026-09-06,25,0,1,0,0,1,0,0,0,3,Overdue,340,0,0,Adequate,None,0,Care Gap Closure,0,2026-10-01,0,P4,0
2026-10-01,PT-001396,CM-002,CareMgmt,Southwest,Medicare Advantage,80,Male,English,Phone,0,0,0,0,0,0,1,0,1,1,0.75,Low,0,1,0,0,,,114,0,0,0,0,1,1,0,0,0,0,1,0.79,0,0,No,No,No,No,No,0,2026-08-31,31,1,1,0,0,0,0,1,0,0,Needs Review,134,1,0,Adequate,Diet/Lifestyle,2,Patient Outreach,0,2026-10-04,0,P3,0
2026-10-01,PT-001397,CM-006,EHR,Midwest,Medicare Advantage,76,Male,English,Portal,0,0,0,0,0,0,0,0,0,0,1.07,Low,0,0,0,0,,,140,0,0,0,0,0,0,0,0,0,0,2,0.79,1,1,Unknown,No,No,No,No,0,2026-09-26,5,0,0,0,0,0,0,0,0,2,Overdue,238,0,0,Limited,Appointment Preparation,1,Medication Review,0,2026-09-27,1,P2,0
2026-10-01,PT-001398,CM-012,Claims,Southwest,Medicare Advantage,77,Male,Other,Phone,0,0,0,0,0,0,0,0,0,0,0.2,Low,0,0,0,0,,,126,0,0,0,0,0,0,0,0,0,0,3,0.77,1,0,No,Yes,No,No,No,1,2026-09-28,3,1,0,0,0,0,0,0,0,1,Current,13,1,0,Adequate,Discharge Instructions,1,Provider Follow-up,0,2026-10-06,0,P3,0
2026-10-01,PT-001399,CM-010,EHR,Mid-Atlantic,Dual Eligible,55,Male,English,Phone,0,1,0,0,0,1,0,0,0,2,1.24,Low,0,0,0,0,,,135,0,0,0,0,0,0,0,0,0,0,5,0.94,0,0,No,No,Unknown,No,No,0,2026-08-11,51,1,0,0,0,0,0,0,0,1,Overdue,181,0,0,Limited,Medication,0,Care Gap Closure,6,2026-10-04,0,P2,0
2026-10-01,PT-001400,CM-013,HIE,Mid-Atlantic,Dual Eligible,88,Male,English,Phone,1,1,0,0,0,0,1,0,0,3,1.94,Medium,0,0,0,0,,5.7,124,0,0,0,0,0,0,0,0,0,0,7,0.78,1,0,No,No,Yes,No,No,1,2026-08-17,45,0,1,0,0,1,0,0,1,4,Current,47,0,0,Adequate,Medication,1,Medication Review,2,2026-10-06,0,P4,0
2026-10-01,PT-001401,CM-015,EHR,Southwest,Medicare Advantage,83,Female,English,Phone,1,1,1,0,0,1,1,0,0,5,1.9,High,1,0,0,0,,7.1,134,0,1,1,0,0,0,0,0,1,0,13,1.0,0,0,No,Unknown,No,No,No,0,2026-09-07,24,2,1,0,0,0,0,1,0,2,Current,29,0,0,Adequate,COPD,3,Patient Outreach,13,2026-10-04,0,P2,0
2026-10-01,PT-001402,CM-001,CareMgmt,Southwest,Commercial Complex Care,45,Male,English,Phone,0,0,0,0,1,0,0,0,0,1,1.11,Low,0,0,0,0,,,133,0,0,0,0,0,0,0,0,0,0,3,0.94,0,1,No,No,No,No,Yes,1,2026-08-21,41,0,1,0,0,0,0,0,0,2,Needs Review,148,0,0,Adequate,Diet/Lifestyle,0,Provider Follow-up,2,2026-10-04,0,P1,0
2026-10-01,PT-001403,CM-002,HIE,Midwest,Medicare Advantage,82,Male,English,Portal,0,0,0,0,0,0,0,0,0,0,0.39,Low,0,0,0,0,,,139,0,0,0,0,0,0,0,1,0,0,3,0.85,0,0,No,No,No,No,No,0,2026-08-29,33,0,1,0,0,0,0,0,0,2,Needs Review,123,0,0,Adequate,Medication,1,Care Gap Closure,0,2026-09-30,1,P3,0
2026-10-01,PT-001404,CM-017,CareMgmt,Midwest,Medicaid Managed Care,61,Male,Spanish,Caregiver,1,0,0,0,0,0,0,0,0,1,0.92,Low,0,2,0,0,,6.2,148,0,0,1,0,0,0,0,0,0,0,5,0.96,0,0,No,No,No,Unknown,Yes,1,2026-09-20,11,2,0,0,1,0,0,0,0,3,Needs Review,147,0,0,Adequate,None,1,Provider Follow-up,5,2026-10-06,0,P2,0
2026-10-01,PT-001405,CM-003,Claims,Southeast,Medicare Advantage,65,Male,English,Portal,0,1,1,0,0,0,0,0,0,2,1.67,Medium,2,0,0,0,,,120,0,0,0,0,1,0,1,0,0,0,4,0.79,1,0,No,No,No,No,No,0,2026-08-31,31,3,0,0,0,0,0,0,0,3,Current,54,0,0,Adequate,Diet/Lifestyle,3,Patient Outreach,11,2026-10-06,0,P4,0
2026-10-01,PT-001406,CM-017,Claims,Mid-Atlantic,Medicaid Managed Care,34,Female,Other,SMS,0,0,0,0,0,0,0,0,0,0,0.8,Low,1,0,0,0,,,121,0,0,0,0,0,0,0,0,0,0,5,0.91,0,1,Yes,Yes,No,Unknown,No,2,2026-09-23,8,6,0,0,0,0,0,1,0,1,Needs Review,98,1,0,Limited,Diet/Lifestyle,0,Patient Outreach,3,2026-10-01,0,P3,0
2026-10-01,PT-001407,CM-006,Claims,Southwest,Dual Eligible,91,Male,English,Phone,1,1,0,0,0,0,1,0,0,3,1.33,Medium,0,0,0,0,,,147,0,1,0,1,0,1,0,1,0,0,9,0.95,0,0,No,No,No,No,No,0,2026-09-30,1,0,1,0,0,0,0,1,0,3,Needs Review,90,0,0,Limited,Diabetes,4,Patient Outreach,7,2026-10-02,0,P3,0
2026-10-01,PT-001408,CM-008,EHR,Midwest,Medicaid Managed Care,56,Male,Spanish,Caregiver,0,0,0,0,0,0,1,0,0,1,1.04,Low,0,0,0,0,,,146,0,0,0,0,0,0,0,0,0,0,5,0.99,0,0,No,No,No,No,No,0,2026-08-28,34,0,1,0,0,1,0,0,0,2,Current,34,0,0,Adequate,Appointment Preparation,0,Social Resource Referral,5,2026-10-03,0,P4,0
2026-10-01,PT-001409,CM-008,Pharmacy,Southwest,Dual Eligible,86,Female,English,Phone,0,0,0,0,0,0,0,0,0,0,1.06,Low,0,0,0,0,,,173,0,0,0,0,0,0,0,0,0,0,0,1.0,0,0,Yes,No,No,No,No,1,2026-08-25,37,0,1,0,0,1,0,0,0,1,Not Started,,0,0,Adequate,None,0,Provider Follow-up,0,2026-10-03,0,P2,1
2026-10-01,PT-001410,CM-010,EHR,Midwest,Medicare Advantage,82,Male,English,Phone,0,0,0,1,0,0,0,0,0,1,0.74,Low,0,0,0,0,,,90,0,0,0,0,0,0,0,1,0,0,4,0.74,1,0,No,No,No,No,No,0,2026-09-22,9,0,0,0,0,0,0,0,0,2,Current,37,0,0,Adequate,Medication,2,Social Resource Referral,5,2026-10-03,0,P3,0
2026-10-01,PT-001411,CM-015,CareMgmt,Mid-Atlantic,Dual Eligible,65,Female,English,SMS,0,0,0,0,0,0,1,0,0,1,0.43,Low,0,0,0,0,,,138,0,0,0,0,0,0,1,0,0,1,2,0.98,0,1,Yes,Yes,No,Yes,No,3,2026-08-15,47,0,0,0,0,0,1,0,1,0,Not Started,,0,0,Adequate,Diet/Lifestyle,2,Patient Outreach,9,2026-10-06,0,P1,0
2026-10-01,PT-001412,CM-007,HIE,Southwest,Medicare Advantage,71,Male,Bengali,SMS,1,1,0,1,1,0,1,0,1,5,1.89,High,0,0,0,0,,5.2,144,0,0,1,1,0,0,1,0,0,0,12,0.94,0,0,No,No,Yes,No,No,1,2026-09-06,25,0,0,0,0,0,0,0,0,5,Current,49,0,0,Limited,None,3,Care Gap Closure,0,2026-10-05,0,P3,0
2026-10-01,PT-001413,CM-008,CareMgmt,Northeast,Dual Eligible,88,Female,English,Phone,0,0,0,1,1,0,0,0,0,2,0.92,Medium,0,0,0,0,,,137,0,0,0,0,0,0,0,0,0,0,3,0.79,1,0,No,No,No,No,No,0,2026-08-19,43,0,0,0,0,0,0,0,1,2,Current,85,0,0,Adequate,Appointment Preparation,1,Provider Follow-up,0,2026-09-28,1,P4,0
2026-10-01,PT-001414,CM-015,EHR,Midwest,Commercial Complex Care,34,Female,English,Phone,0,0,0,0,0,0,0,0,0,0,1.02,Low,0,0,0,0,,,137,0,0,0,0,0,0,0,0,0,0,4,1.0,0,0,No,No,No,No,No,0,2026-10-01,0,0,1,0,0,0,0,0,0,2,Current,41,0,1,Limited,None,0,Patient Education,9,2026-09-28,1,P3,0
2026-10-01,PT-001415,CM-010,Pharmacy,Northeast,Dual Eligible,61,Male,English,Phone,0,0,0,0,0,1,1,0,0,2,0.67,Low,0,0,0,0,,,130,0,0,0,0,0,0,0,0,0,0,8,0.84,0,0,Yes,No,No,No,Yes,2,2026-08-01,61,0,1,0,1,0,0,0,0,2,Overdue,325,0,0,Low,Diet/Lifestyle,0,Patient Education,0,2026-10-05,0,P1,0
2026-10-01,PT-001416,CM-016,CareMgmt,Mid-Atlantic,Commercial Complex Care,47,Female,English,Phone,0,1,0,0,1,0,0,0,0,2,1.01,Medium,3,0,0,0,,,157,0,0,0,1,0,0,1,0,0,0,7,0.89,0,1,No,No,No,No,Yes,1,2026-08-20,42,0,0,0,0,0,0,1,0,3,Current,15,0,1,Low,Medication,2,Patient Outreach,7,2026-10-06,0,P3,0
2026-10-01,PT-001417,CM-017,CareMgmt,Midwest,Dual Eligible,81,Female,English,Phone,1,0,1,0,1,1,0,0,0,4,1.61,High,0,0,0,0,,5.5,128,0,0,0,0,1,0,1,0,1,1,13,0.86,0,0,No,No,No,No,No,0,2026-09-13,18,0,1,1,0,0,0,1,0,5,Overdue,302,2,0,Adequate,None,4,Patient Education,6,2026-10-01,0,P2,0
2026-10-01,PT-001418,CM-017,EHR,Northeast,Medicare Advantage,63,Female,English,SMS,0,1,0,0,0,0,1,0,0,2,1.35,Medium,0,0,0,1,20,,144,0,0,0,1,0,0,0,0,0,0,10,0.93,0,0,No,No,No,No,Yes,1,2026-08-16,46,0,1,0,0,0,0,0,0,3,Current,17,0,0,Limited,Medication,1,Care Gap Closure,1,2026-10-03,0,P3,0
2026-10-01,PT-001419,CM-002,HIE,Mid-Atlantic,Medicare Advantage,80,Female,English,Phone,1,0,0,0,0,0,0,0,0,1,1.2,Low,0,0,0,0,,7.2,144,0,1,0,0,0,0,0,0,0,1,5,0.94,0,0,Yes,No,Unknown,No,No,1,2026-08-14,48,0,1,0,1,0,0,0,0,1,Current,62,0,1,Limited,None,2,Social Resource Referral,0,2026-09-28,1,P2,0
2026-10-01,PT-001420,CM-018,EHR,Southwest,Medicare Advantage,65,Female,English,Phone,0,1,0,0,0,0,0,0,0,1,0.89,Low,0,0,0,0,,,137,0,0,0,0,0,0,0,0,0,0,6,0.76,1,0,Yes,No,No,No,No,1,2026-08-25,37,0,0,0,0,0,0,0,0,1,Needs Review,117,0,0,Adequate,Appointment Preparation,1,Patient Outreach,0,2026-10-06,0,P3,0
2026-10-01,PT-001421,CM-003,Claims,Southeast,Medicare Advantage,73,Female,English,Phone,0,0,0,0,1,0,0,0,0,1,1.17,Low,0,0,0,0,,,136,0,0,0,0,0,0,0,0,0,0,6,0.93,0,0,No,No,No,Yes,No,1,2026-09-18,13,0,0,0,0,0,0,0,0,1,Current,16,0,0,Limited,Diet/Lifestyle,0,Care Gap Closure,0,2026-09-30,1,P3,0
2026-10-01,PT-001422,CM-018,CareMgmt,Mid-Atlantic,Dual Eligible,61,Male,English,SMS,0,0,0,0,0,0,1,0,0,1,0.34,Low,0,0,0,0,,,131,0,0,0,0,0,0,0,1,0,0,5,0.62,1,0,Yes,Yes,No,No,No,2,2026-08-14,48,0,1,0,0,0,0,0,0,2,Current,51,0,0,Unknown,Medication,2,Provider Follow-up,4,2026-09-27,1,P3,0
2026-10-01,PT-001423,CM-009,CareMgmt,Southwest,Medicaid Managed Care,49,Female,English,Phone,0,1,1,0,1,0,0,0,0,3,1.71,Medium,0,0,1,0,,,150,0,0,0,1,0,0,0,0,0,0,10,0.86,0,0,No,Unknown,No,No,No,0,2026-09-24,7,0,1,0,0,0,0,0,0,4,Current,55,0,0,Limited,Medication,1,Patient Outreach,6,2026-10-04,0,P2,1
2026-10-01,PT-001424,CM-018,Pharmacy,Southeast,Dual Eligible,71,Male,English,Phone,1,1,1,0,0,0,0,0,1,3,1.42,Medium,0,0,0,0,,7.5,132,1,0,1,0,0,0,1,0,0,0,3,0.84,0,1,No,No,Unknown,No,No,0,2026-08-27,35,0,0,1,0,0,0,0,0,2,Current,49,0,0,Adequate,CHF,3,Patient Outreach,1,2026-10-01,0,P3,0
2026-10-01,PT-001425,CM-013,Pharmacy,Southeast,Medicare Advantage,79,Male,English,Caregiver,1,0,0,0,0,1,1,0,0,3,1.46,Medium,0,0,0,0,,9.7,124,0,0,0,0,0,0,0,1,1,0,4,0.68,1,0,No,Yes,Unknown,No,No,1,2026-08-13,49,0,0,0,0,0,0,0,0,4,Needs Review,147,0,0,Unknown,None,3,Care Gap Closure,5,2026-10-03,0,P3,0
2026-10-01,PT-001426,CM-009,Pharmacy,Southeast,Dual Eligible,72,Male,Spanish,Phone,1,0,0,1,1,1,0,0,1,4,2.0,High,4,0,0,0,,8.6,138,1,0,0,0,0,0,0,0,0,1,12,0.88,0,0,No,Yes,No,No,Yes,2,2026-09-11,20,2,1,0,0,0,1,0,0,3,Current,43,0,0,Adequate,Medication,2,Medication Review,9,2026-10-02,0,P3,0
2026-10-01,PT-001427,CM-003,CareMgmt,Midwest,Medicare Advantage,68,Male,English,Portal,0,1,0,0,0,0,0,0,0,1,0.76,Medium,1,0,0,0,,,139,0,0,0,0,1,0,1,1,0,0,5,0.57,1,0,Yes,No,No,Unknown,No,1,2026-09-14,17,1,0,0,1,0,0,0,0,3,Needs Review,105,1,0,Limited,None,4,Medication Review,2,2026-09-28,1,P1,0
2026-10-01,PT-001428,CM-007,Pharmacy,Southeast,Dual Eligible,85,Male,English,SMS,1,1,0,0,1,0,1,0,0,4,1.56,High,0,0,3,1,1,10.2,132,1,1,0,0,0,0,0,0,0,0,12,0.74,1,0,No,No,No,Unknown,No,0,2026-08-05,57,0,1,0,0,0,0,0,0,4,Overdue,271,0,0,Adequate,None,3,Patient Education,4,2026-10-01,0,P1,1
2026-10-01,PT-001429,CM-010,Pharmacy,Mid-Atlantic,Medicare Advantage,73,Female,English,Caregiver,0,1,0,0,0,1,0,0,0,2,0.79,Low,1,0,0,0,,,116,0,0,0,0,0,0,0,1,0,0,6,0.69,1,0,No,No,No,No,No,0,2026-09-15,16,1,0,0,0,0,0,1,1,2,Current,73,0,0,Adequate,None,2,Provider Follow-up,1,2026-10-03,0,P2,0
2026-10-01,PT-001430,CM-008,Claims,Southwest,Medicare Advantage,84,Female,Other,SMS,0,0,1,0,0,0,1,0,0,2,1.9,High,6,0,0,1,21,,105,0,0,0,0,1,0,0,0,0,0,9,0.89,0,0,No,No,No,No,No,0,2026-09-03,28,0,0,1,0,0,0,0,0,1,Needs Review,96,0,0,Unknown,Discharge Instructions,1,Patient Outreach,1,2026-10-03,0,P3,1
2026-10-01,PT-001431,CM-003,EHR,Mid-Atlantic,Commercial Complex Care,64,Male,Other,Phone,1,0,0,1,0,1,1,0,0,4,1.65,High,1,0,0,0,,8.6,138,1,1,1,0,0,0,0,0,1,0,10,0.87,0,0,No,No,No,Yes,No,1,2026-09-08,23,0,0,0,0,0,0,0,0,3,Current,58,0,0,Low,Appointment Preparation,4,Social Resource Referral,2,2026-09-30,1,P2,0
2026-10-01,PT-001432,CM-005,Claims,Midwest,Medicaid Managed Care,78,Female,English,Phone,0,0,0,0,0,0,1,0,0,1,0.84,Low,0,0,0,0,,,136,0,0,0,0,0,0,0,0,0,0,2,0.74,1,0,No,No,No,Unknown,No,0,2026-09-06,25,0,0,0,0,0,0,1,0,0,Needs Review,147,0,0,Adequate,Diet/Lifestyle,1,Provider Follow-up,0,2026-10-02,0,P3,0
2026-10-01,PT-001433,CM-003,EHR,Northeast,Medicare Advantage,72,Female,English,Phone,0,0,1,0,0,0,1,0,0,2,1.55,Medium,2,0,0,0,,,114,0,0,0,0,0,0,0,0,0,1,10,0.88,0,0,No,No,No,No,No,0,2026-09-02,29,0,1,0,0,0,0,0,0,3,Current,5,0,0,Low,Diet/Lifestyle,1,Patient Outreach,3,2026-10-06,0,P1,0
2026-10-01,PT-001434,CM-013,EHR,Southeast,Medicaid Managed Care,25,Female,Bengali,Phone,0,0,0,0,0,0,0,0,0,0,1.12,Low,1,0,0,0,,,121,0,0,0,0,0,0,0,0,0,0,3,0.71,1,0,No,No,No,No,Yes,1,,0,0,1,0,0,0,0,0,0,0,Current,76,0,0,Adequate,Medication,1,Social Resource Referral,0,2026-10-04,0,P4,0
2026-10-01,PT-001435,CM-013,CareMgmt,Mid-Atlantic,Commercial Complex Care,60,Female,Bengali,Phone,0,0,0,0,0,0,0,0,0,0,0.53,Low,0,0,0,0,,,130,0,0,0,0,0,0,0,0,0,0,3,1.0,0,0,Yes,No,No,No,No,1,2026-09-02,29,0,0,0,0,0,0,0,0,3,Not Started,,0,0,Low,Medication,0,Post-Discharge Follow-up,0,2026-10-06,0,P4,0
2026-10-01,PT-001436,CM-013,Pharmacy,Northeast,Commercial Complex Care,54,Female,English,Portal,1,0,0,0,1,0,0,0,0,2,1.45,Low,0,0,0,0,,10.6,150,0,0,1,0,0,0,0,0,0,0,3,0.81,0,1,No,No,No,No,No,0,2026-09-17,14,0,1,0,0,1,0,0,0,1,Needs Review,92,2,0,Limited,None,1,Patient Outreach,3,2026-10-06,0,P2,0
2026-10-01,PT-001437,CM-007,CareMgmt,Southwest,Medicare Advantage,73,Female,English,Phone,1,0,0,0,0,0,0,0,1,1,1.03,Low,0,0,1,0,,6.2,141,0,1,1,0,0,0,1,1,0,0,7,0.89,0,1,No,No,No,No,No,0,2026-09-18,13,0,0,0,0,1,0,0,0,1,Overdue,359,0,0,Limited,Medication,4,Patient Outreach,0,2026-10-05,0,P2,0
2026-10-01,PT-001438,CM-007,CareMgmt,Northeast,Commercial Complex Care,44,Female,English,Phone,0,1,0,0,0,0,0,0,0,1,0.72,Low,0,0,0,0,,,140,0,0,0,1,0,0,0,0,0,0,3,0.9,0,0,No,No,No,No,No,0,2026-09-18,13,0,1,0,0,0,0,0,0,2,Current,67,0,0,Adequate,Diet/Lifestyle,1,Post-Discharge Follow-up,3,2026-10-06,0,P4,0
2026-10-01,PT-001439,CM-001,Claims,Southeast,Dual Eligible,67,Female,Chinese,Phone,1,1,1,1,0,1,0,0,1,5,2.18,High,1,0,1,0,,7.9,126,1,0,0,0,0,0,0,0,1,0,10,0.6,1,1,Yes,Yes,No,Unknown,Yes,3,2026-08-02,60,1,1,1,1,0,0,0,0,4,Needs Review,106,0,0,Adequate,Diabetes,3,Care Gap Closure,4,2026-09-29,1,P3,0
2026-10-01,PT-001440,CM-015,Claims,Southwest,Dual Eligible,65,Male,English,Phone,0,0,0,0,0,0,0,0,0,0,0.96,Low,0,2,0,0,,,135,0,0,0,0,0,0,0,0,0,0,1,0.63,0,0,No,No,No,No,No,0,2026-09-15,16,0,0,0,1,0,0,0,0,1,Current,88,0,1,Adequate,None,0,Care Gap Closure,2,2026-09-29,1,P3,0
2026-10-01,PT-001441,CM-013,CareMgmt,Northeast,Medicaid Managed Care,35,Female,English,Phone,0,0,0,0,0,0,0,0,0,0,0.96,Low,0,0,0,0,,,155,0,0,0,0,0,0,0,0,0,0,3,0.89,0,0,No,No,Yes,No,Yes,2,2026-09-13,18,0,1,0,0,0,0,0,0,1,Current,40,0,0,Adequate,Diabetes,0,Patient Outreach,12,2026-09-30,1,P4,0
2026-10-01,PT-001442,CM-010,CareMgmt,Southeast,Medicare Advantage,82,Female,English,SMS,0,1,0,0,0,1,0,0,0,2,1.44,Low,0,0,0,0,,,125,0,0,0,0,0,0,1,0,1,0,5,0.9,0,0,No,No,No,No,No,0,2026-09-26,5,0,0,0,0,0,0,1,0,3,Not Started,,0,1,Limited,Medication,2,Patient Education,2,2026-09-30,1,P1,0
2026-10-01,PT-001443,CM-015,Claims,Southeast,Dual Eligible,83,Male,Chinese,Caregiver,0,1,0,0,0,0,0,0,0,1,0.98,Medium,2,0,0,0,,,152,0,0,0,1,0,1,1,0,0,0,3,0.76,1,1,Yes,Yes,No,No,No,2,2026-08-16,46,0,1,0,0,0,0,0,1,3,Needs Review,138,1,0,Low,None,4,Patient Outreach,7,2026-10-06,0,P2,1
2026-10-01,PT-001444,CM-018,Claims,Midwest,Medicare Advantage,76,Male,Unknown,Phone,0,0,0,0,0,0,0,0,0,0,0.86,Low,1,0,0,0,,,115,0,0,0,0,0,0,0,1,0,0,7,1.0,0,0,No,No,Unknown,No,No,0,2026-08-30,32,1,0,0,0,0,0,0,0,3,Current,29,0,0,Adequate,COPD,1,Post-Discharge Follow-up,8,2026-09-30,1,P4,0
2026-10-01,PT-001445,CM-009,Claims,Northeast,Medicare Advantage,68,Male,English,Phone,1,1,0,1,0,0,0,0,0,3,1.13,High,3,0,0,0,,,149,1,0,0,1,0,0,0,1,0,1,9,0.87,0,0,Unknown,No,No,No,No,0,2026-09-01,30,0,0,0,0,0,0,0,0,3,Needs Review,98,0,0,Adequate,Discharge Instructions,4,Care Plan Update,5,2026-09-27,1,P2,0
2026-10-01,PT-001446,CM-014,CareMgmt,Southeast,Medicare Advantage,80,Female,English,Caregiver,0,0,0,0,0,0,0,0,0,0,1.02,Low,0,0,0,0,,,124,0,0,0,0,0,0,1,0,0,0,5,0.91,0,0,No,No,No,Yes,No,1,2026-10-01,0,2,1,0,0,0,0,0,0,1,Needs Review,109,0,0,Limited,None,1,Patient Outreach,5,2026-10-02,0,P4,0
2026-10-01,PT-001447,CM-013,Pharmacy,Northeast,Medicaid Managed Care,46,Female,English,SMS,0,0,0,0,0,1,0,0,0,1,0.79,Low,0,1,0,0,,,151,0,0,0,0,0,0,0,0,1,0,3,0.89,0,0,No,Yes,No,No,Yes,2,2026-08-17,45,0,1,0,1,0,1,0,0,1,Overdue,345,0,0,Unknown,Diet/Lifestyle,1,Social Resource Referral,7,2026-09-30,1,P1,0
2026-10-01,PT-001448,CM-015,Claims,Southwest,Medicare Advantage,93,Female,English,Phone,0,1,0,0,0,0,1,0,0,2,1.17,Low,1,0,0,0,,,150,0,0,0,1,0,0,0,0,0,1,6,0.81,0,0,No,No,No,No,No,0,2026-09-16,15,1,0,0,0,0,0,1,0,1,Current,7,0,0,Limited,None,2,Medication Review,5,2026-10-05,0,P4,0
2026-10-01,PT-001449,CM-008,CareMgmt,Northeast,Medicare Advantage,81,Male,English,Phone,1,1,0,1,1,0,1,0,0,5,2.02,High,0,0,0,0,,7.5,154,0,0,0,1,0,0,1,0,0,0,8,0.77,1,1,No,No,No,No,No,0,2026-09-29,2,0,0,0,0,0,0,0,0,3,Overdue,344,0,1,Adequate,Diet/Lifestyle,3,Patient Outreach,5,2026-09-27,1,P3,0
2026-10-01,PT-001450,CM-016,HIE,Midwest,Commercial Complex Care,36,Female,Spanish,Phone,1,1,0,0,0,1,0,0,0,3,1.2,Low,0,0,0,0,,9.0,131,1,0,0,0,0,0,0,0,0,0,5,0.81,0,0,Unknown,No,No,No,No,0,,0,1,0,0,0,0,0,1,0,3,Current,83,2,0,Adequate,Diet/Lifestyle,1,Patient Education,5,2026-10-04,0,P4,0
2026-10-01,PT-001451,CM-004,CareMgmt,Northeast,Commercial Complex Care,41,Female,Bengali,Phone,0,0,0,0,0,0,0,0,0,0,0.55,Low,0,0,0,0,,,146,0,0,0,0,0,0,0,0,0,0,3,0.76,1,0,No,No,No,No,No,0,2026-09-17,14,0,1,0,0,0,0,1,0,2,Not Started,,0,0,Adequate,Medication,1,Care Gap Closure,3,2026-09-29,1,P2,0
2026-10-01,PT-001452,CM-016,EHR,Mid-Atlantic,Medicaid Managed Care,60,Female,English,Phone,0,0,0,0,0,0,0,0,0,0,0.2,Low,0,0,0,0,,,118,0,0,0,0,0,0,0,0,0,0,3,0.58,1,1,No,No,No,No,Yes,1,2026-08-23,39,2,0,0,0,0,0,0,0,1,Not Started,,0,0,Limited,Diet/Lifestyle,1,Patient Outreach,0,2026-10-05,0,P3,0
2026-10-01,PT-001453,CM-017,Pharmacy,Southwest,Medicare Advantage,78,Male,English,Phone,1,1,0,0,0,0,0,0,0,2,0.83,Medium,1,0,1,1,7,8.5,128,0,0,0,0,0,1,1,0,0,1,12,0.99,0,0,No,No,No,No,No,0,2026-08-22,40,0,1,0,0,1,0,0,0,3,Current,46,0,0,Adequate,None,3,Post-Discharge Follow-up,5,2026-09-27,1,P3,0
2026-10-01,PT-001454,CM-004,Pharmacy,Mid-Atlantic,Medicaid Managed Care,45,Female,Spanish,Portal,0,1,0,0,0,1,0,0,0,2,1.05,Medium,0,0,0,0,,,149,0,0,0,1,0,0,0,1,0,0,4,0.75,1,0,No,Yes,No,Unknown,No,1,2026-09-14,17,0,0,0,0,0,0,0,0,1,Current,42,0,0,Limited,None,3,Patient Outreach,7,2026-09-27,1,P3,0
2026-10-01,PT-001455,CM-003,EHR,Southwest,Medicare Advantage,76,Female,English,SMS,0,0,0,1,0,0,0,0,0,1,1.43,Low,1,0,0,0,,,145,0,0,0,0,0,0,0,0,0,0,9,0.9,0,1,Yes,No,No,No,No,1,2026-10-01,0,0,0,0,0,0,0,0,0,0,Needs Review,125,0,0,Limited,Diet/Lifestyle,0,Care Plan Update,6,2026-10-01,0,P2,0
2026-10-01,PT-001456,CM-002,CareMgmt,Northeast,Dual Eligible,73,Male,English,Caregiver,0,1,1,0,0,0,0,0,0,2,1.35,Medium,0,0,0,0,,,120,0,0,0,0,1,0,1,0,0,0,2,0.66,1,0,Yes,Unknown,No,No,No,1,2026-09-24,7,0,0,0,0,0,0,0,0,1,Needs Review,139,0,0,Adequate,None,3,Social Resource Referral,0,2026-10-05,0,P2,0
2026-10-01,PT-001457,CM-012,CareMgmt,Northeast,Medicare Advantage,71,Male,English,Phone,1,0,0,0,0,0,0,0,0,1,1.16,Low,1,0,0,0,,6.4,133,0,0,0,0,0,0,0,0,1,1,5,0.78,1,0,No,No,No,Unknown,Unknown,0,,23,0,0,0,0,1,0,0,0,2,Current,14,0,0,Adequate,Medication,3,Patient Outreach,4,2026-10-01,0,P4,0
2026-10-01,PT-001458,CM-002,Pharmacy,Southeast,Commercial Complex Care,53,Female,English,SMS,0,0,0,1,0,0,0,0,0,1,0.91,Medium,0,0,0,0,,,119,0,0,0,0,0,0,0,0,0,1,9,0.87,0,0,No,No,Yes,No,Yes,2,2026-09-29,2,6,0,0,0,0,0,0,0,3,Not Started,,0,0,Adequate,Diet/Lifestyle,1,Care Plan Update,4,2026-09-29,1,P2,0
2026-10-01,PT-001459,CM-014,EHR,Mid-Atlantic,Medicaid Managed Care,48,Male,English,Portal,0,1,0,0,0,1,0,0,0,2,0.87,Low,0,0,3,0,,,158,0,0,0,1,0,0,1,0,0,0,6,0.71,1,0,Unknown,No,No,No,No,0,2026-08-23,39,3,0,0,0,0,0,0,0,2,Needs Review,97,0,0,Adequate,Medication,3,Patient Outreach,4,2026-09-29,1,P4,0
2026-10-01,PT-001460,CM-003,CareMgmt,Northeast,Medicare Advantage,82,Male,English,Phone,0,0,0,0,0,0,1,0,0,1,0.61,Low,0,0,0,0,,,137,0,0,0,0,0,0,0,0,0,0,3,0.87,0,0,No,No,No,No,No,0,2026-09-24,7,0,1,0,0,0,0,0,0,2,Not Started,,0,0,Low,Diabetes,0,Social Resource Referral,3,2026-10-05,0,P3,0
2026-10-01,PT-001461,CM-001,Pharmacy,Mid-Atlantic,Medicare Advantage,65,Female,English,SMS,1,0,1,0,0,0,0,0,0,2,1.06,High,0,0,1,1,11,8.6,134,1,0,0,0,0,0,0,0,0,0,6,1.0,0,0,Unknown,Yes,No,No,Yes,2,2026-08-23,39,3,0,0,0,0,1,1,0,3,Current,83,0,0,Adequate,None,1,Patient Outreach,7,2026-09-29,1,P4,0
2026-10-01,PT-001462,CM-016,Claims,Mid-Atlantic,Medicaid Managed Care,62,Male,Chinese,Phone,0,0,0,0,0,1,0,0,0,1,0.93,Low,0,0,0,0,,,145,0,0,0,0,0,0,1,0,0,0,6,0.76,1,0,Unknown,No,Unknown,No,No,0,2026-09-16,15,0,0,0,0,0,0,1,0,1,Current,84,0,0,Adequate,None,2,Care Gap Closure,3,2026-10-02,0,P2,0
2026-10-01,PT-001463,CM-014,EHR,Southeast,Medicare Advantage,64,Male,English,SMS,0,0,0,0,0,0,0,0,0,0,0.84,Low,0,0,0,0,,,106,0,0,0,0,0,0,0,0,0,0,2,0.77,1,0,No,No,Unknown,No,Unknown,0,2026-09-20,11,0,1,0,0,0,0,0,1,1,Current,19,0,0,Adequate,Appointment Preparation,1,Patient Outreach,1,2026-10-04,0,P3,0
2026-10-01,PT-001464,CM-016,HIE,Southeast,Medicare Advantage,76,Male,Unknown,Portal,0,0,0,0,0,0,0,0,0,0,0.69,Low,0,0,0,0,,,124,0,0,0,0,0,0,0,0,0,0,0,0.67,0,0,No,Unknown,No,Yes,Yes,2,2026-09-02,29,0,0,0,1,0,0,0,0,0,Current,3,1,0,Limited,Diet/Lifestyle,0,Patient Outreach,0,2026-10-04,0,P3,0
2026-10-01,PT-001465,CM-003,EHR,Midwest,Commercial Complex Care,53,Male,English,Phone,0,1,0,0,0,0,0,0,0,1,1.57,Low,1,0,0,0,,,136,0,0,0,0,1,0,0,0,0,0,5,0.88,0,1,Yes,No,No,No,No,1,2026-09-26,5,0,0,0,0,0,0,1,0,1,Current,76,0,0,Adequate,Diabetes,1,Medication Review,1,2026-09-28,1,P2,0
2026-10-01,PT-001466,CM-011,Claims,Midwest,Dual Eligible,83,Female,Other,Caregiver,0,1,0,0,0,1,1,1,0,4,1.84,Medium,0,0,0,0,,,122,0,0,0,0,0,0,0,0,0,0,7,0.95,0,0,Unknown,No,Unknown,No,Unknown,0,2026-08-21,41,0,0,0,0,0,0,1,0,2,Needs Review,142,0,0,Unknown,None,0,Medication Review,0,2026-09-27,1,P1,0
2026-10-01,PT-001467,CM-002,CareMgmt,Southeast,Medicare Advantage,65,Male,English,SMS,0,1,0,0,0,0,0,0,0,1,0.94,Low,0,0,0,0,,,143,0,0,0,1,0,0,1,0,0,0,5,1.0,0,0,No,No,No,No,No,0,2026-08-15,47,0,0,0,0,0,0,0,0,1,Needs Review,119,0,0,Adequate,None,2,Post-Discharge Follow-up,5,2026-10-01,0,P3,0
2026-10-01,PT-001468,CM-002,CareMgmt,Mid-Atlantic,Medicare Advantage,70,Female,Spanish,Portal,0,1,1,0,0,0,0,0,1,2,1.45,Medium,0,0,0,0,,,136,0,0,0,0,0,1,0,0,0,0,7,0.6,1,0,No,No,No,Yes,No,1,2026-09-11,20,0,0,0,1,0,0,0,0,0,Current,18,0,0,Adequate,CHF,2,Patient Outreach,0,2026-10-05,0,P1,0
2026-10-01,PT-001469,CM-008,EHR,Southeast,Medicaid Managed Care,72,Female,Bengali,Portal,1,0,0,0,0,0,0,0,0,1,0.73,Medium,0,0,0,0,,9.2,119,0,0,0,0,0,0,0,0,0,1,4,0.82,0,1,Yes,No,Yes,Yes,Yes,4,2026-09-04,27,0,0,0,1,0,0,1,0,3,Not Started,,0,0,Adequate,Diabetes,1,Patient Outreach,1,2026-09-30,1,P3,0
2026-10-01,PT-001470,CM-009,Pharmacy,Northeast,Medicaid Managed Care,55,Female,English,Phone,0,0,0,0,0,0,0,0,0,0,0.51,Low,0,0,0,0,,,136,0,0,0,0,0,0,0,0,0,0,5,0.83,0,0,No,No,Yes,No,No,1,2026-08-21,41,0,1,0,0,0,0,0,0,1,Not Started,,0,0,Adequate,Diet/Lifestyle,0,Care Plan Update,0,2026-10-05,0,P4,0
2026-10-01,PT-001471,CM-013,CareMgmt,Southwest,Medicaid Managed Care,61,Female,English,Phone,0,0,0,0,0,0,0,0,0,0,0.76,Low,0,0,0,0,,,166,0,0,0,0,1,0,0,0,0,0,6,0.88,0,0,No,No,No,No,No,0,2026-10-01,0,0,0,0,0,0,0,0,0,0,Overdue,170,3,0,Adequate,Appointment Preparation,1,Patient Outreach,0,2026-10-03,0,P3,0
2026-10-01,PT-001472,CM-017,HIE,Southeast,Medicaid Managed Care,18,Female,English,Portal,0,0,0,0,0,1,0,0,0,1,1.17,Low,0,0,0,0,,,142,0,0,0,0,0,0,0,0,1,0,7,0.82,0,0,Unknown,Yes,No,No,Yes,2,2026-08-26,36,0,0,0,0,0,1,0,0,0,Current,26,0,0,Adequate,Medication,1,Post-Discharge Follow-up,5,2026-09-29,1,P3,0
2026-10-01,PT-001473,CM-013,CareMgmt,Mid-Atlantic,Medicaid Managed Care,37,Male,English,Portal,1,1,0,0,0,0,0,0,0,2,1.44,Medium,0,0,0,0,,9.0,149,0,0,0,1,0,0,0,0,0,1,7,0.92,0,1,Yes,No,No,No,Yes,2,2026-08-30,32,0,0,0,1,0,0,0,0,3,Current,87,0,0,Adequate,None,2,Medication Review,0,2026-10-04,0,P3,0
2026-10-01,PT-001474,CM-015,Claims,Southeast,Medicare Advantage,67,Male,English,Phone,1,0,0,1,0,0,1,0,0,3,1.12,Medium,0,0,0,0,,10.0,168,0,1,1,0,0,0,0,1,0,1,8,0.64,1,0,No,No,Unknown,No,No,0,2026-09-17,14,2,0,0,0,0,0,1,0,3,Needs Review,106,0,0,Adequate,Diet/Lifestyle,5,Care Plan Update,0,2026-10-05,0,P2,0
2026-10-01,PT-001475,CM-011,EHR,Northeast,Medicare Advantage,93,Male,English,SMS,0,1,0,1,1,0,0,0,0,3,1.64,High,0,0,1,1,25,,165,0,0,0,1,1,1,1,0,0,0,10,0.73,1,0,Unknown,No,No,No,No,0,2026-09-21,10,0,0,0,0,0,0,0,1,1,Current,33,1,0,Limited,None,5,Care Gap Closure,4,2026-09-30,1,P1,1
2026-10-01,PT-001476,CM-017,CareMgmt,Mid-Atlantic,Medicare Advantage,76,Male,Other,Phone,1,0,0,1,0,0,0,0,0,2,1.07,Medium,0,0,1,0,,5.3,130,0,0,1,0,0,0,1,0,0,1,4,0.76,1,0,No,No,No,Yes,No,1,2026-09-30,1,0,0,0,1,0,0,1,0,2,Overdue,304,0,1,Adequate,COPD,4,Care Gap Closure,5,2026-09-27,1,P2,0
2026-10-01,PT-001477,CM-001,CareMgmt,Midwest,Medicaid Managed Care,52,Male,English,Phone,1,1,0,0,0,0,0,0,0,2,1.4,Low,0,0,0,0,,5.9,126,0,0,0,0,0,0,0,0,0,0,4,0.87,0,0,Unknown,No,No,No,No,0,2026-09-06,25,0,1,0,0,0,0,0,0,1,Current,20,0,0,Adequate,Diabetes,0,Patient Outreach,7,2026-09-27,1,P4,0
2026-10-01,PT-001478,CM-013,Claims,Northeast,Dual Eligible,71,Female,English,Portal,0,1,0,0,0,0,0,0,0,1,0.9,Medium,0,0,0,1,27,,154,0,0,0,1,0,0,0,0,0,0,4,0.83,0,0,No,No,No,Yes,No,1,2026-08-21,41,1,0,0,0,0,0,0,0,1,Not Started,,0,0,Adequate,Discharge Instructions,1,Patient Outreach,0,2026-10-04,0,P3,0
2026-10-01,PT-001479,CM-007,Claims,Mid-Atlantic,Dual Eligible,87,Female,English,Phone,0,0,0,0,0,0,0,0,0,0,1.01,Low,0,0,0,0,,,129,0,0,0,0,0,0,0,0,0,0,6,0.59,1,0,No,No,No,No,No,0,2026-09-05,26,3,0,0,0,0,0,0,0,1,Overdue,230,1,0,Adequate,Diet/Lifestyle,1,Medication Review,4,2026-10-06,0,P2,0
2026-10-01,PT-001480,CM-009,HIE,Southeast,Medicaid Managed Care,47,Female,Spanish,SMS,0,1,0,0,0,1,0,0,0,2,1.02,Low,1,0,0,0,,,141,0,0,0,1,1,0,0,0,1,0,9,0.85,0,1,No,No,No,No,No,0,2026-08-07,55,0,1,0,0,0,0,0,0,1,Overdue,252,0,0,Adequate,Medication,3,Care Plan Update,0,2026-10-05,0,P2,0
2026-10-01,PT-001481,CM-010,EHR,Midwest,Medicaid Managed Care,44,Male,English,Phone,0,0,0,0,0,0,0,0,0,0,0.78,Low,0,0,0,0,,,118,0,0,0,0,0,0,1,1,0,0,5,0.8,0,0,No,Yes,No,No,No,1,2026-08-24,38,5,1,0,0,0,0,0,0,0,Needs Review,104,0,0,Unknown,Medication,2,Patient Outreach,4,2026-10-03,0,P2,0
2026-10-01,PT-001482,CM-002,EHR,Southeast,Medicare Advantage,89,Male,English,Portal,0,1,0,0,0,0,0,0,0,1,0.75,Low,0,0,1,0,,,145,0,0,0,1,0,0,0,0,0,0,9,0.9,0,0,No,No,No,Yes,No,1,2026-09-05,26,0,0,0,1,0,0,0,0,1,Current,23,0,0,Unknown,Discharge Instructions,1,Patient Outreach,4,2026-10-03,0,P3,0
2026-10-01,PT-001483,CM-003,CareMgmt,Mid-Atlantic,Medicare Advantage,85,Male,English,Portal,1,0,1,1,0,0,0,0,0,3,1.54,High,0,0,0,0,,5.5,135,0,0,1,0,0,0,0,0,0,0,8,0.76,1,1,Unknown,No,No,No,No,0,2026-08-20,42,1,0,0,0,0,0,0,0,2,Overdue,324,0,0,Adequate,None,2,Care Gap Closure,0,2026-10-06,0,P3,0
2026-10-01,PT-001484,CM-014,CareMgmt,Northeast,Medicare Advantage,60,Male,Bengali,Phone,0,1,0,0,0,0,0,0,0,1,0.85,Low,0,0,0,0,,,149,0,0,0,1,0,0,0,0,0,0,0,0.55,0,0,Yes,No,Unknown,No,No,1,2026-08-31,31,0,1,0,0,0,0,0,0,0,Current,36,0,0,Adequate,Medication,1,Patient Outreach,3,2026-09-30,1,P4,0
2026-10-01,PT-001485,CM-010,CareMgmt,Northeast,Medicaid Managed Care,70,Female,Bengali,Phone,0,1,0,1,0,0,1,1,0,4,1.48,High,4,0,0,0,,,125,0,0,0,0,0,0,0,1,0,1,9,1.0,0,0,Unknown,No,No,No,Yes,1,2026-09-01,30,0,0,0,0,0,0,1,0,2,Needs Review,118,1,0,Low,COPD,2,Post-Discharge Follow-up,0,2026-10-06,0,P2,0
2026-10-01,PT-001486,CM-017,Claims,Southwest,Medicaid Managed Care,70,Male,Other,Phone,0,0,0,1,0,0,0,0,0,1,0.77,Medium,2,0,0,0,,,137,0,0,0,0,0,0,0,0,0,1,1,0.84,0,0,No,No,Yes,No,No,1,2026-08-21,41,0,0,0,0,0,0,0,0,0,Overdue,185,0,0,Limited,Medication,1,Patient Outreach,8,2026-09-28,1,P1,0
2026-10-01,PT-001487,CM-008,Claims,Southwest,Dual Eligible,79,Female,English,Phone,1,1,0,0,1,1,1,0,0,5,1.73,High,1,0,0,0,,7.1,173,0,0,0,1,0,0,0,0,0,0,16,0.73,1,1,No,No,Yes,No,No,1,2026-09-06,25,0,0,0,0,0,0,0,0,5,Needs Review,133,2,0,Adequate,Appointment Preparation,2,Medication Review,9,2026-10-05,0,P3,0
2026-10-01,PT-001488,CM-011,Pharmacy,Northeast,Medicaid Managed Care,54,Female,English,Phone,0,0,0,0,0,0,0,0,0,0,0.75,Low,0,0,0,0,,,122,0,0,0,0,0,0,0,0,0,0,2,1.0,0,0,No,No,No,No,Unknown,0,2026-09-05,26,1,0,0,1,0,0,0,0,0,Needs Review,139,0,0,Adequate,Medication,0,Medication Review,5,2026-10-04,0,P4,0
2026-10-01,PT-001489,CM-006,Claims,Mid-Atlantic,Medicaid Managed Care,52,Female,English,SMS,0,1,0,0,0,0,1,0,0,2,1.34,Low,0,0,0,0,,,122,0,0,0,0,0,0,0,0,0,0,3,0.76,1,0,No,No,No,No,Yes,1,2026-09-28,3,2,1,0,0,0,0,1,0,2,Current,22,0,1,Limited,None,1,Care Gap Closure,2,2026-10-03,0,P3,0
2026-10-01,PT-001490,CM-017,CareMgmt,Southwest,Medicare Advantage,71,Male,English,Phone,1,1,1,0,0,0,0,0,0,3,1.64,High,3,1,1,0,,7.6,155,0,1,1,1,0,0,0,0,0,0,8,0.79,1,0,No,No,Yes,No,Yes,2,2026-09-02,29,0,0,0,0,0,0,1,1,2,Overdue,316,0,0,Limited,None,4,Medication Review,11,2026-10-02,0,P4,0
2026-10-01,PT-001491,CM-008,EHR,Midwest,Medicaid Managed Care,72,Female,Spanish,Caregiver,0,1,0,0,0,0,0,0,0,1,0.91,Medium,3,0,0,0,,,120,0,0,0,0,0,0,0,0,0,0,6,0.74,1,0,Yes,No,Yes,No,Unknown,2,2026-08-11,51,0,0,0,0,1,0,0,0,3,Current,22,0,0,Limited,Medication,1,Care Gap Closure,0,2026-10-06,0,P1,1
2026-10-01,PT-001492,CM-018,CareMgmt,Northeast,Medicaid Managed Care,50,Female,English,Phone,0,1,1,0,0,1,0,0,0,3,1.95,Medium,1,0,0,0,,,112,0,0,0,0,0,0,1,0,0,0,7,1.0,0,0,No,No,Unknown,No,No,0,2026-08-29,33,1,1,0,0,0,0,1,0,1,Current,64,4,0,Adequate,Appointment Preparation,1,Social Resource Referral,0,2026-09-30,1,P3,0
2026-10-01,PT-001493,CM-006,CareMgmt,Northeast,Medicare Advantage,72,Male,English,Phone,0,1,0,0,0,0,0,0,0,1,0.49,Low,0,0,0,0,,,163,0,0,0,1,0,0,0,1,0,1,6,0.7,1,1,Unknown,No,No,No,Yes,1,2026-09-20,11,6,1,0,1,0,0,1,0,1,Not Started,,0,0,Adequate,None,4,Post-Discharge Follow-up,7,2026-09-28,1,P4,0
2026-10-01,PT-001494,CM-014,Pharmacy,Mid-Atlantic,Medicare Advantage,75,Female,English,Phone,0,1,0,0,0,0,0,1,0,2,0.91,Low,0,0,0,0,,,136,0,0,0,0,0,0,1,0,0,0,6,0.98,0,0,No,No,Yes,Unknown,No,1,2026-09-20,11,1,1,0,1,0,0,0,0,2,Needs Review,141,0,1,Limited,Diet/Lifestyle,1,Social Resource Referral,0,2026-10-02,0,P2,0
2026-10-01,PT-001495,CM-003,Pharmacy,Midwest,Medicare Advantage,81,Male,Spanish,Phone,1,1,0,0,0,0,0,0,0,2,1.16,Medium,0,0,0,0,,,158,1,0,0,1,0,0,0,0,0,1,9,0.73,1,0,No,No,No,No,No,0,2026-08-14,48,0,1,0,0,0,0,0,0,2,Overdue,266,0,0,Limited,Medication,4,Patient Education,9,2026-10-06,0,P3,1
2026-10-01,PT-001496,CM-002,CareMgmt,Southeast,Commercial Complex Care,43,Female,English,Phone,0,1,0,0,0,0,0,0,0,1,0.63,Low,0,0,0,0,,,157,0,0,0,1,0,0,0,0,0,0,4,0.93,0,0,Yes,Yes,No,No,No,2,2026-08-31,31,0,0,0,0,0,1,1,0,2,Current,87,0,0,Adequate,Appointment Preparation,1,Patient Outreach,6,2026-09-30,1,P3,0
2026-10-01,PT-001497,CM-011,CareMgmt,Southeast,Dual Eligible,63,Female,English,Phone,0,0,0,0,0,0,0,0,0,0,0.74,Low,0,0,0,0,,,125,0,0,0,0,1,0,0,0,0,0,2,0.77,1,1,No,No,No,No,No,0,2026-09-06,25,1,0,0,0,0,0,0,0,1,Current,34,2,0,Adequate,Diet/Lifestyle,2,Patient Outreach,0,2026-09-29,1,P3,0
2026-10-01,PT-001498,CM-012,CareMgmt,Southwest,Medicaid Managed Care,46,Female,English,Phone,0,0,0,0,0,1,0,0,0,1,0.86,Low,0,0,0,0,,,123,0,0,0,0,0,0,0,0,0,0,3,0.86,0,0,No,No,Unknown,Yes,No,1,2026-08-27,35,0,1,0,1,0,0,0,0,2,Needs Review,95,0,0,Limited,None,0,Patient Outreach,0,2026-09-29,1,P3,1
2026-10-01,PT-001499,CM-004,Pharmacy,Northeast,Medicare Advantage,74,Female,Russian,SMS,0,1,0,0,0,1,0,0,0,2,0.89,Medium,0,0,0,0,,,119,0,0,0,0,0,0,0,0,1,0,6,0.66,1,0,No,No,No,Unknown,Yes,1,2026-09-08,23,0,0,0,0,0,0,0,1,1,Current,55,0,0,Limited,None,2,Patient Outreach,8,2026-09-29,1,P2,0
2026-10-01,PT-001500,CM-015,CareMgmt,Southwest,Commercial Complex Care,58,Male,Other,Phone,1,1,0,0,1,0,0,0,0,3,1.59,Medium,0,0,0,0,,10.6,112,0,0,0,0,1,0,0,0,0,0,7,0.71,1,0,No,No,No,No,Yes,1,2026-09-16,15,0,0,1,1,0,0,1,0,1,Current,46,0,0,Adequate,Appointment Preparation,2,Patient Outreach,5,2026-10-01,0,P2,0
2026-10-01,PT-001501,CM-006,CareMgmt,Northeast,Medicare Advantage,74,Male,Unknown,Phone,0,0,0,0,1,0,0,0,0,1,1.22,Low,0,0,0,0,,,166,0,0,0,0,0,0,0,0,0,0,4,0.93,0,0,No,No,No,No,No,0,2026-09-25,6,0,0,0,0,0,0,1,0,3,Current,58,0,0,Adequate,None,0,Patient Outreach,3,2026-10-06,0,P3,0
2026-10-01,PT-001502,CM-001,CareMgmt,Northeast,Dual Eligible,79,Male,Spanish,SMS,0,1,0,1,0,0,0,0,0,2,1.17,Medium,1,0,1,0,,,167,0,0,0,1,0,0,1,0,0,0,6,0.78,1,0,No,No,No,No,No,0,2026-09-16,15,0,1,0,0,0,0,0,1,1,Current,25,0,0,Adequate,None,3,Patient Education,7,2026-10-06,0,P3,0
2026-10-01,PT-001503,CM-015,HIE,Northeast,Medicare Advantage,75,Male,English,Portal,0,1,0,0,0,0,0,0,0,1,0.72,Low,0,0,0,0,,,113,0,0,0,0,0,0,0,0,0,0,4,0.85,0,0,No,No,No,No,Yes,1,2026-09-12,19,0,0,0,0,1,0,0,0,0,Overdue,206,0,0,Unknown,Diet/Lifestyle,0,Medication Review,11,2026-10-03,0,P4,0
2026-10-01,PT-001504,CM-003,Claims,Southeast,Medicare Advantage,71,Female,English,Phone,0,1,0,0,1,0,0,0,0,2,1.75,Medium,0,0,0,0,,,128,0,0,0,0,0,0,0,0,0,1,4,1.0,0,0,Unknown,No,No,No,Yes,1,2026-09-08,23,0,0,0,0,0,0,0,0,1,Current,75,0,0,Low,Diet/Lifestyle,1,Patient Education,5,2026-09-28,1,P3,0
2026-10-01,PT-001505,CM-016,Claims,Southeast,Medicare Advantage,68,Male,Spanish,Portal,1,1,0,1,1,1,0,0,0,5,2.09,High,5,0,0,0,,9.4,146,0,1,1,1,1,0,0,0,1,0,16,0.99,0,0,No,No,Unknown,No,Unknown,0,2026-09-01,30,1,0,0,1,0,0,0,0,6,Current,42,0,0,Limited,None,5,Care Gap Closure,3,2026-10-05,0,P4,0
2026-10-01,PT-001506,CM-001,CareMgmt,Midwest,Medicaid Managed Care,52,Female,English,Portal,0,0,0,0,0,0,1,0,0,1,0.56,Low,0,0,0,0,,,100,0,0,0,0,0,0,0,0,0,0,5,0.85,0,0,No,No,No,No,Unknown,0,2026-09-18,13,0,0,0,0,0,0,0,0,0,Overdue,280,0,0,Low,Medication,0,Social Resource Referral,6,2026-09-30,1,P3,0
2026-10-01,PT-001507,CM-008,HIE,Southeast,Medicaid Managed Care,59,Male,Chinese,Phone,1,1,0,0,0,0,1,0,0,3,1.34,Low,0,0,0,0,,5.3,118,0,0,0,0,0,0,0,0,0,0,6,0.82,0,0,Unknown,No,Unknown,No,No,0,2026-09-06,25,1,0,0,0,0,0,0,0,3,Needs Review,93,0,0,Adequate,Medication,0,Medication Review,6,2026-10-05,0,P3,1
2026-10-01,PT-001508,CM-006,CareMgmt,Southwest,Medicare Advantage,75,Female,English,Phone,0,1,0,0,0,0,0,0,1,1,1.12,Low,0,0,0,0,,,134,0,0,0,0,0,0,1,1,0,0,5,0.69,1,0,No,No,No,No,No,0,2026-09-17,14,0,0,0,0,0,0,0,0,2,Needs Review,149,0,0,Adequate,Diet/Lifestyle,3,Patient Education,7,2026-09-28,1,P3,0
2026-10-01,PT-001509,CM-007,Pharmacy,Midwest,Medicare Advantage,86,Female,English,Phone,0,1,0,1,0,0,0,0,0,2,1.1,Medium,1,0,0,0,,,174,0,0,0,1,0,0,0,0,0,0,6,0.91,0,0,Yes,No,No,No,No,1,2026-08-20,42,0,1,0,0,0,0,0,0,3,Current,32,0,0,Limited,COPD,1,Patient Outreach,0,2026-10-03,0,P4,0
2026-10-01,PT-001510,CM-018,CareMgmt,Northeast,Medicare Advantage,69,Male,English,Phone,0,0,1,0,0,0,0,0,0,1,1.52,High,4,0,0,0,,,119,0,0,0,0,0,0,0,1,0,0,7,0.74,1,0,No,Yes,No,Yes,Yes,3,2026-09-11,20,0,1,0,0,0,0,0,1,1,Current,42,0,0,Unknown,Appointment Preparation,2,Care Plan Update,13,2026-10-04,0,P1,0
2026-10-01,PT-001511,CM-006,Claims,Northeast,Medicaid Managed Care,41,Female,English,Portal,0,0,0,0,0,0,0,0,0,0,1.01,Low,0,0,0,0,,,130,0,0,0,0,0,0,0,0,0,0,1,0.71,0,1,Yes,No,No,No,No,1,2026-08-04,58,1,0,0,1,0,0,0,0,2,Current,62,0,0,Low,Medication,0,Medication Review,2,2026-10-02,0,P2,0
2026-10-01,PT-001512,CM-018,Pharmacy,Mid-Atlantic,Dual Eligible,74,Male,English,SMS,0,0,0,0,0,1,1,0,0,2,1.52,Medium,1,0,0,0,,,137,0,0,0,0,0,0,1,0,0,1,4,0.67,1,0,No,Yes,No,No,No,1,2026-10-01,0,0,0,0,0,0,1,0,0,2,Current,87,0,0,Adequate,None,3,Patient Education,2,2026-10-06,0,P3,0
2026-10-01,PT-001513,CM-013,HIE,Southeast,Medicaid Managed Care,60,Female,English,Portal,0,1,0,0,0,0,0,0,0,1,1.13,Low,0,1,0,0,,,164,0,0,0,1,0,0,0,0,0,0,6,0.82,0,0,Yes,Yes,Yes,Unknown,No,3,,35,0,1,0,0,0,0,0,0,2,Current,37,0,0,Adequate,Diet/Lifestyle,1,Post-Discharge Follow-up,3,2026-10-03,0,P2,0
2026-10-01,PT-001514,CM-011,Pharmacy,Midwest,Dual Eligible,62,Female,Chinese,Phone,0,0,0,0,0,0,0,0,0,0,0.66,Low,0,0,0,0,,,130,0,0,0,0,0,0,0,0,0,1,2,0.96,0,0,No,Yes,Yes,Yes,No,3,2026-09-12,19,0,1,0,0,0,1,0,0,1,Current,46,0,0,Low,Diet/Lifestyle,1,Social Resource Referral,0,2026-09-27,1,P4,1
2026-10-01,PT-001515,CM-007,Claims,Midwest,Medicaid Managed Care,53,Female,English,Portal,0,0,0,0,0,0,0,0,0,0,0.95,Low,0,0,0,0,,,125,0,0,0,0,0,0,0,0,0,0,0,0.78,0,0,No,No,No,No,No,0,2026-08-27,35,0,1,0,0,0,0,0,0,2,Overdue,318,0,0,Limited,None,0,Patient Education,8,2026-09-27,1,P3,0
2026-10-01,PT-001516,CM-017,CareMgmt,Southeast,Commercial Complex Care,41,Female,English,Phone,0,1,0,0,1,0,0,0,0,2,1.28,Low,0,0,0,0,,,146,0,0,0,1,1,0,0,0,0,0,7,0.83,0,0,No,No,No,No,No,0,2026-10-01,0,0,0,0,0,0,0,0,0,3,Overdue,240,0,0,Adequate,Appointment Preparation,2,Medication Review,10,2026-10-06,0,P4,0
2026-10-01,PT-001517,CM-003,Claims,Midwest,Medicare Advantage,81,Female,English,Phone,0,1,0,1,0,0,0,0,0,2,1.26,Medium,1,0,0,0,,,155,0,0,0,1,0,0,0,1,0,0,11,0.89,0,1,No,Yes,No,Yes,Yes,3,2026-08-15,47,0,0,0,0,0,0,0,0,0,Overdue,211,0,0,Adequate,Appointment Preparation,2,Patient Outreach,8,2026-10-05,0,P4,0
2026-10-01,PT-001518,CM-005,EHR,Southeast,Medicare Advantage,78,Female,Spanish,SMS,0,0,0,0,0,0,0,0,0,0,1.01,Low,0,0,0,0,,,116,0,0,0,0,0,0,0,0,0,0,5,0.92,0,0,No,Unknown,No,Yes,No,1,2026-09-06,25,2,0,0,0,0,0,0,0,1,Overdue,226,0,0,Unknown,Appointment Preparation,0,Care Plan Update,8,2026-09-29,1,P3,0
2026-10-01,PT-001519,CM-010,CareMgmt,Midwest,Medicare Advantage,74,Male,English,Phone,0,0,0,0,0,0,0,0,0,0,0.95,Low,0,0,0,0,,,113,0,0,0,0,0,0,0,0,0,0,7,0.94,0,0,Yes,No,Unknown,No,No,1,2026-08-24,38,0,0,0,0,0,0,0,1,1,Needs Review,106,0,0,Unknown,Medication,0,Patient Outreach,3,2026-10-03,0,P4,0
2026-10-01,PT-001520,CM-002,EHR,Mid-Atlantic,Medicare Advantage,69,Female,English,Phone,0,0,0,0,1,1,0,0,0,2,1.25,Medium,0,0,0,0,,,140,0,0,0,0,0,0,1,0,0,0,7,0.95,0,0,No,Yes,No,No,No,1,2026-09-10,21,0,0,0,0,0,0,0,0,3,Needs Review,105,0,0,Adequate,Diet/Lifestyle,1,Patient Outreach,11,2026-10-06,0,P3,0
2026-10-01,PT-001521,CM-005,EHR,Mid-Atlantic,Medicare Advantage,74,Female,Bengali,Phone,1,1,1,0,0,0,0,0,0,3,1.7,Medium,1,0,0,0,,8.6,135,0,0,0,0,0,0,0,0,0,0,11,0.87,0,0,No,Unknown,No,No,Yes,1,2026-08-20,42,0,0,0,0,0,0,0,0,3,Needs Review,115,0,0,Adequate,COPD,0,Post-Discharge Follow-up,1,2026-10-06,0,P4,0
2026-10-01,PT-001522,CM-015,CareMgmt,Midwest,Medicaid Managed Care,36,Female,English,Portal,0,1,0,0,0,1,0,0,0,2,1.28,Low,0,0,0,0,,,125,0,0,0,0,0,0,0,0,0,0,8,0.77,1,1,No,No,Yes,No,No,1,,29,5,0,0,0,0,0,1,0,2,Current,74,1,0,Limited,None,1,Care Plan Update,7,2026-09-30,1,P3,0
2026-10-01,PT-001523,CM-005,CareMgmt,Southwest,Medicare Advantage,80,Male,English,Phone,0,0,0,0,0,0,0,0,1,0,0.61,Low,0,0,0,0,,,140,0,0,0,0,0,0,0,0,0,0,3,0.92,0,0,No,Yes,No,No,No,1,2026-08-14,48,0,0,0,0,0,0,0,0,0,Overdue,332,0,0,Limited,CHF,0,Care Gap Closure,3,2026-09-30,1,P4,0
2026-10-01,PT-001524,CM-009,EHR,Midwest,Medicaid Managed Care,58,Female,English,Phone,1,0,1,0,0,0,1,0,0,3,0.82,High,4,0,0,0,,,116,0,0,0,0,0,0,0,1,0,0,10,0.88,0,0,Yes,No,No,No,No,1,2026-09-21,10,0,0,0,0,0,0,1,0,2,Overdue,218,2,0,Low,Diet/Lifestyle,1,Patient Outreach,4,2026-10-06,0,P1,0
2026-10-01,PT-001525,CM-003,EHR,Southwest,Medicare Advantage,77,Female,English,Portal,0,0,0,1,0,0,0,1,1,2,1.29,Medium,0,0,0,0,,,106,0,0,0,0,0,0,0,1,0,0,6,0.89,0,0,Yes,No,No,Yes,No,2,2026-10-01,0,0,0,0,0,0,0,1,0,2,Current,67,0,0,Limited,Medication,1,Patient Outreach,5,2026-10-03,0,P4,0
2026-10-01,PT-001526,CM-010,CareMgmt,Northeast,Dual Eligible,70,Female,Spanish,SMS,0,1,0,0,0,0,0,0,0,1,0.59,Low,0,2,0,0,,,119,0,0,0,0,0,0,0,0,0,1,4,0.74,1,0,No,Unknown,No,No,No,0,2026-09-26,5,0,0,0,0,0,0,0,0,3,Current,79,0,0,Adequate,None,2,Care Gap Closure,2,2026-10-06,0,P1,0
2026-10-01,PT-001527,CM-014,Claims,Midwest,Medicaid Managed Care,81,Female,English,Phone,1,1,1,0,0,1,0,0,0,4,1.48,High,0,0,0,0,,6.8,146,1,1,0,1,0,0,0,0,1,0,14,0.61,1,1,Unknown,No,No,No,No,0,2026-08-31,31,1,1,0,0,0,0,0,0,1,Needs Review,139,0,0,Adequate,Diet/Lifestyle,5,Care Plan Update,6,2026-10-03,0,P3,0
2026-10-01,PT-001528,CM-011,Claims,Southwest,Dual Eligible,69,Female,Spanish,Portal,0,1,0,0,1,0,0,0,0,2,1.25,Medium,0,0,2,1,20,,137,0,0,0,0,0,1,1,0,0,0,8,0.84,0,1,No,No,Yes,No,Unknown,1,2026-09-06,25,2,1,0,0,0,0,0,1,3,Current,33,0,0,Unknown,Appointment Preparation,2,Care Plan Update,5,2026-10-03,0,P3,1
2026-10-01,PT-001529,CM-004,Pharmacy,Northeast,Medicare Advantage,74,Female,English,Phone,0,0,0,0,0,0,0,0,0,0,0.61,Low,0,0,0,0,,,143,0,0,0,0,0,0,1,0,0,0,2,0.87,0,1,No,No,No,Yes,No,1,2026-09-12,19,0,1,0,0,0,0,0,0,3,Not Started,,0,0,Limited,COPD,1,Social Resource Referral,0,2026-10-02,0,P3,0
2026-10-01,PT-001530,CM-006,Claims,Northeast,Medicare Advantage,73,Female,English,Portal,0,1,0,0,0,0,0,0,0,1,1.18,Low,0,0,0,0,,,143,0,0,0,1,0,0,0,0,0,0,5,0.68,1,1,No,No,No,No,No,0,2026-09-02,29,1,1,0,0,0,0,0,0,1,Not Started,,0,0,Limited,None,2,Patient Outreach,2,2026-10-06,0,P3,0
2026-10-01,PT-001531,CM-013,CareMgmt,Northeast,Dual Eligible,70,Male,English,Caregiver,0,0,0,0,1,0,1,0,1,2,1.61,Medium,0,0,0,0,,,133,0,0,0,0,0,0,0,0,0,0,4,0.79,1,0,No,Unknown,No,No,No,0,2026-10-01,0,2,1,0,0,1,0,0,1,2,Needs Review,110,0,0,Adequate,Discharge Instructions,1,Provider Follow-up,6,2026-09-30,1,P1,0
2026-10-01,PT-001532,CM-015,CareMgmt,Northeast,Medicaid Managed Care,62,Female,Spanish,Portal,0,1,0,0,0,0,0,0,0,1,1.06,Low,0,0,0,0,,,147,0,0,0,1,0,0,0,0,0,0,6,0.78,1,1,No,No,No,Unknown,No,0,2026-09-16,15,0,1,0,0,0,0,0,0,0,Current,11,0,0,Adequate,COPD,2,Patient Outreach,0,2026-10-03,0,P4,0
2026-10-01,PT-001533,CM-015,Pharmacy,Southeast,Dual Eligible,81,Female,English,Portal,1,0,0,0,0,0,1,0,0,2,0.82,Low,0,0,1,0,,6.3,138,0,0,0,0,0,0,0,0,0,0,6,0.83,0,1,No,No,No,Yes,Unknown,1,2026-09-30,1,0,1,0,1,0,0,0,0,1,Current,74,1,0,Limited,Diabetes,0,Medication Review,3,2026-10-01,0,P1,0
2026-10-01,PT-001534,CM-017,CareMgmt,Southeast,Commercial Complex Care,73,Male,Chinese,Phone,1,1,0,0,1,0,0,0,0,3,1.06,Medium,0,0,1,0,,,142,0,0,0,1,0,0,0,0,0,0,6,0.73,1,0,No,No,No,No,Yes,1,2026-09-06,25,0,1,0,0,0,0,0,0,2,Current,28,0,0,Low,CHF,2,Patient Education,0,2026-09-27,1,P2,0
2026-10-01,PT-001535,CM-009,Pharmacy,Northeast,Medicaid Managed Care,55,Male,Spanish,Phone,0,0,0,0,0,0,0,0,0,0,1.0,Low,0,0,0,0,,,126,0,0,0,0,0,0,0,0,0,1,1,0.73,0,0,No,No,Yes,No,No,1,2026-09-01,30,0,0,0,0,0,0,0,0,1,Overdue,192,3,0,Adequate,None,1,Care Gap Closure,10,2026-10-06,0,P3,0
2026-10-01,PT-001536,CM-006,EHR,Midwest,Medicare Advantage,76,Male,English,Portal,0,1,0,0,0,0,0,0,0,1,0.89,Low,1,0,0,0,,,136,0,0,0,0,0,0,0,0,0,0,7,0.76,1,0,Yes,Yes,No,No,No,2,2026-09-03,28,0,1,0,1,0,0,0,0,1,Current,36,0,0,Adequate,Medication,1,Care Gap Closure,1,2026-10-05,0,P2,0
2026-10-01,PT-001537,CM-006,Claims,Mid-Atlantic,Medicare Advantage,70,Female,English,Phone,0,1,0,0,0,0,0,1,0,2,1.36,Low,0,0,0,0,,,140,0,0,0,1,0,0,0,1,0,0,8,0.91,0,0,Yes,No,No,No,No,1,2026-08-26,36,1,1,1,0,0,0,1,0,3,Overdue,247,0,0,Low,Medication,2,Medication Review,4,2026-09-30,1,P2,0
2026-10-01,PT-001538,CM-007,Claims,Northeast,Medicare Advantage,79,Female,English,Phone,0,1,0,0,0,0,0,0,0,1,0.59,Low,0,0,0,0,,,137,0,0,0,0,1,0,1,0,0,0,6,0.76,1,0,Yes,No,No,No,No,1,2026-08-03,59,0,1,0,1,0,0,0,0,0,Overdue,246,0,0,Low,Diet/Lifestyle,3,Social Resource Referral,7,2026-10-03,0,P2,0
2026-10-01,PT-001539,CM-009,CareMgmt,Northeast,Commercial Complex Care,42,Female,English,Phone,1,0,0,0,0,1,0,0,0,2,1.42,Low,0,1,0,0,,9.4,143,0,0,0,0,1,0,0,0,0,0,5,0.89,0,0,No,No,No,No,No,0,2026-09-19,12,1,1,0,0,0,0,0,0,4,Current,22,0,0,Limited,None,1,Patient Outreach,2,2026-10-04,0,P4,0
2026-10-01,PT-001540,CM-014,HIE,Southeast,Medicare Advantage,69,Female,English,Phone,0,0,0,0,0,0,0,0,0,0,0.61,Low,0,0,0,0,,,122,0,0,0,0,0,0,1,0,0,0,4,0.83,0,0,No,No,No,No,No,0,2026-09-12,19,0,1,0,0,0,0,0,0,1,Not Started,,0,0,Adequate,COPD,1,Patient Education,0,2026-09-27,1,P3,0
2026-10-01,PT-001541,CM-010,Claims,Northeast,Medicare Advantage,64,Female,English,Phone,1,0,1,0,0,0,0,0,0,2,1.84,Medium,0,0,1,1,21,9.1,113,0,1,0,0,0,1,0,0,0,1,8,0.85,0,0,No,No,No,No,No,0,2026-09-10,21,0,0,0,0,0,0,0,0,1,Current,80,0,0,Low,Discharge Instructions,3,Post-Discharge Follow-up,5,2026-10-05,0,P2,0
2026-10-01,PT-001542,CM-008,EHR,Northeast,Medicare Advantage,73,Male,English,Phone,0,0,0,0,0,0,0,0,0,0,0.48,Low,0,0,0,0,,,136,0,0,0,0,0,0,1,0,0,0,3,0.82,0,0,No,Yes,No,No,No,1,2026-09-01,30,0,0,0,0,0,1,0,0,2,Not Started,,0,0,Limited,COPD,1,Care Plan Update,0,2026-09-27,1,P3,0
2026-10-01,PT-001543,CM-012,Claims,Southwest,Medicare Advantage,86,Female,English,SMS,0,1,0,0,1,0,1,0,0,3,0.98,High,2,0,0,1,10,,150,0,0,0,1,0,0,0,0,0,0,11,0.98,0,1,No,No,Unknown,No,No,0,2026-10-01,0,1,1,0,0,0,0,1,1,4,Needs Review,119,0,0,Low,Medication,1,Patient Outreach,6,2026-09-30,1,P2,0
2026-10-01,PT-001544,CM-011,Claims,Mid-Atlantic,Medicare Advantage,77,Female,English,Phone,1,0,1,0,0,0,0,0,0,2,1.37,Medium,0,0,0,0,,8.0,111,0,1,1,0,0,0,0,0,0,0,5,0.96,0,0,No,No,No,No,Unknown,0,2026-08-28,34,0,0,0,0,0,0,0,0,1,Not Started,,0,0,Limited,Medication,2,Patient Outreach,0,2026-09-29,1,P3,0
2026-10-01,PT-001545,CM-001,Claims,Northeast,Dual Eligible,67,Female,English,Phone,0,1,0,0,0,0,0,0,0,1,0.6,Medium,0,0,0,1,11,,127,0,0,0,0,1,1,0,0,0,0,10,0.61,1,0,No,No,No,No,No,0,2026-09-12,19,0,0,0,0,0,0,0,0,0,Not Started,,0,0,Adequate,None,3,Patient Education,0,2026-10-03,0,P3,0
2026-10-01,PT-001546,CM-010,HIE,Northeast,Medicare Advantage,59,Female,English,Phone,0,1,0,0,0,0,0,0,0,1,1.19,Low,0,0,0,0,,,137,0,0,0,0,1,0,0,0,0,0,0,0.97,0,0,No,No,No,No,No,0,2026-09-06,25,0,0,1,0,0,0,0,0,2,Needs Review,117,0,0,Adequate,None,1,Provider Follow-up,1,2026-10-04,0,P1,0
2026-10-01,PT-001547,CM-002,EHR,Southwest,Medicare Advantage,83,Male,English,Phone,0,1,0,0,1,0,0,0,0,2,1.58,Medium,0,0,0,0,,,155,0,0,0,1,1,0,1,0,0,0,6,0.8,0,0,No,No,No,Yes,Yes,2,2026-08-16,46,0,0,0,0,0,0,0,0,0,Overdue,208,0,0,Adequate,None,3,Provider Follow-up,1,2026-09-28,1,P4,0
2026-10-01,PT-001548,CM-016,Claims,Midwest,Medicare Advantage,82,Female,English,Portal,1,1,0,0,1,0,1,0,1,4,1.81,High,1,0,4,1,4,8.6,149,0,0,0,1,1,1,0,1,0,1,14,1.0,0,0,No,No,No,Yes,No,1,2026-09-01,30,3,0,0,0,0,0,0,0,3,Current,70,0,1,Low,None,5,Care Gap Closure,5,2026-09-29,1,P3,0
2026-10-01,PT-001549,CM-003,Pharmacy,Midwest,Medicare Advantage,74,Female,English,Phone,0,1,1,0,0,0,0,0,0,2,1.25,Medium,1,0,0,0,,,130,0,0,0,0,0,0,0,0,0,1,4,0.97,0,1,No,No,No,No,No,0,2026-09-15,16,1,0,0,0,0,0,0,1,2,Current,58,0,0,Limited,Medication,1,Care Gap Closure,7,2026-10-03,0,P2,0
2026-10-01,PT-001550,CM-004,Claims,Northeast,Medicaid Managed Care,52,Female,Chinese,Caregiver,0,1,0,0,0,0,0,0,0,1,0.91,Low,0,0,0,0,,,145,0,0,0,1,0,0,1,0,0,0,4,0.97,0,0,No,No,No,No,Yes,1,2026-09-04,27,0,1,0,0,0,0,0,0,1,Current,22,0,0,Unknown,Appointment Preparation,2,Medication Review,2,2026-09-29,1,P4,0
2026-10-01,PT-001551,CM-005,HIE,Mid-Atlantic,Commercial Complex Care,30,Female,English,Portal,1,1,0,0,0,1,0,0,0,3,1.23,Medium,0,0,0,0,,8.1,145,0,0,0,1,0,0,0,0,1,0,7,0.76,1,0,No,No,No,No,Unknown,0,2026-09-30,1,0,0,0,1,0,0,0,0,2,Current,50,0,0,Adequate,Diabetes,3,Patient Outreach,6,2026-09-27,1,P4,0
2026-10-01,PT-001552,CM-015,CareMgmt,Southeast,Medicaid Managed Care,72,Female,English,Portal,0,1,0,0,0,0,0,0,0,1,0.67,Low,0,0,0,0,,,152,0,0,0,1,0,0,0,0,0,0,3,0.9,0,1,No,No,No,No,Yes,1,2026-08-19,43,1,1,0,1,0,0,0,0,2,Current,59,0,0,Adequate,Diet/Lifestyle,1,Patient Outreach,0,2026-09-30,1,P2,0
2026-10-01,PT-001553,CM-004,CareMgmt,Midwest,Dual Eligible,72,Male,English,SMS,0,0,0,0,0,0,0,0,0,0,0.71,Low,0,0,0,0,,,130,0,0,0,0,1,0,0,0,0,0,7,0.79,1,0,No,Yes,No,No,Unknown,1,2026-09-30,1,0,0,0,0,0,0,0,0,2,Overdue,288,1,0,Unknown,Medication,2,Care Gap Closure,1,2026-10-03,0,P3,0
2026-10-01,PT-001554,CM-011,Claims,Midwest,Dual Eligible,81,Female,English,Caregiver,1,0,0,0,0,0,0,0,0,1,0.62,Medium,0,0,0,1,7,6.7,112,0,0,0,0,0,1,0,0,0,0,4,0.81,0,0,No,No,No,Yes,Yes,2,2026-08-21,41,0,0,0,0,0,0,0,0,3,Current,68,0,0,Limited,None,1,Medication Review,2,2026-10-02,0,P3,0
2026-10-01,PT-001555,CM-006,EHR,Southwest,Medicare Advantage,71,Male,Other,Phone,0,1,0,0,1,0,1,0,1,3,1.83,Medium,0,0,0,0,,,162,0,0,0,1,0,0,0,0,0,0,9,0.92,0,0,Yes,No,Unknown,No,No,1,2026-10-01,0,0,1,0,0,0,0,0,0,3,Current,23,0,0,Adequate,Medication,1,Provider Follow-up,2,2026-10-04,0,P3,0
2026-10-01,PT-001556,CM-009,HIE,Midwest,Medicare Advantage,72,Female,English,SMS,0,0,0,0,1,1,0,0,0,2,1.29,Medium,0,0,0,0,,,162,0,0,0,0,0,0,0,0,0,0,5,0.68,1,0,No,No,No,No,No,0,2026-09-08,23,1,1,0,0,0,0,0,0,0,Not Started,,0,0,Adequate,None,1,Patient Outreach,0,2026-09-28,1,P1,0
2026-10-01,PT-001557,CM-014,EHR,Northeast,Dual Eligible,73,Female,Spanish,Portal,0,0,1,0,0,0,0,0,0,1,1.14,Low,0,0,0,0,,,111,0,0,0,0,0,0,0,1,0,0,2,0.84,0,0,Yes,No,No,No,No,1,2026-09-15,16,0,0,0,1,1,0,0,1,0,Needs Review,149,1,0,Unknown,None,1,Social Resource Referral,2,2026-10-01,0,P1,0
2026-10-01,PT-001558,CM-004,EHR,Southeast,Commercial Complex Care,54,Female,English,Phone,0,0,0,0,1,1,0,0,0,2,1.07,Medium,3,0,0,0,,,158,0,0,0,0,0,0,0,0,0,0,7,1.0,0,0,Yes,No,Yes,No,No,2,2026-09-04,27,3,1,0,1,0,0,0,0,3,Current,83,0,0,Low,None,0,Provider Follow-up,2,2026-10-03,0,P3,0
2026-10-01,PT-001559,CM-003,Claims,Northeast,Medicare Advantage,80,Female,Bengali,Phone,1,1,0,0,0,0,0,0,0,2,0.73,Low,0,0,0,0,,7.9,116,0,0,0,0,0,0,0,0,0,0,10,0.96,0,0,No,No,No,No,Unknown,0,2026-09-16,15,0,1,0,0,0,0,0,0,1,Current,7,0,0,Adequate,Medication,0,Post-Discharge Follow-up,0,2026-09-30,1,P3,0
2026-10-01,PT-001560,CM-017,EHR,Southeast,Medicare Advantage,72,Male,Spanish,Phone,0,1,1,0,0,0,0,0,0,2,0.95,Medium,0,0,0,0,,,174,0,0,0,1,0,0,0,0,0,0,8,0.75,1,0,Unknown,No,Yes,No,No,1,2026-10-01,0,0,1,0,0,0,0,0,0,2,Current,43,0,0,Adequate,None,2,Patient Outreach,1,2026-10-05,0,P3,0
2026-10-01,PT-001561,CM-016,Claims,Mid-Atlantic,Commercial Complex Care,58,Female,Spanish,Phone,0,0,0,0,0,0,1,0,0,1,1.04,Low,0,0,0,0,,,152,0,0,0,0,0,0,0,0,0,0,2,0.82,0,0,No,No,No,No,No,0,2026-09-11,20,0,0,0,1,1,0,0,0,0,Current,3,0,1,Adequate,None,0,Care Gap Closure,0,2026-09-28,1,P2,0
2026-10-01,PT-001562,CM-016,Pharmacy,Southeast,Medicare Advantage,87,Male,English,Portal,1,1,0,1,0,0,0,0,1,3,1.5,High,2,0,0,0,,8.0,120,0,1,0,0,0,0,1,0,0,0,5,0.89,0,0,Yes,No,No,No,Yes,2,2026-08-25,37,0,0,0,0,1,0,0,0,3,Current,7,0,0,Adequate,Diet/Lifestyle,2,Patient Outreach,2,2026-10-05,0,P2,0
2026-10-01,PT-001563,CM-017,HIE,Northeast,Medicare Advantage,75,Male,English,Portal,1,1,0,1,0,0,1,0,0,4,1.5,Medium,0,0,1,0,,9.7,103,0,1,0,0,0,0,0,0,0,0,9,1.0,0,0,No,No,No,No,No,0,2026-09-08,23,0,0,0,0,0,0,0,1,3,Current,45,0,0,Adequate,Diet/Lifestyle,1,Patient Outreach,3,2026-09-28,1,P4,0
2026-10-01,PT-001564,CM-017,Claims,Mid-Atlantic,Medicare Advantage,63,Male,English,Phone,0,0,0,0,0,1,0,0,0,1,0.61,Low,0,0,0,0,,,112,0,0,0,0,0,0,0,0,0,0,6,0.87,0,0,No,Yes,No,No,No,1,2026-08-29,33,0,1,0,0,0,0,0,0,2,Needs Review,126,0,0,Low,Medication,0,Care Gap Closure,0,2026-09-28,1,P2,0
2026-10-01,PT-001565,CM-017,EHR,Southwest,Medicare Advantage,82,Female,English,Phone,0,0,0,1,0,0,1,0,0,2,0.99,Medium,0,0,0,0,,,144,0,0,0,0,0,0,1,1,1,1,4,0.78,1,1,No,No,No,No,No,0,2026-09-01,30,3,0,0,1,0,0,0,0,1,Not Started,,0,0,Adequate,Medication,5,Patient Outreach,5,2026-10-06,0,P3,0
2026-10-01,PT-001566,CM-018,HIE,Northeast,Medicare Advantage,69,Female,English,Portal,0,0,1,0,0,1,0,0,0,2,0.6,Medium,0,0,0,0,,,130,0,0,0,0,0,0,1,0,1,0,4,0.55,1,0,Unknown,No,No,No,No,0,2026-09-24,7,0,1,0,0,0,0,0,0,3,Overdue,228,0,0,Limited,None,3,Patient Outreach,0,2026-10-02,0,P2,0
2026-10-01,PT-001567,CM-001,CareMgmt,Southwest,Medicare Advantage,85,Male,English,Portal,0,1,0,0,0,0,0,0,0,1,0.8,Low,2,0,0,0,,,131,0,0,0,0,0,0,1,1,0,0,9,0.93,0,0,Yes,No,No,No,No,1,2026-09-05,26,1,0,0,0,0,0,0,0,2,Current,65,0,0,Limited,None,2,Social Resource Referral,0,2026-10-06,0,P2,0
2026-10-01,PT-001568,CM-013,Pharmacy,Northeast,Commercial Complex Care,50,Male,Russian,Phone,0,1,0,0,0,0,0,0,0,1,0.64,Low,0,0,0,0,,,137,0,0,0,0,0,0,0,0,0,0,2,0.85,0,0,No,No,No,No,No,0,2026-09-21,10,1,0,0,0,0,0,1,0,1,Needs Review,110,0,0,Adequate,None,0,Care Gap Closure,5,2026-09-29,1,P2,0
2026-10-01,PT-001569,CM-006,EHR,Mid-Atlantic,Dual Eligible,95,Female,Bengali,Phone,1,1,1,1,0,1,0,0,0,5,2.02,High,5,0,0,0,,8.8,138,0,0,0,0,0,0,0,1,1,0,11,0.71,1,1,No,No,No,No,No,0,2026-09-26,5,0,1,1,0,0,0,0,1,5,Current,72,0,0,Adequate,Discharge Instructions,3,Patient Education,5,2026-10-04,0,P4,0
2026-10-01,PT-001570,CM-007,EHR,Northeast,Commercial Complex Care,73,Female,English,SMS,0,1,0,0,0,0,0,0,0,1,0.97,Low,0,0,0,0,,,112,0,0,0,0,0,0,0,1,0,0,4,0.99,0,0,No,No,No,No,No,0,2026-10-01,0,0,0,0,0,0,0,0,0,2,Overdue,240,0,0,Adequate,None,1,Social Resource Referral,5,2026-10-02,0,P1,0
2026-10-01,PT-001571,CM-017,EHR,Mid-Atlantic,Medicaid Managed Care,61,Male,English,Phone,0,0,0,0,0,1,0,0,0,1,0.2,Low,0,0,0,0,,,144,0,0,0,0,0,0,0,1,1,0,5,0.6,1,1,No,No,No,No,No,0,2026-09-26,5,0,0,0,0,0,0,0,0,0,Not Started,,0,0,Adequate,Appointment Preparation,3,Patient Outreach,4,2026-10-01,0,P4,1
2026-10-01,PT-001572,CM-009,CareMgmt,Mid-Atlantic,Dual Eligible,68,Male,English,SMS,1,1,1,0,0,0,1,0,0,4,1.71,High,0,0,3,0,,5.2,158,0,0,0,1,0,0,0,0,0,0,9,0.9,0,0,No,Yes,No,No,Yes,2,2026-09-06,25,3,1,0,0,0,0,0,0,1,Current,58,0,0,Adequate,COPD,1,Patient Outreach,9,2026-10-02,0,P1,0
2026-10-01,PT-001573,CM-010,Claims,Southwest,Dual Eligible,83,Male,English,Phone,0,1,1,0,1,0,0,0,0,3,1.93,High,0,0,3,1,14,,140,0,0,0,1,0,0,1,0,0,0,13,0.91,0,0,No,Yes,Unknown,No,No,1,2026-09-23,8,0,0,0,0,1,1,0,0,2,Current,73,0,0,Adequate,Diet/Lifestyle,2,Care Gap Closure,0,2026-10-01,0,P2,1
2026-10-01,PT-001574,CM-013,HIE,Northeast,Medicare Advantage,63,Male,Chinese,Phone,1,0,1,0,1,0,0,0,0,3,1.79,Medium,0,0,0,0,,9.8,141,0,0,0,0,1,1,0,0,0,1,7,0.87,0,0,No,Unknown,No,No,No,0,2026-09-29,2,0,0,0,0,0,0,0,0,3,Current,12,1,0,Adequate,Medication,3,Care Plan Update,1,2026-10-04,0,P4,0
2026-10-01,PT-001575,CM-005,CareMgmt,Southwest,Medicare Advantage,84,Male,Other,Phone,1,0,0,0,0,0,0,1,0,2,0.72,Medium,0,0,0,1,28,7.5,148,0,0,0,0,0,1,0,0,0,0,9,0.77,1,0,No,No,No,Unknown,No,0,2026-09-11,20,0,1,0,0,0,0,1,0,1,Current,27,0,1,Adequate,None,2,Social Resource Referral,0,2026-10-06,0,P2,0
2026-10-01,PT-001576,CM-005,CareMgmt,Southeast,Dual Eligible,89,Male,English,Phone,1,1,0,0,1,1,0,0,0,4,1.83,High,0,0,0,0,,8.5,142,0,1,0,1,0,0,0,0,0,0,14,0.62,1,0,No,Yes,No,No,Yes,2,2026-08-17,45,2,0,0,0,0,0,1,0,1,Overdue,199,0,0,Adequate,None,3,Patient Outreach,8,2026-09-28,1,P3,0
2026-10-01,PT-001577,CM-017,EHR,Southwest,Medicare Advantage,89,Male,English,Phone,0,1,0,0,0,0,0,0,0,1,0.44,Low,0,0,0,0,,,160,0,0,0,1,0,0,0,0,0,0,4,1.0,0,0,No,No,No,No,No,0,2026-10-01,0,4,1,0,0,0,0,0,0,1,Current,41,0,0,Adequate,Medication,1,Care Plan Update,5,2026-09-30,1,P3,0
2026-10-01,PT-001578,CM-003,CareMgmt,Mid-Atlantic,Dual Eligible,68,Male,English,Portal,0,0,0,1,0,0,0,0,0,1,0.9,Medium,0,0,0,0,,,136,0,0,0,0,0,0,1,1,0,0,4,0.86,0,0,No,Yes,Yes,No,No,2,2026-09-11,20,0,0,0,0,0,1,0,0,1,Not Started,,0,1,Adequate,Medication,2,Patient Outreach,3,2026-10-05,0,P2,0
2026-10-01,PT-001579,CM-018,CareMgmt,Southwest,Medicare Advantage,67,Female,Russian,Phone,0,1,0,0,0,0,0,0,0,1,0.89,Low,0,1,0,0,,,145,0,0,0,1,0,0,0,0,0,0,6,0.82,0,0,No,No,No,No,No,0,2026-10-01,0,0,0,0,0,0,0,0,0,2,Overdue,160,0,0,Adequate,Medication,1,Patient Education,0,2026-10-05,0,P2,0
2026-10-01,PT-001580,CM-012,Pharmacy,Midwest,Dual Eligible,76,Male,English,Portal,0,0,0,0,0,0,0,0,0,0,0.51,Low,0,0,0,0,,,132,0,0,0,0,0,0,1,0,0,0,1,0.69,0,0,No,No,No,No,Yes,1,2026-07-29,64,0,1,0,0,0,0,0,0,1,Overdue,256,0,0,Adequate,Medication,1,Medication Review,0,2026-09-30,1,P3,0
2026-10-01,PT-001581,CM-013,CareMgmt,Northeast,Medicare Advantage,61,Female,Unknown,Phone,0,0,0,0,0,1,0,0,0,1,0.71,Low,2,0,0,0,,,159,0,0,0,0,0,0,0,1,0,0,0,0.77,0,0,No,No,No,No,No,0,2026-09-08,23,3,1,0,0,0,0,0,0,3,Overdue,211,0,0,Unknown,None,1,Post-Discharge Follow-up,3,2026-10-03,0,P4,0
2026-10-01,PT-001582,CM-006,CareMgmt,Southeast,Dual Eligible,64,Male,English,Portal,1,1,0,0,0,0,0,0,1,2,1.54,Medium,0,0,0,0,,9.1,123,0,0,1,0,0,0,0,0,0,0,5,0.78,1,0,No,No,No,Unknown,Yes,1,2026-08-28,34,1,0,0,0,1,0,0,0,3,Overdue,355,0,1,Adequate,None,2,Post-Discharge Follow-up,0,2026-09-28,1,P4,0
2026-10-01,PT-001583,CM-015,CareMgmt,Southeast,Medicare Advantage,68,Male,Other,Caregiver,0,0,0,0,0,0,1,0,0,1,1.49,Low,0,0,0,0,,,122,0,0,0,0,0,0,1,0,0,0,5,0.91,0,0,No,No,Unknown,No,No,0,2026-09-16,15,0,0,0,0,0,0,0,0,2,Needs Review,101,0,0,Unknown,Medication,1,Patient Outreach,2,2026-09-29,1,P3,0
2026-10-01,PT-001584,CM-014,EHR,Northeast,Dual Eligible,78,Female,English,Portal,0,0,1,0,1,0,0,1,1,3,1.96,High,0,0,0,0,,,155,0,0,0,0,0,0,1,0,0,0,7,0.86,0,0,No,No,No,Yes,Yes,2,2026-09-08,23,0,1,0,0,0,0,0,1,1,Current,34,0,0,Limited,Appointment Preparation,1,Social Resource Referral,6,2026-10-03,0,P4,0
2026-10-01,PT-001585,CM-006,CareMgmt,Mid-Atlantic,Medicare Advantage,66,Male,English,Caregiver,0,1,1,0,0,0,0,0,1,2,1.5,High,4,1,0,0,,,124,0,0,0,0,1,0,0,0,0,0,9,0.88,0,0,No,No,Unknown,Yes,Unknown,1,2026-08-28,34,0,1,0,0,0,0,0,0,1,Overdue,224,0,0,Adequate,None,1,Medication Review,9,2026-10-01,0,P3,0
2026-10-01,PT-001586,CM-002,HIE,Mid-Atlantic,Medicaid Managed Care,50,Male,English,Portal,0,0,0,0,0,0,0,0,0,0,1.07,Low,0,0,0,0,,,114,0,0,0,0,0,0,0,0,1,0,3,0.63,1,0,No,No,Yes,No,No,1,2026-10-01,0,0,0,0,1,0,0,1,1,1,Current,72,0,0,Limited,None,2,Patient Outreach,5,2026-10-02,0,P2,0
2026-10-01,PT-001587,CM-003,Pharmacy,Midwest,Medicare Advantage,85,Female,English,Phone,0,1,0,0,0,0,0,0,1,1,0.67,Medium,2,0,0,0,,,138,0,0,0,0,0,0,0,0,0,0,4,0.66,1,0,No,No,Unknown,Yes,No,1,2026-09-03,28,0,0,0,0,0,0,0,0,1,Needs Review,137,0,0,Limited,Diabetes,1,Medication Review,0,2026-09-27,1,P2,1
2026-10-01,PT-001588,CM-009,HIE,Southeast,Medicare Advantage,70,Female,English,Phone,0,1,0,0,0,0,1,0,0,2,1.16,Low,0,0,0,0,,,147,0,0,0,1,0,0,1,1,0,0,6,1.0,0,0,No,No,No,No,No,0,2026-10-01,0,0,0,0,0,0,0,0,1,0,Current,77,0,0,Adequate,None,3,Patient Outreach,0,2026-09-30,1,P3,0
2026-10-01,PT-001589,CM-018,CareMgmt,Southeast,Medicare Advantage,69,Male,English,Phone,0,0,1,0,0,1,1,0,0,3,1.53,High,1,0,1,0,,,108,0,0,0,0,0,0,0,1,1,1,4,0.94,0,0,Yes,Yes,No,No,Yes,3,2026-08-04,58,0,0,0,1,0,1,0,1,4,Current,60,0,0,Unknown,Appointment Preparation,3,Social Resource Referral,4,2026-09-27,1,P1,1
2026-10-01,PT-001590,CM-006,Claims,Mid-Atlantic,Medicaid Managed Care,46,Female,English,Phone,1,0,0,0,0,0,0,0,0,1,0.68,Low,0,0,0,0,,7.1,140,0,0,1,0,0,0,0,0,0,0,4,0.85,0,0,No,No,No,No,No,0,2026-09-15,16,4,0,0,0,0,0,0,0,2,Needs Review,129,0,0,Limited,Medication,1,Provider Follow-up,0,2026-09-27,1,P1,0
2026-10-01,PT-001591,CM-015,EHR,Southwest,Medicare Advantage,73,Male,Spanish,SMS,0,1,1,0,0,0,0,0,1,2,1.37,High,1,0,0,1,10,,129,0,0,0,0,0,1,0,0,0,0,8,0.6,1,0,No,No,Unknown,No,No,0,2026-08-20,42,0,0,0,0,0,0,0,0,2,Current,85,0,0,Adequate,Medication,2,Patient Outreach,1,2026-10-05,0,P1,1
2026-10-01,PT-001592,CM-017,EHR,Southwest,Medicare Advantage,73,Male,English,SMS,1,1,0,0,0,1,0,0,0,3,1.15,Medium,0,1,0,0,,8.0,123,0,1,0,0,0,0,0,0,0,0,8,0.61,1,1,No,No,No,No,No,0,2026-08-11,51,0,0,0,0,0,0,0,0,0,Current,83,0,0,Limited,None,2,Provider Follow-up,5,2026-10-03,0,P2,0
2026-10-01,PT-001593,CM-016,CareMgmt,Midwest,Dual Eligible,72,Male,English,Phone,0,0,0,1,0,0,0,0,0,1,0.97,Medium,1,0,0,0,,,123,0,0,0,0,0,0,1,0,0,0,5,0.76,1,1,No,No,Yes,No,No,1,2026-08-25,37,1,0,0,0,0,0,0,0,2,Overdue,228,0,0,Limited,Medication,2,Post-Discharge Follow-up,5,2026-10-05,0,P1,0
2026-10-01,PT-001594,CM-003,CareMgmt,Mid-Atlantic,Medicare Advantage,71,Male,English,Caregiver,0,1,1,0,0,1,0,0,0,3,1.4,High,1,0,1,0,,,157,0,0,0,1,0,0,0,0,0,0,7,0.91,0,1,No,Yes,No,No,Yes,2,2026-08-19,43,0,1,0,0,0,0,0,0,2,Current,18,0,0,Adequate,CHF,1,Patient Education,10,2026-10-03,0,P4,0
2026-10-01,PT-001595,CM-016,EHR,Northeast,Medicaid Managed Care,54,Female,Spanish,SMS,0,0,0,0,0,0,0,0,0,0,0.38,Low,0,0,0,0,,,130,0,0,0,0,0,0,0,0,0,0,2,0.87,0,0,Yes,No,No,No,No,1,2026-09-16,15,0,0,0,0,1,0,0,0,1,Current,84,0,0,Limited,Diabetes,0,Patient Education,6,2026-10-05,0,P4,0
2026-10-01,PT-001596,CM-011,EHR,Southeast,Commercial Complex Care,30,Female,English,Phone,0,1,0,0,1,0,0,0,0,2,1.35,Medium,0,0,0,0,,,136,0,0,0,0,0,0,0,1,0,0,4,0.93,0,0,No,Yes,No,No,No,1,2026-09-11,20,0,0,0,0,0,1,0,0,1,Needs Review,106,0,0,Limited,Medication,1,Patient Outreach,2,2026-10-03,0,P4,0
2026-10-01,PT-001597,CM-017,Claims,Mid-Atlantic,Medicare Advantage,68,Female,English,Phone,0,0,0,0,0,0,0,0,0,0,1.11,Low,0,0,0,0,,,114,0,0,0,0,0,0,0,1,0,0,1,0.92,0,0,No,Unknown,No,Unknown,No,0,2026-09-03,28,0,0,0,0,1,0,1,0,1,Current,82,0,0,Limited,Diet/Lifestyle,1,Post-Discharge Follow-up,4,2026-09-30,1,P2,0
2026-10-01,PT-001598,CM-013,CareMgmt,Northeast,Medicare Advantage,80,Female,Spanish,Phone,0,1,1,1,0,0,0,0,0,3,1.79,Medium,0,0,0,0,,,135,0,0,0,0,0,0,0,0,0,0,11,0.82,0,0,Yes,No,No,No,No,1,2026-09-04,27,1,0,0,0,0,0,0,0,3,Needs Review,108,2,0,Adequate,Diet/Lifestyle,0,Care Gap Closure,3,2026-10-02,0,P1,0
2026-10-01,PT-001599,CM-004,Claims,Midwest,Dual Eligible,75,Male,English,Phone,0,0,0,0,0,0,0,0,0,0,0.91,Low,0,0,0,0,,,149,0,0,0,0,0,0,0,0,0,0,5,0.87,0,0,No,No,No,No,Unknown,0,2026-10-01,0,0,0,0,0,0,0,0,0,0,Current,85,0,0,Low,None,0,Post-Discharge Follow-up,5,2026-09-27,1,P4,0
2026-10-01,PT-001600,CM-008,CareMgmt,Mid-Atlantic,Medicaid Managed Care,59,Female,Spanish,Phone,1,0,0,0,0,1,1,0,0,3,0.95,Medium,0,0,0,0,,5.2,133,0,0,1,0,0,0,0,0,1,0,11,0.73,1,1,No,No,No,No,Yes,1,2026-08-25,37,2,1,0,0,0,0,0,0,0,Needs Review,143,0,0,Adequate,None,3,Patient Outreach,4,2026-10-04,0,P3,0
2026-10-01,PT-001601,CM-008,CareMgmt,Northeast,Commercial Complex Care,55,Female,Russian,Portal,0,0,0,0,0,0,0,0,0,0,0.77,Low,0,0,0,0,,,135,0,0,0,0,0,0,0,1,0,0,0,0.78,0,0,No,No,No,No,No,0,2026-09-17,14,0,0,0,0,0,0,0,0,1,Current,72,0,0,Adequate,Appointment Preparation,1,Care Gap Closure,0,2026-10-05,0,P4,0
2026-10-01,PT-001602,CM-018,CareMgmt,Southeast,Medicare Advantage,66,Male,Bengali,Caregiver,0,0,0,0,0,0,1,0,0,1,0.78,Low,0,0,0,0,,,126,0,0,0,0,0,0,0,0,0,0,6,0.88,0,0,No,No,Unknown,No,No,0,2026-09-04,27,0,1,0,0,0,0,0,0,2,Needs Review,132,0,0,Adequate,Diet/Lifestyle,0,Medication Review,11,2026-10-01,0,P2,0
2026-10-01,PT-001603,CM-006,Pharmacy,Midwest,Dual Eligible,72,Female,English,Phone,0,0,0,0,0,1,0,0,0,1,1.32,Medium,2,0,0,1,19,,121,0,0,0,0,0,1,0,0,1,0,7,0.6,1,0,No,No,No,No,No,0,2026-09-19,12,0,1,1,0,1,0,0,0,0,Current,22,0,0,Limited,None,3,Patient Outreach,4,2026-10-02,0,P2,0
2026-10-01,PT-001604,CM-002,Claims,Mid-Atlantic,Medicare Advantage,59,Female,English,Phone,0,0,0,0,0,0,0,0,0,0,0.77,Low,0,0,0,0,,,148,0,0,0,0,0,0,0,0,0,0,4,0.62,1,0,No,No,No,Yes,No,1,2026-08-29,33,0,0,0,0,0,0,0,0,1,Needs Review,118,0,0,Limited,None,1,Patient Outreach,0,2026-09-27,1,P3,1
2026-10-01,PT-001605,CM-003,Pharmacy,Southeast,Medicare Advantage,77,Female,English,Phone,1,0,0,1,0,1,0,0,0,3,1.05,Medium,0,0,0,0,,6.6,133,0,0,0,0,0,0,0,0,0,1,6,0.83,0,0,No,Yes,Yes,No,No,2,2026-08-29,33,0,1,0,0,0,0,1,0,0,Current,16,0,0,Adequate,None,1,Care Plan Update,9,2026-09-27,1,P3,0
2026-10-01,PT-001606,CM-006,CareMgmt,Midwest,Medicare Advantage,69,Female,English,SMS,0,0,0,1,0,0,0,0,0,1,1.08,Low,2,0,0,0,,,161,0,0,0,0,0,0,0,1,0,0,2,0.84,0,0,No,No,No,No,No,0,2026-09-04,27,0,1,0,0,1,0,1,0,1,Current,82,0,0,Adequate,Medication,1,Patient Outreach,8,2026-10-05,0,P1,0
2026-10-01,PT-001607,CM-018,CareMgmt,Mid-Atlantic,Commercial Complex Care,55,Male,Russian,Phone,1,1,0,0,0,0,0,0,0,2,0.75,Medium,1,0,1,0,,8.1,118,0,0,0,0,0,0,0,0,0,0,9,0.61,1,0,Yes,No,No,No,No,1,2026-08-29,33,2,0,0,1,0,0,0,0,0,Needs Review,91,0,0,Unknown,COPD,1,Care Plan Update,1,2026-10-01,0,P4,0
2026-10-01,PT-001608,CM-013,CareMgmt,Mid-Atlantic,Medicaid Managed Care,41,Male,English,Phone,0,1,0,0,0,0,0,0,0,1,0.77,Low,0,0,0,0,,,130,0,0,0,0,0,0,0,0,0,0,5,0.83,0,0,Yes,No,No,No,No,1,2026-09-26,5,4,0,0,0,0,0,0,0,1,Current,16,0,0,Adequate,None,0,Post-Discharge Follow-up,0,2026-09-28,1,P4,0
2026-10-01,PT-001609,CM-002,CareMgmt,Northeast,Medicare Advantage,87,Male,English,Phone,1,0,0,0,1,0,0,0,1,2,1.25,Medium,1,0,0,0,,6.5,147,1,0,0,0,0,0,1,0,0,0,7,0.8,0,1,No,No,Unknown,No,No,0,2026-09-13,18,0,1,0,0,1,0,1,0,3,Current,14,2,1,Unknown,None,2,Medication Review,3,2026-10-06,0,P3,0
2026-10-01,PT-001610,CM-003,Pharmacy,Southeast,Dual Eligible,71,Male,English,Phone,0,0,1,0,0,0,0,0,0,1,1.06,Medium,1,0,1,0,,,142,0,0,0,0,0,0,0,1,0,0,6,0.86,0,0,Yes,No,Yes,Yes,Yes,4,2026-08-20,42,0,0,0,1,0,0,0,0,2,Current,83,0,0,Limited,Diet/Lifestyle,1,Patient Outreach,3,2026-10-04,0,P2,0
2026-10-01,PT-001611,CM-011,Claims,Southwest,Medicare Advantage,72,Male,English,SMS,1,0,0,1,0,0,0,0,0,2,1.07,Medium,0,0,0,0,,6.5,143,0,0,0,0,1,0,0,0,0,1,4,0.88,0,0,No,Yes,No,No,No,1,2026-08-20,42,0,1,0,0,0,1,0,0,1,Current,86,0,0,Adequate,None,2,Care Gap Closure,4,2026-09-27,1,P3,0
2026-10-01,PT-001612,CM-006,Claims,Southeast,Medicare Advantage,86,Female,Bengali,Phone,0,1,0,0,1,0,0,0,0,2,1.7,Medium,0,1,0,1,30,,159,0,0,0,1,0,1,0,0,0,0,6,0.88,0,0,No,Yes,No,No,No,1,2026-09-17,14,0,1,0,0,0,1,0,0,0,Needs Review,101,0,0,Adequate,None,2,Care Gap Closure,0,2026-10-06,0,P4,0
2026-10-01,PT-001613,CM-013,Pharmacy,Mid-Atlantic,Dual Eligible,78,Male,English,SMS,0,1,0,0,0,0,0,0,0,1,0.78,Medium,0,1,0,0,,,164,0,0,0,1,0,0,0,0,0,0,5,0.76,1,0,Yes,Yes,No,No,Yes,3,2026-09-08,23,0,0,0,1,0,0,0,0,0,Needs Review,129,3,0,Unknown,Medication,2,Care Gap Closure,9,2026-09-30,1,P1,0
2026-10-01,PT-001614,CM-001,EHR,Northeast,Medicaid Managed Care,72,Male,Chinese,SMS,0,0,0,0,0,0,0,0,0,0,0.92,Low,0,0,0,0,,,149,0,0,0,0,0,0,1,0,0,0,6,0.83,0,0,No,Yes,No,No,No,1,2026-08-19,43,3,1,0,0,0,1,0,0,1,Current,45,0,0,Unknown,Diabetes,1,Medication Review,8,2026-10-06,0,P3,0
2026-10-01,PT-001615,CM-003,EHR,Southwest,Medicare Advantage,67,Male,Chinese,Phone,0,1,1,0,0,1,0,0,0,3,1.42,Medium,0,0,0,0,,,132,0,0,0,0,0,0,1,0,0,0,10,0.85,0,0,No,No,No,No,Yes,1,2026-09-07,24,0,0,0,1,0,0,0,0,0,Needs Review,128,0,0,Adequate,CHF,1,Medication Review,4,2026-10-01,0,P2,0
2026-10-01,PT-001616,CM-007,Claims,Midwest,Medicare Advantage,62,Male,English,SMS,1,1,0,0,1,0,0,0,0,3,1.23,Medium,0,0,0,0,,7.0,140,0,0,0,1,0,0,0,0,0,0,7,1.0,0,0,No,No,No,No,No,0,2026-09-03,28,0,1,0,0,0,0,0,0,2,Current,19,0,0,Limited,Discharge Instructions,1,Care Gap Closure,0,2026-10-04,0,P4,0
2026-10-01,PT-001617,CM-009,CareMgmt,Northeast,Medicare Advantage,70,Female,English,Phone,1,0,0,1,0,1,0,0,0,3,1.53,Medium,1,0,0,0,,9.3,135,0,0,0,0,0,0,1,0,0,0,8,0.66,1,0,No,No,No,No,No,0,2026-09-13,18,0,0,1,0,0,0,0,0,1,Current,25,0,0,Unknown,Medication,2,Care Gap Closure,8,2026-10-03,0,P3,0
2026-10-01,PT-001618,CM-008,Claims,Southeast,Medicare Advantage,68,Male,Spanish,SMS,1,1,0,0,1,0,0,0,0,3,1.74,Medium,1,0,0,0,,6.8,147,0,0,0,1,0,0,0,0,0,0,8,0.61,1,0,No,No,No,No,No,0,2026-09-23,8,4,0,0,0,1,0,0,0,2,Overdue,328,0,1,Adequate,Diet/Lifestyle,2,Post-Discharge Follow-up,12,2026-10-04,0,P2,0
2026-10-01,PT-001619,CM-011,CareMgmt,Northeast,Medicare Advantage,55,Male,Chinese,SMS,1,1,0,0,1,1,0,0,0,4,1.44,Medium,0,0,0,0,,7.5,132,0,0,0,0,0,0,0,0,0,0,6,0.95,0,1,No,No,No,No,No,0,2026-08-05,57,0,0,0,0,0,0,1,0,3,Needs Review,121,0,0,Low,Discharge Instructions,0,Patient Outreach,9,2026-10-05,0,P4,0
2026-10-01,PT-001620,CM-015,CareMgmt,Northeast,Medicare Advantage,70,Male,Spanish,SMS,1,0,0,1,0,0,0,0,0,2,1.3,Medium,0,0,0,0,,6.4,107,1,0,0,0,0,0,0,1,0,0,7,0.76,1,0,No,No,No,No,No,0,2026-10-01,0,2,0,0,0,0,0,1,0,3,Needs Review,97,0,0,Low,None,3,Care Plan Update,0,2026-09-30,1,P3,0
2026-10-01,PT-001621,CM-008,Pharmacy,Southeast,Commercial Complex Care,67,Female,English,SMS,0,0,0,0,0,0,1,0,0,1,0.53,Low,0,0,0,0,,,143,0,0,0,0,0,0,1,0,0,0,3,0.85,0,0,No,No,No,No,Unknown,0,2026-09-12,19,0,1,0,0,0,0,0,0,2,Current,52,0,0,Adequate,Diet/Lifestyle,1,Patient Outreach,0,2026-10-04,0,P4,0
2026-10-01,PT-001622,CM-006,Pharmacy,Southwest,Medicare Advantage,77,Male,Spanish,Phone,0,1,0,0,0,0,0,0,0,1,0.86,Low,0,0,0,0,,,164,0,0,0,1,0,0,1,0,0,0,7,0.78,1,1,No,No,No,No,No,0,2026-09-20,11,1,0,0,0,0,0,1,0,2,Overdue,282,0,1,Unknown,Diet/Lifestyle,3,Care Plan Update,8,2026-09-30,1,P4,0
2026-10-01,PT-001623,CM-001,EHR,Southwest,Medicare Advantage,72,Male,English,Portal,1,0,1,0,1,0,0,0,0,3,1.98,Medium,0,0,0,0,,7.2,131,0,0,0,0,0,1,0,0,0,0,7,0.83,0,0,No,No,No,No,No,0,2026-09-27,4,0,1,0,1,0,0,0,0,2,Current,84,0,0,Adequate,Medication,1,Patient Outreach,2,2026-10-03,0,P3,0
2026-10-01,PT-001624,CM-014,HIE,Northeast,Dual Eligible,61,Male,English,Portal,0,1,0,0,0,0,0,0,0,1,0.6,Low,0,0,0,0,,,137,0,0,0,0,0,0,1,0,0,0,6,0.9,0,0,No,No,No,No,No,0,2026-09-06,25,0,0,0,0,0,0,0,0,2,Overdue,216,0,0,Adequate,None,1,Patient Outreach,0,2026-09-27,1,P3,0
2026-10-01,PT-001625,CM-003,EHR,Northeast,Medicare Advantage,82,Female,English,SMS,0,0,0,0,0,1,0,0,0,1,0.89,Low,0,0,0,0,,,125,0,0,0,0,0,0,0,0,0,0,8,0.69,1,0,No,No,No,No,No,0,2026-09-02,29,1,0,0,0,0,0,0,0,1,Current,30,0,0,Adequate,None,1,Medication Review,3,2026-10-01,0,P3,0
2026-10-01,PT-001626,CM-011,Pharmacy,Mid-Atlantic,Medicare Advantage,71,Male,English,Phone,1,0,0,0,0,0,0,0,0,1,1.02,Low,0,0,0,0,,6.5,135,0,0,0,0,0,0,1,0,0,1,5,0.74,1,0,No,No,No,No,No,0,2026-09-17,14,0,0,0,0,0,0,1,0,1,Needs Review,109,0,0,Unknown,None,3,Patient Outreach,7,2026-09-29,1,P1,1
2026-10-01,PT-001627,CM-017,EHR,Mid-Atlantic,Medicaid Managed Care,61,Female,English,Phone,1,0,0,0,1,0,0,0,0,2,1.01,Low,0,0,0,0,,5.4,141,0,0,0,0,0,0,0,0,0,0,6,0.96,0,0,Yes,No,No,No,No,1,,40,0,1,0,0,0,0,0,0,1,Overdue,212,0,0,Limited,Diabetes,0,Provider Follow-up,15,2026-09-28,1,P4,0
2026-10-01,PT-001628,CM-016,HIE,Northeast,Medicaid Managed Care,60,Female,English,Phone,0,1,0,0,0,0,0,0,0,1,0.99,Low,0,0,0,0,,,152,0,0,0,1,0,0,0,0,0,0,3,0.72,1,1,No,No,No,No,No,0,2026-08-15,47,1,1,1,0,0,0,0,0,3,Current,83,1,0,Adequate,Diet/Lifestyle,2,Care Plan Update,5,2026-10-01,0,P4,0
2026-10-01,PT-001629,CM-001,Pharmacy,Southwest,Medicare Advantage,87,Male,Chinese,SMS,1,1,0,0,1,0,0,0,0,3,1.07,Medium,0,0,0,0,,7.5,154,0,1,0,1,0,0,0,0,0,1,10,0.94,0,0,No,No,No,Yes,No,1,2026-09-05,26,0,1,0,1,0,0,0,0,2,Current,53,0,0,Unknown,Diet/Lifestyle,3,Medication Review,0,2026-10-04,0,P4,0
2026-10-01,PT-001630,CM-017,CareMgmt,Midwest,Medicaid Managed Care,44,Female,English,Caregiver,0,1,0,0,0,0,0,0,0,1,0.82,Low,0,0,0,0,,,118,0,0,0,0,0,0,1,0,0,0,4,0.83,0,0,No,Yes,Yes,No,No,2,2026-08-29,33,1,1,0,1,0,1,0,0,2,Needs Review,100,1,0,Limited,Diet/Lifestyle,1,Medication Review,6,2026-10-06,0,P2,0
2026-10-01,PT-001631,CM-003,EHR,Northeast,Medicaid Managed Care,60,Female,English,Portal,0,0,0,0,0,0,0,0,0,0,0.79,Low,0,0,0,0,,,127,0,0,0,0,1,0,0,0,0,0,1,0.47,0,0,No,No,Unknown,No,Yes,1,2026-08-24,38,0,0,0,1,0,0,1,0,1,Overdue,310,0,0,Low,Diet/Lifestyle,1,Provider Follow-up,0,2026-09-29,1,P4,0
2026-10-01,PT-001632,CM-012,Claims,Mid-Atlantic,Commercial Complex Care,43,Female,English,Phone,0,0,0,0,1,0,0,0,0,1,0.78,Low,0,0,0,0,,,148,0,0,0,0,0,0,0,0,0,0,3,0.95,0,0,Yes,No,Yes,Unknown,No,2,2026-09-20,11,1,0,0,0,0,0,1,0,0,Current,2,0,1,Adequate,Discharge Instructions,0,Care Gap Closure,0,2026-09-29,1,P4,0
2026-10-01,PT-001633,CM-008,CareMgmt,Mid-Atlantic,Medicare Advantage,61,Male,English,Phone,0,1,0,0,0,0,0,0,0,1,1.2,Medium,0,0,1,1,18,,140,0,0,0,1,1,1,0,0,0,0,9,1.0,0,0,No,No,Unknown,No,Yes,1,2026-08-31,31,0,1,0,0,1,0,0,1,0,Needs Review,135,0,0,Unknown,Medication,3,Patient Education,5,2026-09-30,1,P3,0
2026-10-01,PT-001634,CM-018,Claims,Northeast,Medicare Advantage,63,Male,Bengali,SMS,0,0,0,0,0,0,0,0,0,0,1.07,Low,0,0,0,0,,,139,0,0,0,0,0,1,0,0,0,0,5,0.79,1,0,No,Yes,No,Yes,No,2,2026-09-03,28,0,0,0,0,0,1,0,0,1,Needs Review,95,0,0,Adequate,Diet/Lifestyle,2,Patient Outreach,7,2026-09-27,1,P4,0
2026-10-01,PT-001635,CM-005,HIE,Northeast,Dual Eligible,77,Female,English,Portal,0,0,0,0,0,0,0,0,0,0,0.51,Low,0,0,0,0,,,115,0,0,0,0,0,0,0,0,0,0,3,0.71,1,1,No,No,Yes,Unknown,No,1,2026-09-06,25,1,1,0,0,0,0,0,0,1,Needs Review,104,0,0,Adequate,Diabetes,1,Medication Review,5,2026-10-04,0,P1,0
2026-10-01,PT-001636,CM-016,Claims,Midwest,Medicare Advantage,66,Female,English,Phone,0,0,0,0,1,0,0,0,0,1,1.07,Low,0,0,1,0,,,135,0,0,0,0,0,0,1,0,0,0,5,1.0,0,0,No,No,Unknown,No,Unknown,0,2026-09-15,16,0,0,0,0,0,0,0,1,0,Current,82,2,0,Limited,None,1,Patient Education,1,2026-10-03,0,P3,0
2026-10-01,PT-001637,CM-001,EHR,Mid-Atlantic,Medicare Advantage,78,Female,English,Caregiver,0,0,0,0,0,0,1,0,1,1,0.59,Low,0,0,1,0,,,149,0,0,0,0,0,0,0,0,0,0,6,1.0,0,0,Unknown,No,Unknown,No,No,0,2026-09-17,14,0,0,0,0,0,0,0,0,1,Current,33,0,1,Low,Discharge Instructions,0,Care Plan Update,6,2026-09-30,1,P2,0
2026-10-01,PT-001638,CM-017,CareMgmt,Southwest,Medicare Advantage,71,Male,English,Phone,1,0,0,1,1,0,0,0,0,3,1.51,Medium,0,0,0,0,,5.2,135,1,0,0,0,0,0,1,0,0,0,8,0.94,0,0,No,No,No,No,No,0,2026-08-25,37,0,0,0,0,0,0,0,0,2,Current,23,0,0,Adequate,None,2,Post-Discharge Follow-up,5,2026-09-27,1,P4,0
2026-10-01,PT-001639,CM-013,CareMgmt,Southwest,Medicaid Managed Care,46,Female,English,Phone,0,0,0,0,0,1,0,0,0,1,1.28,Low,0,0,0,0,,,141,0,0,0,0,0,0,0,1,1,0,4,0.47,1,0,Unknown,No,No,Unknown,Yes,1,2026-08-15,47,2,1,1,0,0,0,0,0,1,Needs Review,93,0,0,Adequate,None,3,Care Plan Update,10,2026-09-28,1,P4,0
2026-10-01,PT-001640,CM-010,CareMgmt,Mid-Atlantic,Medicare Advantage,83,Female,English,Phone,1,0,0,1,1,1,0,0,0,4,2.19,High,2,0,0,0,,7.4,147,1,1,0,0,0,0,0,0,0,0,11,0.64,1,0,No,No,No,Yes,No,1,2026-08-20,42,0,0,0,0,0,0,0,0,1,Current,18,0,0,Limited,Discharge Instructions,3,Care Plan Update,8,2026-10-05,0,P4,0
2026-10-01,PT-001641,CM-007,CareMgmt,Southeast,Medicare Advantage,72,Female,English,Phone,1,0,0,0,0,0,0,1,1,2,1.05,Low,0,0,0,0,,8.2,112,0,0,1,0,0,0,0,1,0,0,8,0.95,0,0,No,No,Unknown,No,No,0,2026-10-01,0,1,1,0,0,0,0,1,0,1,Current,63,0,0,Unknown,Medication,2,Patient Outreach,0,2026-09-27,1,P3,0
2026-10-01,PT-001642,CM-013,EHR,Midwest,Dual Eligible,73,Female,Spanish,Phone,1,1,0,0,0,0,0,0,0,2,1.36,Low,0,0,0,0,,5.2,129,1,0,0,0,0,0,0,1,0,1,9,0.82,0,1,No,No,Unknown,Unknown,Yes,1,2026-08-30,32,1,0,0,1,0,0,0,0,1,Needs Review,104,0,1,Limited,Diabetes,3,Provider Follow-up,2,2026-10-06,0,P2,0
2026-10-01,PT-001643,CM-008,EHR,Northeast,Dual Eligible,74,Female,Russian,Phone,1,1,1,0,0,0,0,0,0,3,1.33,Medium,0,0,0,0,,8.1,148,1,0,0,1,0,0,0,1,0,0,10,0.77,1,1,No,No,No,No,No,0,2026-09-27,4,0,0,0,0,0,0,0,0,2,Current,31,0,0,Limited,CHF,4,Medication Review,0,2026-09-27,1,P4,0
2026-10-01,PT-001644,CM-003,CareMgmt,Northeast,Dual Eligible,73,Male,Russian,Phone,0,0,0,0,0,0,0,0,0,0,0.88,Low,0,0,0,0,,,123,0,0,0,0,0,0,0,0,0,0,4,0.76,1,1,No,No,No,No,No,0,2026-09-21,10,0,0,0,0,0,0,1,1,0,Current,2,1,0,Adequate,Discharge Instructions,1,Care Plan Update,1,2026-10-05,0,P4,0
2026-10-01,PT-001645,CM-012,EHR,Northeast,Dual Eligible,69,Female,Spanish,Phone,0,0,1,0,0,0,1,0,0,2,1.21,Medium,0,0,0,0,,,130,0,0,0,0,0,0,0,0,0,1,5,0.61,1,1,No,No,No,No,No,0,2026-09-01,30,1,0,0,0,0,0,1,0,1,Needs Review,102,0,0,Limited,Diabetes,2,Patient Outreach,7,2026-10-05,0,P2,0
2026-10-01,PT-001646,CM-012,Claims,Mid-Atlantic,Medicare Advantage,81,Female,Spanish,Phone,0,1,0,0,0,1,0,0,0,2,1.21,Medium,0,0,0,0,,,155,0,0,0,1,0,0,0,1,1,0,5,0.78,1,1,Unknown,No,No,No,Yes,1,2026-08-29,33,0,0,0,1,0,0,1,1,3,Current,11,0,0,Adequate,None,4,Patient Outreach,0,2026-10-03,0,P3,0
2026-10-01,PT-001647,CM-005,CareMgmt,Mid-Atlantic,Medicare Advantage,67,Male,English,Phone,0,1,1,0,0,1,0,0,0,3,1.23,Medium,2,0,0,0,,,132,0,0,0,0,0,0,0,0,0,0,10,1.0,0,0,No,No,Yes,No,No,1,2026-09-06,25,0,0,1,0,0,0,1,1,3,Current,53,0,0,Low,None,0,Care Plan Update,3,2026-10-03,0,P4,0
2026-10-01,PT-001648,CM-014,HIE,Northeast,Medicare Advantage,75,Female,English,Phone,0,0,0,0,0,0,0,0,0,0,0.92,Low,0,0,0,0,,,124,0,0,0,0,0,0,1,0,0,0,3,1.0,0,1,No,No,No,No,No,0,2026-09-25,6,0,0,0,0,0,0,0,0,1,Overdue,158,0,0,Adequate,None,1,Patient Outreach,7,2026-09-27,1,P3,0
2026-10-01,PT-001649,CM-014,Pharmacy,Mid-Atlantic,Dual Eligible,71,Female,Spanish,Portal,0,1,0,1,0,0,0,0,0,2,1.04,Medium,0,0,0,0,,,135,0,0,0,0,0,0,0,1,0,0,5,0.74,1,0,Yes,No,No,No,No,1,2026-09-02,29,0,1,0,0,0,0,0,0,1,Current,18,0,0,Low,Medication,2,Post-Discharge Follow-up,1,2026-10-06,0,P4,0
2026-10-01,PT-001650,CM-003,Claims,Northeast,Medicaid Managed Care,49,Male,English,Phone,0,0,0,0,0,0,0,0,0,0,0.35,Low,0,0,0,0,,,151,0,0,0,0,0,0,0,0,0,0,0,0.66,0,0,Unknown,No,No,No,No,0,2026-09-13,18,3,1,0,0,0,0,0,0,0,Current,89,0,0,Limited,Medication,0,Provider Follow-up,8,2026-10-06,0,P2,0
2026-10-01,PT-001651,CM-012,EHR,Mid-Atlantic,Medicare Advantage,71,Female,English,Phone,0,0,0,0,0,0,0,0,0,0,0.68,Low,0,0,0,0,,,116,0,0,0,0,0,0,1,0,0,0,5,0.86,0,0,No,No,Yes,No,No,1,2026-09-05,26,0,0,1,0,0,0,0,0,0,Current,26,0,0,Adequate,None,1,Social Resource Referral,0,2026-10-01,0,P4,0
2026-10-01,PT-001652,CM-008,EHR,Northeast,Medicare Advantage,66,Male,English,Portal,1,0,0,0,0,0,0,0,0,1,1.18,Low,0,0,0,0,,7.8,126,0,1,1,0,0,0,1,0,0,0,4,0.95,0,0,Yes,No,No,No,Yes,2,2026-09-02,29,1,0,0,0,0,0,0,0,3,Overdue,319,0,1,Limited,CHF,3,Medication Review,8,2026-10-04,0,P2,0
2026-10-01,PT-001653,CM-002,Pharmacy,Southeast,Medicare Advantage,78,Female,English,Phone,1,0,0,0,0,0,1,0,0,2,0.91,Medium,0,0,1,0,,7.5,125,1,0,0,0,0,0,0,0,0,0,8,0.65,1,0,No,No,No,Yes,No,1,2026-08-25,37,0,0,0,0,0,0,0,0,2,Current,74,0,0,Low,Medication,2,Patient Outreach,4,2026-09-27,1,P2,0
2026-10-01,PT-001654,CM-002,Claims,Southeast,Medicare Advantage,69,Male,English,SMS,1,1,0,0,1,1,0,0,0,4,1.25,Medium,0,0,0,0,,7.9,141,0,1,0,1,0,0,0,0,1,0,10,0.86,0,0,No,No,No,No,Yes,1,2026-08-17,45,3,0,0,1,0,0,1,0,2,Overdue,174,0,1,Unknown,Medication,3,Patient Education,5,2026-10-06,0,P4,0
2026-10-01,PT-001655,CM-013,EHR,Southeast,Medicaid Managed Care,85,Female,English,Phone,0,0,0,0,0,1,0,0,0,1,0.66,Low,2,0,0,0,,,132,0,0,0,0,1,0,0,0,0,0,5,0.87,0,0,No,No,Unknown,No,No,0,2026-09-12,19,0,0,0,0,0,0,0,0,1,Needs Review,109,0,0,Adequate,Discharge Instructions,1,Medication Review,0,2026-09-28,1,P3,0
2026-10-01,PT-001656,CM-003,HIE,Northeast,Medicare Advantage,63,Female,English,Portal,0,0,0,0,1,0,0,0,0,1,1.41,Medium,0,0,0,0,,,141,0,0,0,0,0,0,0,1,0,0,3,0.75,1,0,Yes,No,No,No,No,1,2026-08-30,32,4,0,0,0,0,0,0,0,2,Needs Review,114,0,0,Adequate,Discharge Instructions,2,Medication Review,4,2026-09-28,1,P2,0
2026-10-01,PT-001657,CM-011,EHR,Mid-Atlantic,Medicare Advantage,74,Male,Spanish,Phone,0,1,0,0,0,0,1,0,0,2,0.93,Medium,0,0,0,0,,,144,0,0,0,1,0,0,1,0,0,0,9,0.76,1,0,No,Yes,No,Yes,Yes,3,2026-09-09,22,0,0,0,0,0,0,0,0,1,Current,35,0,0,Limited,None,3,Care Gap Closure,4,2026-09-28,1,P4,0
2026-10-01,PT-001658,CM-012,Pharmacy,Midwest,Medicare Advantage,82,Female,Bengali,Phone,0,1,0,0,0,0,0,0,0,1,1.32,Low,0,0,0,0,,,134,0,0,0,0,0,0,0,0,0,0,4,0.87,0,1,No,No,No,No,No,0,2026-09-13,18,0,0,0,0,0,0,0,0,3,Needs Review,140,0,0,Adequate,COPD,0,Patient Outreach,3,2026-10-02,0,P4,0
2026-10-01,PT-001659,CM-004,Pharmacy,Midwest,Commercial Complex Care,47,Female,English,Phone,0,0,0,0,0,0,0,0,0,0,0.52,Low,0,0,0,0,,,162,0,0,0,0,0,0,0,0,0,0,1,1.0,0,0,No,No,No,No,No,0,2026-09-03,28,0,1,0,0,0,0,0,0,0,Current,56,0,0,Limited,None,0,Provider Follow-up,5,2026-10-02,0,P2,0
2026-10-01,PT-001660,CM-018,CareMgmt,Northeast,Dual Eligible,70,Female,English,Phone,0,0,0,0,0,0,0,0,0,0,0.42,Low,0,0,0,0,,,131,0,0,0,0,0,0,1,0,0,0,2,0.97,0,0,No,No,No,No,Yes,1,2026-09-06,25,0,0,0,0,0,0,0,0,0,Overdue,191,0,0,Low,Diet/Lifestyle,1,Care Gap Closure,0,2026-10-02,0,P3,0
2026-10-01,PT-001661,CM-007,HIE,Northeast,Medicaid Managed Care,68,Female,English,Portal,1,0,0,0,1,1,0,0,0,3,1.7,Medium,0,0,0,0,,8.1,149,1,0,0,0,0,0,0,1,0,1,12,0.71,1,1,Yes,No,No,No,No,1,2026-08-08,54,0,0,1,0,0,0,0,1,3,Needs Review,119,0,0,Limited,Diet/Lifestyle,4,Patient Outreach,8,2026-10-06,0,P2,0
2026-10-01,PT-001662,CM-013,Claims,Mid-Atlantic,Medicaid Managed Care,20,Male,Bengali,Portal,0,1,0,0,0,0,0,0,0,1,1.02,Low,0,0,1,0,,,139,0,0,0,0,0,0,0,0,0,0,4,0.71,1,0,No,No,No,No,Yes,1,2026-08-17,45,3,0,0,0,0,0,0,1,1,Current,3,0,0,Limited,None,1,Patient Outreach,6,2026-10-06,0,P3,0
2026-10-01,PT-001663,CM-013,CareMgmt,Northeast,Dual Eligible,67,Female,English,Phone,0,1,0,0,0,0,0,0,0,1,1.19,Low,0,0,0,0,,,128,0,0,0,0,0,0,0,0,0,0,7,0.71,1,0,No,Yes,Yes,No,No,2,2026-09-08,23,0,1,0,0,0,0,0,0,1,Current,81,0,0,Adequate,Medication,1,Medication Review,6,2026-10-05,0,P4,0
2026-10-01,PT-001664,CM-016,Claims,Northeast,Medicare Advantage,61,Female,English,Phone,0,0,0,0,0,0,0,0,0,0,0.73,Low,0,0,0,0,,,149,0,0,0,0,0,0,0,1,0,0,4,0.79,1,0,No,No,Yes,No,No,1,2026-09-08,23,0,0,0,0,0,0,0,0,2,Needs Review,144,0,0,Adequate,None,2,Medication Review,8,2026-10-06,0,P4,0
2026-10-01,PT-001665,CM-009,CareMgmt,Northeast,Medicare Advantage,82,Female,English,Caregiver,0,1,1,1,0,0,0,0,0,3,1.63,Medium,0,0,0,0,,,132,0,0,0,0,0,0,1,0,0,0,7,0.87,0,0,No,Yes,No,No,No,1,2026-09-07,24,0,0,0,0,0,0,1,0,1,Current,5,0,0,Limited,COPD,1,Care Gap Closure,3,2026-10-02,0,P4,0
2026-10-01,PT-001666,CM-012,Claims,Southeast,Medicare Advantage,72,Female,Spanish,Phone,0,0,1,1,1,1,0,0,0,4,2.2,High,1,0,0,0,,,129,0,0,0,0,0,0,0,1,0,0,11,0.64,1,0,Unknown,No,No,No,Unknown,0,2026-09-06,25,0,1,0,0,0,0,0,0,1,Current,83,0,1,Low,Medication,2,Medication Review,6,2026-09-30,1,P4,0
2026-10-01,PT-001667,CM-008,Claims,Mid-Atlantic,Medicaid Managed Care,68,Male,Russian,Caregiver,0,0,1,1,0,0,0,0,1,2,1.37,Medium,0,0,0,0,,,108,0,0,0,0,0,0,0,0,0,0,4,0.84,0,0,No,No,No,No,No,0,2026-10-01,0,1,1,1,0,0,0,0,1,1,Current,44,0,0,Adequate,CHF,0,Patient Outreach,0,2026-09-30,1,P3,0
2026-10-01,PT-001668,CM-015,CareMgmt,Midwest,Medicaid Managed Care,43,Female,Spanish,Phone,0,0,0,0,0,0,0,0,0,0,0.75,Low,0,0,0,0,,,133,0,0,0,0,0,0,0,0,0,0,4,0.87,0,0,No,No,No,No,No,0,2026-09-11,20,0,1,0,0,1,0,0,0,1,Overdue,319,2,0,Adequate,Medication,0,Care Gap Closure,1,2026-10-03,0,P1,0
2026-10-01,PT-001669,CM-010,CareMgmt,Southeast,Commercial Complex Care,70,Male,Spanish,Caregiver,0,0,0,0,0,0,1,0,0,1,0.7,Low,0,0,0,0,,,136,0,0,0,0,0,0,1,0,0,0,4,0.66,1,1,No,No,No,No,Yes,1,2026-08-28,34,3,0,0,0,0,0,1,1,3,Current,6,2,1,Adequate,Medication,2,Patient Education,5,2026-10-01,0,P3,0
2026-10-01,PT-001670,CM-014,CareMgmt,Southwest,Medicare Advantage,84,Female,English,Phone,0,1,0,0,1,0,0,0,0,2,0.73,Medium,0,0,0,0,,,129,0,0,0,0,0,0,0,0,0,0,7,0.73,1,1,No,No,No,No,Yes,1,2026-07-20,73,2,1,0,0,0,0,1,0,1,Needs Review,99,0,0,Adequate,None,1,Care Plan Update,3,2026-10-03,0,P3,0
2026-10-01,PT-001671,CM-016,Pharmacy,Midwest,Medicare Advantage,78,Male,English,Caregiver,0,0,0,0,0,1,0,0,0,1,1.07,Low,0,0,0,0,,,114,0,0,0,0,0,0,0,0,0,0,3,0.66,1,0,No,Yes,No,Yes,No,2,2026-07-28,65,0,1,0,0,0,1,0,0,0,Current,73,0,1,Adequate,Medication,1,Patient Outreach,0,2026-09-30,1,P3,0
2026-10-01,PT-001672,CM-014,Claims,Northeast,Medicare Advantage,76,Female,English,Phone,0,0,0,1,0,0,0,0,0,1,1.1,Low,0,0,0,0,,,131,0,0,0,0,0,0,0,0,0,0,4,0.9,0,0,No,No,No,No,No,0,2026-08-29,33,1,1,0,0,0,0,0,0,2,Not Started,,0,0,Adequate,Diabetes,0,Care Gap Closure,3,2026-10-04,0,P2,0
2026-10-01,PT-001673,CM-018,Pharmacy,Southeast,Medicare Advantage,76,Female,English,Phone,0,0,0,0,0,0,0,0,0,0,0.85,Low,0,0,0,1,22,,135,0,0,0,0,1,0,0,0,0,0,7,0.98,0,1,No,No,No,No,No,0,2026-09-08,23,2,0,0,0,0,0,0,0,0,Needs Review,137,0,0,Adequate,Discharge Instructions,1,Patient Outreach,9,2026-09-30,1,P3,0
2026-10-01,PT-001674,CM-018,CareMgmt,Southwest,Commercial Complex Care,31,Male,English,SMS,0,1,0,0,0,0,0,0,0,1,0.78,Low,1,0,0,0,,,141,0,0,0,1,0,0,0,0,0,0,6,0.83,0,0,No,No,No,No,No,0,2026-08-10,52,0,1,0,0,0,0,0,0,1,Needs Review,105,1,1,Limited,Diet/Lifestyle,1,Provider Follow-up,0,2026-10-02,0,P2,0
2026-10-01,PT-001675,CM-012,EHR,Midwest,Medicare Advantage,70,Male,Other,Caregiver,1,1,0,0,0,0,0,0,0,2,1.29,Medium,1,0,0,0,,8.1,137,1,1,0,0,0,0,0,0,0,1,7,0.96,0,1,No,No,No,No,Yes,1,2026-08-14,48,0,1,0,0,0,0,1,1,3,Needs Review,91,0,0,Adequate,Diabetes,3,Patient Education,0,2026-10-04,0,P3,0
2026-10-01,PT-001676,CM-005,CareMgmt,Southeast,Medicare Advantage,86,Male,English,Phone,0,1,0,0,0,0,0,0,0,1,0.82,Low,0,0,0,0,,,133,0,0,0,0,0,0,1,1,0,0,8,0.8,0,0,No,No,No,No,Yes,1,2026-08-31,31,0,0,0,0,0,0,0,0,2,Needs Review,144,0,0,Adequate,Diet/Lifestyle,2,Care Gap Closure,4,2026-10-05,0,P3,0
2026-10-01,PT-001677,CM-009,CareMgmt,Midwest,Commercial Complex Care,49,Female,Spanish,Phone,0,1,0,0,0,0,0,0,0,1,0.36,Low,0,0,0,0,,,112,0,0,0,0,0,0,0,0,0,0,4,0.7,1,0,No,No,No,No,Unknown,0,2026-09-01,30,0,0,0,0,0,0,0,0,0,Not Started,,0,0,Adequate,Diabetes,1,Patient Outreach,1,2026-10-03,0,P3,0
2026-10-01,PT-001678,CM-008,CareMgmt,Mid-Atlantic,Dual Eligible,65,Male,English,SMS,1,0,0,0,1,0,0,0,0,2,1.2,Medium,1,0,0,0,,6.7,109,0,0,0,0,0,0,0,0,0,0,3,0.68,1,1,Unknown,No,No,No,No,0,2026-09-24,7,0,0,0,0,0,0,1,0,3,Current,84,0,0,Unknown,Medication,1,Provider Follow-up,0,2026-10-06,0,P1,0
2026-10-01,PT-001679,CM-013,CareMgmt,Midwest,Medicaid Managed Care,64,Male,English,Caregiver,0,1,0,0,1,1,0,0,0,3,1.36,High,3,0,0,0,,,133,0,0,0,0,0,0,0,0,0,0,8,0.47,1,0,No,No,Yes,No,No,1,2026-09-16,15,0,0,0,0,0,0,0,0,1,Overdue,263,0,0,Adequate,None,1,Patient Outreach,3,2026-09-28,1,P1,0
2026-10-01,PT-001680,CM-016,EHR,Southwest,Commercial Complex Care,70,Female,Chinese,Portal,0,0,0,0,0,0,0,0,0,0,0.87,Low,0,0,0,0,,,127,0,0,0,0,0,0,0,0,0,0,2,0.76,1,1,No,No,No,No,Unknown,0,2026-08-17,45,2,0,0,0,0,0,0,0,1,Overdue,235,0,0,Adequate,Medication,1,Patient Outreach,2,2026-10-03,0,P3,0
2026-10-01,PT-001681,CM-012,Claims,Northeast,Medicaid Managed Care,18,Male,Chinese,Portal,0,1,0,0,0,0,0,0,0,1,1.14,Low,0,0,0,0,,,148,0,0,0,1,0,0,0,0,0,0,7,0.78,1,0,Yes,Unknown,No,No,No,1,2026-09-21,10,0,1,0,0,0,0,0,0,2,Current,53,0,0,Unknown,None,2,Social Resource Referral,7,2026-09-30,1,P1,0
2026-10-01,PT-001682,CM-002,Claims,Midwest,Commercial Complex Care,50,Male,English,Phone,0,0,0,0,1,0,0,0,0,1,1.15,Low,0,0,0,0,,,123,0,0,0,0,0,0,0,0,0,0,0,0.75,0,1,No,No,No,No,No,0,2026-09-12,19,0,0,0,0,0,0,0,0,2,Current,21,0,0,Adequate,Diet/Lifestyle,0,Care Gap Closure,0,2026-09-29,1,P3,0
2026-10-01,PT-001683,CM-005,Claims,Northeast,Medicare Advantage,79,Male,English,Portal,1,1,0,0,0,0,0,0,0,2,1.39,Low,0,1,0,0,,8.7,168,0,0,1,1,0,0,0,0,0,0,2,0.83,0,0,No,No,No,No,No,0,2026-09-26,5,2,1,0,0,0,0,0,0,0,Current,29,0,0,Limited,None,2,Patient Education,0,2026-09-28,1,P2,0
2026-10-01,PT-001684,CM-009,CareMgmt,Southeast,Medicaid Managed Care,37,Female,English,Portal,0,0,0,0,0,0,0,0,0,0,0.71,Low,0,0,0,0,,,117,0,0,0,0,0,0,0,0,0,0,4,0.76,1,0,Yes,No,Yes,No,No,2,2026-08-25,37,0,1,0,0,0,0,0,0,1,Current,36,0,0,Adequate,Diet/Lifestyle,1,Patient Outreach,0,2026-09-30,1,P3,0
2026-10-01,PT-001685,CM-004,HIE,Mid-Atlantic,Dual Eligible,85,Female,English,Portal,1,1,1,0,0,1,0,0,0,4,2.07,High,0,0,1,1,1,6.9,149,0,0,0,1,1,0,1,0,1,0,11,0.87,0,0,Yes,Unknown,Yes,No,No,2,2026-09-11,20,4,1,0,0,0,0,0,0,5,Current,10,0,0,Adequate,Medication,4,Post-Discharge Follow-up,10,2026-09-27,1,P1,0
2026-10-01,PT-001686,CM-005,Claims,Midwest,Medicaid Managed Care,50,Male,English,Phone,1,0,1,1,0,1,0,0,0,4,1.65,High,0,0,0,0,,8.3,126,0,0,0,0,0,0,0,0,0,0,6,0.65,1,0,Yes,No,No,No,Yes,2,,47,0,1,0,0,0,0,1,0,1,Overdue,247,0,0,Limited,Discharge Instructions,1,Social Resource Referral,6,2026-10-04,0,P4,0
2026-10-01,PT-001687,CM-002,Claims,Northeast,Medicaid Managed Care,75,Male,English,Portal,0,0,0,0,0,0,0,0,0,0,1.03,Low,0,1,0,0,,,135,0,0,0,0,0,0,0,0,0,0,4,0.85,0,0,No,Yes,No,Yes,No,2,2026-08-30,32,0,1,0,1,0,1,0,0,2,Current,45,0,0,Low,Medication,0,Patient Outreach,2,2026-10-03,0,P4,0
2026-10-01,PT-001688,CM-011,Claims,Southeast,Dual Eligible,74,Male,English,Phone,1,0,1,0,0,0,0,0,0,2,1.44,High,1,0,0,1,27,9.4,165,0,1,0,0,0,1,0,0,0,1,6,0.95,0,0,Yes,Unknown,No,Yes,No,2,2026-08-15,47,2,0,0,1,0,0,0,1,4,Current,8,0,0,Adequate,Discharge Instructions,3,Care Gap Closure,0,2026-10-05,0,P1,0
2026-10-01,PT-001689,CM-005,Claims,Mid-Atlantic,Dual Eligible,68,Male,English,Portal,0,0,0,0,0,0,0,1,0,1,0.69,Low,1,0,0,0,,,140,0,0,0,0,0,0,0,0,0,0,5,1.0,0,0,No,Yes,No,No,No,1,2026-10-01,0,0,0,0,0,0,0,0,1,0,Current,54,0,0,Limited,Medication,0,Patient Outreach,2,2026-10-05,0,P4,0
2026-10-01,PT-001690,CM-013,EHR,Southeast,Medicare Advantage,63,Male,English,Portal,0,1,1,0,0,0,1,0,0,3,1.25,Medium,1,0,0,0,,,133,0,0,0,0,0,0,0,0,0,0,9,0.8,0,0,No,Yes,No,No,Yes,2,2026-08-29,33,0,1,0,0,0,0,0,0,4,Current,8,1,1,Adequate,Appointment Preparation,0,Care Plan Update,0,2026-09-29,1,P3,0
2026-10-01,PT-001691,CM-008,CareMgmt,Midwest,Medicare Advantage,84,Female,English,Phone,0,1,0,1,1,0,0,0,0,3,1.59,High,0,0,1,1,9,,160,0,0,0,1,0,0,1,0,0,0,11,1.0,0,0,No,Unknown,No,No,No,0,2026-08-22,40,0,1,0,0,0,0,1,0,2,Current,20,0,0,Limited,Discharge Instructions,2,Post-Discharge Follow-up,3,2026-09-30,1,P3,0
2026-10-01,PT-001692,CM-014,HIE,Mid-Atlantic,Dual Eligible,79,Female,English,Phone,1,1,0,0,0,1,1,0,0,4,1.48,Medium,0,0,1,0,,7.9,128,1,0,0,0,0,0,0,0,1,1,8,0.79,1,0,No,No,No,Unknown,No,0,2026-09-06,25,0,1,0,0,0,0,1,0,2,Current,40,0,0,Adequate,Medication,4,Care Gap Closure,4,2026-10-03,0,P3,0
2026-10-01,PT-001693,CM-002,EHR,Southeast,Commercial Complex Care,69,Male,English,Phone,0,1,1,0,0,0,0,0,0,2,1.42,Medium,2,0,0,0,,,129,0,0,0,0,0,0,1,0,0,0,6,0.75,1,0,No,No,No,No,No,0,2026-09-08,23,0,0,0,0,0,0,0,0,0,Current,72,0,1,Adequate,Diet/Lifestyle,2,Medication Review,4,2026-10-04,0,P4,0
2026-10-01,PT-001694,CM-005,CareMgmt,Mid-Atlantic,Medicare Advantage,77,Female,Other,Caregiver,1,0,0,0,0,1,0,1,0,3,1.62,Medium,0,0,0,0,,7.9,125,0,1,0,0,0,0,0,0,0,0,11,0.83,0,0,Yes,Yes,Yes,Yes,No,4,2026-08-12,50,1,1,0,0,0,1,1,0,2,Current,5,0,0,Adequate,None,1,Patient Outreach,0,2026-10-02,0,P4,0
2026-10-01,PT-001695,CM-015,CareMgmt,Mid-Atlantic,Commercial Complex Care,59,Female,English,Caregiver,0,0,0,0,0,0,0,0,0,0,0.45,Low,1,0,0,0,,,123,0,0,0,0,0,0,0,0,0,0,4,1.0,0,0,Yes,No,Yes,No,No,2,2026-09-08,23,3,0,0,0,0,0,0,0,2,Current,29,0,0,Adequate,CHF,0,Patient Education,4,2026-10-06,0,P3,0
2026-10-01,PT-001696,CM-004,CareMgmt,Northeast,Dual Eligible,80,Female,English,SMS,1,1,0,0,1,0,1,0,0,4,1.51,Medium,0,0,2,0,,5.3,131,0,1,0,0,0,0,0,0,0,0,7,0.83,0,0,No,No,No,No,Yes,1,2026-09-12,19,0,0,0,0,0,0,1,0,2,Current,51,1,0,Limited,None,1,Care Gap Closure,0,2026-10-05,0,P3,0
2026-10-01,PT-001697,CM-011,EHR,Southwest,Medicaid Managed Care,26,Female,English,Portal,0,1,0,0,0,0,0,1,0,2,1.59,Low,0,0,0,0,,,147,0,0,0,1,0,0,0,0,0,0,5,0.9,0,0,No,No,No,No,Yes,1,2026-09-09,22,0,0,0,0,0,0,0,0,4,Overdue,288,0,0,Adequate,None,1,Patient Outreach,7,2026-09-29,1,P3,0
2026-10-01,PT-001698,CM-018,Claims,Mid-Atlantic,Medicare Advantage,74,Male,English,Phone,0,0,0,1,0,1,0,0,0,2,1.12,Medium,0,0,0,0,,,138,0,0,0,0,0,0,0,0,0,0,7,0.79,1,0,No,No,Yes,No,No,1,2026-10-01,0,0,0,0,0,0,0,0,0,1,Current,60,0,0,Unknown,Diet/Lifestyle,1,Patient Outreach,0,2026-10-06,0,P2,0
2026-10-01,PT-001699,CM-010,CareMgmt,Southeast,Medicare Advantage,74,Male,English,Phone,0,0,0,0,0,0,0,0,0,0,0.7,Low,1,0,0,0,,,154,0,0,0,0,0,0,0,0,0,0,0,0.73,0,0,No,No,No,No,No,0,2026-09-15,16,0,1,0,0,0,0,0,1,1,Not Started,,0,0,Adequate,Diet/Lifestyle,0,Care Gap Closure,5,2026-10-05,0,P3,0
2026-10-01,PT-001700,CM-001,CareMgmt,Mid-Atlantic,Commercial Complex Care,48,Male,English,SMS,0,0,0,0,0,0,0,0,0,0,1.02,Low,0,0,0,0,,,130,0,0,0,0,1,0,0,0,0,0,2,0.92,0,0,Unknown,No,No,No,No,0,2026-09-26,5,1,0,0,0,0,0,0,0,3,Current,61,0,0,Adequate,Medication,1,Patient Outreach,2,2026-10-05,0,P2,0
2026-10-01,PT-001701,CM-018,HIE,Northeast,Medicare Advantage,76,Male,Bengali,SMS,0,0,0,1,0,0,0,0,0,1,1.32,Low,0,0,0,0,,,156,0,0,0,0,0,0,0,0,0,0,1,0.98,0,0,No,Yes,No,No,No,1,2026-08-29,33,1,0,0,0,0,0,1,0,2,Needs Review,137,0,1,Low,Medication,0,Patient Education,1,2026-10-02,0,P2,0
2026-10-01,PT-001702,CM-009,HIE,Northeast,Medicaid Managed Care,60,Male,English,SMS,0,0,0,0,0,0,0,0,0,0,0.26,Low,0,0,0,0,,,114,0,0,0,0,0,0,0,0,0,0,1,0.68,0,0,No,Unknown,No,No,No,0,2026-09-24,7,4,0,0,0,0,0,1,0,3,Needs Review,149,0,0,Low,None,0,Patient Education,2,2026-10-01,0,P3,0
2026-10-01,PT-001703,CM-004,EHR,Southeast,Medicare Advantage,73,Female,English,SMS,0,0,0,0,0,0,1,0,1,1,1.07,Low,0,0,0,0,,,132,0,0,0,0,0,0,0,0,0,0,4,0.82,0,1,Yes,No,No,No,No,1,2026-08-26,36,3,0,0,1,0,0,0,1,0,Needs Review,99,0,0,Adequate,Medication,0,Patient Outreach,8,2026-10-05,0,P2,0
2026-10-01,PT-001704,CM-008,CareMgmt,Southeast,Dual Eligible,68,Male,English,SMS,1,0,0,1,1,0,0,1,0,4,1.73,High,0,1,0,0,,8.1,134,1,1,1,0,0,0,1,0,0,0,10,0.87,0,0,No,No,No,No,Yes,1,2026-09-14,17,1,0,0,0,0,0,1,0,4,Needs Review,137,0,0,Low,Appointment Preparation,4,Patient Outreach,5,2026-09-27,1,P3,0
2026-10-01,PT-001705,CM-001,CareMgmt,Mid-Atlantic,Medicare Advantage,72,Male,English,Phone,1,0,0,0,0,0,1,0,0,2,1.37,Low,0,0,0,0,,7.7,130,1,1,0,0,0,0,0,0,0,0,6,0.78,1,0,No,No,No,No,No,0,2026-09-13,18,0,0,0,0,0,0,0,0,4,Needs Review,120,0,0,Adequate,Diet/Lifestyle,3,Patient Outreach,3,2026-09-29,1,P2,0
2026-10-01,PT-001706,CM-010,Claims,Northeast,Medicare Advantage,76,Female,English,Portal,0,1,1,0,0,0,0,0,0,2,0.87,High,4,0,1,0,,,139,0,0,0,0,0,0,1,0,0,0,6,0.77,1,0,No,No,Unknown,No,Yes,1,2026-09-24,7,1,0,0,1,0,0,0,1,2,Current,71,0,1,Unknown,Diet/Lifestyle,2,Post-Discharge Follow-up,5,2026-10-05,0,P1,0
2026-10-01,PT-001707,CM-016,Pharmacy,Southeast,Dual Eligible,70,Female,English,Phone,1,0,1,1,0,1,0,0,0,4,1.89,High,0,0,0,0,,7.4,171,0,0,0,0,0,0,0,0,0,1,11,0.65,1,1,Yes,Unknown,No,No,Unknown,1,2026-08-19,43,0,0,0,0,0,0,0,0,2,Current,3,0,0,Adequate,Diet/Lifestyle,2,Patient Education,2,2026-09-27,1,P3,0
2026-10-01,PT-001708,CM-017,Claims,Midwest,Medicare Advantage,75,Female,English,Phone,0,1,0,0,1,0,0,0,0,2,1.54,Low,0,0,0,0,,,156,0,0,0,1,0,0,0,0,0,0,8,0.93,0,0,No,No,No,No,No,0,2026-08-31,31,0,1,0,0,0,0,0,0,1,Current,78,0,0,Limited,Diabetes,1,Patient Education,3,2026-09-29,1,P4,0
2026-10-01,PT-001709,CM-011,EHR,Northeast,Medicare Advantage,83,Male,English,Phone,0,0,0,0,0,1,1,1,0,3,1.57,Medium,0,0,0,0,,,104,0,0,0,0,0,0,1,0,0,1,7,0.81,0,0,Yes,No,No,Unknown,Unknown,1,2026-08-24,38,0,0,0,0,0,0,1,0,3,Needs Review,110,0,0,Limited,Diet/Lifestyle,2,Care Plan Update,0,2026-10-02,0,P3,0
2026-10-01,PT-001710,CM-018,Claims,Southeast,Medicare Advantage,66,Male,English,Caregiver,0,0,1,0,1,1,1,0,0,4,2.05,High,1,0,0,0,,,131,0,0,0,0,1,0,0,1,0,1,12,0.94,0,0,No,No,No,No,No,0,2026-08-17,45,0,0,1,0,0,0,1,1,4,Needs Review,109,0,0,Adequate,Appointment Preparation,3,Care Gap Closure,6,2026-10-06,0,P3,0
2026-10-01,PT-001711,CM-011,CareMgmt,Midwest,Medicare Advantage,75,Male,Russian,Phone,0,0,0,0,0,0,0,0,0,0,0.93,Low,0,0,0,0,,,154,0,0,0,0,0,0,0,0,0,0,5,0.67,1,0,No,No,No,Yes,No,1,2026-09-06,25,0,0,0,0,0,0,0,0,1,Overdue,277,0,0,Limited,Diet/Lifestyle,1,Medication Review,1,2026-09-30,1,P3,1
2026-10-01,PT-001712,CM-015,Claims,Midwest,Medicare Advantage,79,Female,Bengali,Phone,1,0,0,1,0,0,0,0,1,2,1.14,Medium,1,0,0,0,,5.2,150,1,0,0,0,0,0,0,0,0,1,2,0.75,1,0,Yes,No,No,No,No,1,2026-09-05,26,0,0,0,0,0,0,0,0,0,Overdue,231,1,0,Unknown,Appointment Preparation,3,Patient Education,7,2026-10-01,0,P3,0
2026-10-01,PT-001713,CM-006,CareMgmt,Northeast,Commercial Complex Care,72,Female,English,Phone,1,0,0,0,0,0,0,0,0,1,1.26,Low,0,0,0,0,,6.9,127,0,0,0,0,0,0,0,0,0,0,5,0.75,1,0,Yes,Yes,No,No,No,2,2026-08-29,33,0,1,0,0,0,0,0,0,3,Overdue,326,0,0,Low,Diabetes,1,Patient Education,2,2026-10-03,0,P4,0
2026-10-01,PT-001714,CM-006,HIE,Mid-Atlantic,Medicaid Managed Care,46,Male,English,Portal,0,1,1,0,0,0,0,0,0,2,1.28,Medium,0,0,1,0,,,147,0,0,0,1,0,0,0,0,0,0,2,0.51,1,0,No,No,No,No,No,0,2026-10-01,0,1,0,0,0,1,0,1,0,0,Current,68,0,0,Adequate,Diet/Lifestyle,2,Social Resource Referral,2,2026-09-29,1,P2,0
2026-10-01,PT-001715,CM-002,CareMgmt,Southwest,Commercial Complex Care,31,Female,English,Phone,0,0,0,0,0,0,1,0,0,1,1.26,Medium,1,0,1,1,12,,103,0,0,0,0,1,1,1,0,0,1,9,0.89,0,0,Yes,No,No,No,No,1,2026-09-16,15,1,0,0,0,0,0,0,0,0,Current,86,0,0,Adequate,Diet/Lifestyle,4,Patient Education,8,2026-10-06,0,P2,0
2026-10-01,PT-001716,CM-004,EHR,Mid-Atlantic,Commercial Complex Care,58,Male,English,Phone,0,0,0,0,0,0,0,0,0,0,0.62,Medium,0,0,0,1,20,,141,0,0,0,0,1,1,0,1,0,0,4,0.67,1,0,No,No,No,Yes,Yes,2,2026-09-18,13,1,1,0,0,0,0,0,0,0,Needs Review,102,0,1,Adequate,None,4,Post-Discharge Follow-up,4,2026-09-27,1,P4,0
2026-10-01,PT-001717,CM-008,EHR,Northeast,Medicaid Managed Care,38,Female,English,Caregiver,0,1,0,0,0,0,0,0,0,1,1.05,Low,0,0,1,0,,,144,0,0,0,1,0,0,0,0,0,0,3,0.89,0,0,No,No,Yes,No,No,1,2026-09-03,28,1,1,0,0,0,0,0,0,1,Overdue,261,0,1,Unknown,None,1,Care Plan Update,0,2026-10-01,0,P3,0
2026-10-01,PT-001718,CM-005,Claims,Northeast,Medicare Advantage,73,Female,Other,Phone,0,1,0,1,0,0,0,0,0,2,1.28,Medium,0,0,0,0,,,138,0,0,0,0,0,0,1,0,0,0,9,1.0,0,0,Unknown,No,No,Yes,No,1,2026-09-28,3,1,0,0,1,0,0,0,0,0,Current,88,0,0,Adequate,Diet/Lifestyle,1,Patient Outreach,0,2026-10-05,0,P1,0
2026-10-01,PT-001719,CM-014,HIE,Southeast,Commercial Complex Care,50,Female,English,Phone,0,1,0,0,0,0,0,0,0,1,0.55,Low,0,0,0,0,,,126,0,0,0,0,0,0,0,0,0,0,10,1.0,0,0,Yes,No,Yes,No,No,2,2026-08-24,38,0,0,0,1,0,0,0,0,1,Current,29,0,0,Limited,Diet/Lifestyle,0,Social Resource Referral,3,2026-10-03,0,P3,0
2026-10-01,PT-001720,CM-007,EHR,Mid-Atlantic,Medicare Advantage,80,Female,Spanish,Portal,0,0,0,0,1,0,0,0,0,1,1.32,Medium,0,0,0,1,22,,117,0,0,0,0,1,0,0,1,0,0,5,0.84,0,0,No,No,No,No,Yes,1,2026-09-20,11,1,0,0,0,0,0,0,0,3,Needs Review,148,1,0,Limited,None,2,Post-Discharge Follow-up,5,2026-10-06,0,P4,0
2026-10-01,PT-001721,CM-016,Pharmacy,Mid-Atlantic,Commercial Complex Care,78,Female,English,Portal,1,1,0,1,0,0,1,0,0,4,1.09,High,0,0,0,0,,,149,1,1,0,1,0,0,0,0,0,0,11,0.6,1,0,No,No,No,No,No,0,2026-09-13,18,2,0,0,0,0,0,0,0,4,Overdue,285,0,0,Unknown,Appointment Preparation,4,Medication Review,5,2026-10-06,0,P1,0
2026-10-01,PT-001722,CM-006,Claims,Midwest,Medicare Advantage,76,Female,English,SMS,1,0,0,0,0,1,1,0,0,3,1.12,Low,0,0,0,0,,,134,0,0,0,0,0,0,0,0,0,0,10,0.99,0,0,No,No,No,Yes,No,1,2026-09-10,21,1,1,0,0,0,0,0,0,2,Current,50,0,0,Adequate,None,0,Social Resource Referral,4,2026-09-30,1,P3,0
2026-10-01,PT-001723,CM-008,CareMgmt,Mid-Atlantic,Medicare Advantage,74,Female,English,Phone,0,1,1,0,0,0,0,0,0,2,1.29,Medium,0,0,0,0,,,135,0,0,0,0,0,0,1,0,0,0,6,0.95,0,0,Yes,Yes,No,No,No,2,2026-08-18,44,1,0,0,1,0,1,0,0,2,Overdue,154,0,0,Adequate,Diabetes,1,Care Gap Closure,0,2026-10-02,0,P4,0
2026-10-01,PT-001724,CM-015,Claims,Mid-Atlantic,Medicaid Managed Care,60,Male,Bengali,Portal,0,1,0,0,0,0,1,0,0,2,1.49,Medium,1,0,0,0,,,128,0,0,0,0,1,0,0,1,0,0,5,0.76,1,1,Yes,No,No,Yes,No,2,2026-08-25,37,0,1,0,0,0,0,0,0,1,Overdue,279,0,0,Adequate,Medication,3,Patient Outreach,2,2026-09-30,1,P2,0
2026-10-01,PT-001725,CM-017,Claims,Southwest,Medicare Advantage,82,Female,Spanish,Phone,1,1,0,0,1,0,1,0,0,4,1.22,Medium,1,0,2,0,,6.9,145,0,0,1,1,0,0,0,0,0,0,11,0.8,0,0,No,Unknown,No,No,No,0,2026-09-11,20,1,1,0,0,0,0,0,0,2,Needs Review,90,0,0,Adequate,None,2,Care Plan Update,4,2026-10-03,0,P3,0
2026-10-01,PT-001726,CM-006,HIE,Southwest,Medicare Advantage,57,Male,English,Portal,0,0,0,0,0,0,0,0,0,0,0.2,Low,0,0,0,0,,,144,0,0,0,0,0,0,0,0,0,0,4,0.73,1,1,No,No,No,No,No,0,2026-09-01,30,0,0,0,0,0,0,0,0,1,Current,32,0,0,Adequate,Medication,1,Care Gap Closure,0,2026-10-04,0,P1,0
2026-10-01,PT-001727,CM-008,EHR,Mid-Atlantic,Medicare Advantage,71,Female,English,Phone,1,0,0,0,0,0,0,0,0,1,1.54,Low,0,0,0,0,,8.4,121,0,0,1,0,0,0,0,0,0,0,6,0.75,1,0,No,No,No,No,No,0,2026-08-30,32,0,0,0,0,0,0,0,0,1,Overdue,348,0,0,Adequate,Diabetes,2,Post-Discharge Follow-up,0,2026-09-30,1,P2,0
2026-10-01,PT-001728,CM-004,EHR,Southeast,Dual Eligible,78,Male,English,Phone,0,0,0,1,0,0,1,0,0,2,0.75,Medium,0,0,0,0,,,135,0,0,0,0,0,0,1,0,0,0,1,0.72,0,0,No,Yes,Unknown,No,No,1,2026-09-15,16,2,0,0,0,0,1,0,0,3,Current,59,0,0,Limited,Appointment Preparation,1,Care Gap Closure,0,2026-09-29,1,P1,0
2026-10-01,PT-001729,CM-014,EHR,Midwest,Medicaid Managed Care,41,Female,English,Portal,0,1,0,0,0,0,0,0,0,1,0.78,Low,0,0,0,0,,,139,0,0,0,0,0,0,0,0,0,0,6,0.98,0,1,Unknown,No,No,No,No,0,2026-08-21,41,0,0,0,0,0,0,1,0,2,Current,85,1,0,Unknown,Diet/Lifestyle,0,Patient Outreach,6,2026-10-02,0,P3,0
2026-10-01,PT-001730,CM-009,Claims,Northeast,Medicare Advantage,76,Female,English,Phone,0,0,0,0,0,0,0,1,0,1,0.54,Medium,0,0,0,1,16,,113,0,0,0,0,0,0,0,0,0,0,7,0.69,1,0,No,Yes,No,Yes,No,2,2026-08-29,33,0,0,0,1,0,1,0,0,1,Current,64,0,0,Limited,Discharge Instructions,1,Social Resource Referral,6,2026-10-04,0,P2,0
2026-10-01,PT-001731,CM-008,Claims,Northeast,Commercial Complex Care,51,Female,English,Phone,0,1,0,0,0,0,0,0,0,1,0.8,Low,0,0,0,0,,,133,0,0,0,0,0,0,1,0,0,0,3,0.8,0,0,No,No,No,Unknown,Unknown,0,2026-08-19,43,0,0,0,0,0,0,0,0,2,Not Started,,0,0,Adequate,Medication,1,Care Gap Closure,5,2026-10-03,0,P3,0
2026-10-01,PT-001732,CM-015,CareMgmt,Southeast,Medicaid Managed Care,62,Male,English,Phone,0,0,0,0,0,0,0,0,0,0,0.3,Low,0,0,0,0,,,115,0,0,0,0,0,0,0,0,0,0,1,0.67,0,0,Yes,Yes,Yes,No,Yes,4,2026-08-14,48,0,1,1,0,0,0,0,0,2,Current,43,0,0,Limited,None,0,Care Plan Update,6,2026-10-03,0,P4,0
2026-10-01,PT-001733,CM-018,CareMgmt,Mid-Atlantic,Medicaid Managed Care,61,Male,English,SMS,1,0,0,0,0,0,1,0,0,2,1.47,Medium,2,0,0,1,19,6.6,129,0,0,0,0,0,1,0,0,0,0,6,0.96,0,0,Yes,No,No,No,No,1,2026-09-13,18,0,0,0,0,0,0,0,1,2,Current,56,0,0,Low,Medication,1,Social Resource Referral,1,2026-10-02,0,P1,0
2026-10-01,PT-001734,CM-013,EHR,Mid-Atlantic,Dual Eligible,71,Female,English,SMS,0,0,0,1,0,0,1,0,0,2,1.13,Medium,0,0,0,0,,,114,0,0,0,0,0,1,0,0,0,1,7,0.62,1,0,No,No,No,No,No,0,2026-10-01,0,0,0,0,0,0,0,0,0,1,Current,48,0,0,Limited,None,3,Care Gap Closure,0,2026-09-28,1,P4,0
2026-10-01,PT-001735,CM-012,Claims,Northeast,Medicaid Managed Care,56,Female,English,Phone,0,0,0,0,0,1,0,0,0,1,1.39,Low,1,0,0,0,,,158,0,0,0,0,0,0,1,0,0,0,4,0.86,0,0,No,Yes,No,No,Yes,2,2026-08-25,37,0,1,0,0,0,1,0,0,2,Current,33,0,1,Adequate,CHF,1,Care Plan Update,3,2026-09-27,1,P3,0
2026-10-01,PT-001736,CM-011,CareMgmt,Southeast,Medicare Advantage,71,Female,Spanish,Phone,0,1,1,0,0,0,0,0,0,2,1.58,Medium,3,0,0,0,,,122,0,0,0,0,1,0,0,0,0,0,5,0.87,0,0,No,No,No,No,No,0,2026-09-09,22,1,0,0,0,0,0,0,0,2,Current,35,0,0,Adequate,Diet/Lifestyle,1,Care Gap Closure,0,2026-10-02,0,P3,0
2026-10-01,PT-001737,CM-009,Claims,Midwest,Medicare Advantage,75,Male,Other,SMS,1,0,0,0,0,0,0,0,0,1,1.14,Low,0,0,0,0,,7.9,127,0,1,1,0,0,0,0,1,0,0,6,0.9,0,1,No,No,Unknown,No,Yes,1,2026-08-22,40,0,0,0,0,0,0,0,0,0,Current,17,0,0,Adequate,Medication,3,Patient Outreach,3,2026-10-04,0,P1,0
2026-10-01,PT-001738,CM-008,Claims,Midwest,Medicaid Managed Care,51,Male,Spanish,Portal,0,1,0,0,1,0,0,0,0,2,1.12,Medium,0,0,0,0,,,160,0,0,0,1,0,0,0,0,0,0,4,0.81,0,0,No,No,Yes,No,No,1,2026-08-25,37,0,1,0,0,0,0,0,0,4,Overdue,178,0,0,Adequate,Diet/Lifestyle,1,Provider Follow-up,5,2026-10-06,0,P2,0
2026-10-01,PT-001739,CM-009,CareMgmt,Northeast,Medicaid Managed Care,72,Male,Bengali,SMS,0,1,0,0,0,0,1,0,0,2,1.21,Low,0,0,0,0,,,133,0,0,0,0,1,0,1,0,0,0,6,0.91,0,0,No,No,No,Yes,No,1,2026-09-28,3,0,0,0,0,0,0,0,0,2,Current,20,0,0,Low,Diet/Lifestyle,2,Social Resource Referral,1,2026-09-28,1,P1,0
2026-10-01,PT-001740,CM-017,HIE,Northeast,Medicare Advantage,76,Female,English,Phone,0,1,0,0,0,0,1,0,0,2,1.29,Medium,0,0,1,0,,,143,0,0,0,1,0,0,0,0,0,0,9,0.68,1,0,No,No,Unknown,Yes,No,1,2026-10-01,0,0,1,0,1,0,0,0,0,2,Needs Review,133,0,0,Unknown,Medication,2,Care Plan Update,5,2026-09-28,1,P4,0
2026-10-01,PT-001741,CM-008,Claims,Northeast,Medicare Advantage,72,Male,Unknown,Portal,0,0,0,0,0,0,0,0,0,0,0.76,Low,0,1,0,0,,,133,0,0,0,0,0,0,0,0,0,0,0,0.94,0,0,No,No,No,No,No,0,2026-08-27,35,2,1,0,0,0,0,0,0,0,Overdue,327,0,0,Unknown,CHF,0,Patient Outreach,0,2026-09-29,1,P3,0
2026-10-01,PT-001742,CM-018,CareMgmt,Mid-Atlantic,Commercial Complex Care,56,Male,English,Phone,0,0,0,0,0,1,0,0,0,1,1.23,Low,0,0,1,0,,,141,0,0,0,0,0,1,1,0,0,0,8,0.9,0,0,Yes,No,No,Unknown,No,1,2026-09-14,17,1,1,0,1,0,0,0,0,0,Current,46,0,0,Low,None,2,Patient Outreach,2,2026-09-27,1,P4,0
2026-10-01,PT-001743,CM-011,CareMgmt,Midwest,Medicare Advantage,82,Female,English,Phone,0,0,1,0,1,0,0,0,0,2,1.15,High,3,0,0,0,,,124,0,0,0,0,0,0,1,0,0,0,8,0.77,1,0,No,No,No,No,Yes,1,2026-08-31,31,0,1,0,0,0,0,1,0,3,Current,18,0,0,Limited,Appointment Preparation,2,Patient Education,7,2026-09-28,1,P2,0
2026-10-01,PT-001744,CM-016,Pharmacy,Southeast,Commercial Complex Care,69,Female,Bengali,Portal,1,0,0,0,1,0,0,0,0,2,1.51,Medium,0,0,0,0,,7.7,123,1,1,0,0,0,0,0,0,0,1,8,0.77,1,0,Yes,No,No,Unknown,No,1,2026-08-26,36,0,1,0,0,0,0,1,0,4,Current,67,0,0,Adequate,Diabetes,4,Provider Follow-up,0,2026-09-29,1,P3,1
2026-10-01,PT-001745,CM-005,HIE,Northeast,Medicare Advantage,86,Male,English,Phone,0,0,0,0,0,0,1,0,1,1,0.89,Low,0,0,0,0,,,124,0,0,0,0,0,0,0,0,0,0,4,0.75,1,0,No,No,No,No,No,0,2026-10-01,0,0,0,0,0,0,0,0,0,1,Overdue,259,0,0,Limited,Diet/Lifestyle,1,Social Resource Referral,6,2026-09-30,1,P2,0
2026-10-01,PT-001746,CM-011,CareMgmt,Southeast,Medicare Advantage,87,Female,English,Phone,0,0,0,1,0,0,0,1,0,2,1.16,Medium,0,0,0,0,,,121,0,0,0,0,0,0,0,0,0,0,8,0.9,0,1,Yes,No,No,No,No,1,2026-09-07,24,0,0,0,0,0,0,0,0,0,Current,58,0,0,Adequate,Medication,0,Patient Outreach,4,2026-10-05,0,P3,0
2026-10-01,PT-001747,CM-010,Claims,Mid-Atlantic,Medicaid Managed Care,75,Female,Spanish,Phone,0,0,0,1,0,0,0,0,0,1,1.46,Medium,2,0,0,1,24,,133,0,0,0,0,0,1,0,0,0,0,7,0.77,1,0,No,No,No,No,No,0,2026-09-07,24,0,0,0,0,0,0,0,0,2,Current,79,0,0,Low,Appointment Preparation,2,Care Gap Closure,0,2026-10-04,0,P3,0
2026-10-01,PT-001748,CM-011,Claims,Northeast,Medicare Advantage,75,Male,Other,Phone,0,1,0,1,0,0,1,0,0,3,0.74,Medium,1,0,0,0,,,127,0,0,0,0,0,0,0,0,0,0,9,0.99,0,0,No,No,No,No,No,0,2026-08-17,45,0,1,0,0,0,0,1,0,3,Current,28,0,0,Limited,None,0,Social Resource Referral,3,2026-09-29,1,P4,0
2026-10-01,PT-001749,CM-003,EHR,Mid-Atlantic,Medicaid Managed Care,63,Female,English,Phone,0,1,0,0,0,0,0,0,0,1,0.91,Low,0,0,0,0,,,124,0,0,0,0,0,0,0,0,0,0,6,0.83,0,0,Yes,Yes,Yes,No,No,3,2026-08-15,47,0,1,0,1,0,0,0,0,1,Current,45,0,0,Adequate,CHF,0,Patient Outreach,4,2026-10-05,0,P4,0
2026-10-01,PT-001750,CM-017,EHR,Southeast,Medicare Advantage,73,Female,Spanish,Caregiver,1,1,1,0,1,1,1,0,0,6,1.96,High,2,0,0,0,,7.0,135,0,0,0,0,0,0,0,0,0,0,6,0.68,1,0,No,No,No,No,No,0,2026-09-28,3,1,1,0,0,1,0,0,0,3,Overdue,166,0,0,Adequate,Medication,1,Medication Review,1,2026-10-02,0,P4,0
2026-10-01,PT-001751,CM-009,CareMgmt,Midwest,Medicare Advantage,68,Male,English,Phone,0,1,0,0,0,0,1,0,0,2,1.05,Low,0,0,0,0,,,135,0,0,0,0,0,0,0,0,0,0,11,0.86,0,1,Yes,No,No,No,Unknown,1,2026-09-07,24,3,0,0,0,0,0,0,0,3,Current,77,0,0,Adequate,Diet/Lifestyle,0,Care Gap Closure,1,2026-10-01,0,P2,0
2026-10-01,PT-001752,CM-004,Claims,Southeast,Medicare Advantage,79,Male,Other,SMS,0,0,0,0,0,0,0,0,1,0,0.92,Low,0,0,0,0,,,144,0,0,0,0,0,0,0,0,0,0,5,0.92,0,0,No,No,No,No,No,0,2026-09-29,2,0,0,0,0,0,0,0,0,1,Current,61,1,0,Adequate,None,0,Post-Discharge Follow-up,7,2026-09-27,1,P4,0
2026-10-01,PT-001753,CM-009,EHR,Midwest,Medicare Advantage,64,Female,English,Phone,0,1,0,0,0,0,0,0,0,1,1.19,Low,0,0,0,0,,,116,0,0,0,0,0,0,0,0,0,0,8,0.86,0,1,No,No,No,No,Unknown,0,2026-09-22,9,4,0,0,0,0,0,1,0,3,Needs Review,122,0,0,Adequate,Appointment Preparation,0,Care Plan Update,2,2026-09-30,1,P4,0
2026-10-01,PT-001754,CM-013,EHR,Northeast,Dual Eligible,68,Male,Bengali,Phone,1,0,0,0,0,0,0,0,0,1,0.8,Low,0,0,0,0,,6.2,149,1,0,0,0,1,0,0,0,0,0,4,0.77,1,0,No,Yes,No,No,No,1,2026-09-11,20,0,0,0,0,0,1,0,0,2,Current,36,0,1,Adequate,Appointment Preparation,3,Care Gap Closure,8,2026-10-05,0,P4,0
2026-10-01,PT-001755,CM-018,Pharmacy,Mid-Atlantic,Medicare Advantage,68,Male,English,Phone,0,1,0,0,0,0,0,0,0,1,1.01,Low,0,0,0,0,,,147,0,0,0,1,0,0,0,0,0,0,5,0.79,1,0,No,No,No,No,Unknown,0,2026-09-25,6,0,0,0,0,0,0,0,0,2,Current,20,0,0,Limited,Diet/Lifestyle,2,Care Gap Closure,4,2026-10-03,0,P4,0
2026-10-01,PT-001756,CM-005,CareMgmt,Southeast,Medicare Advantage,79,Male,Spanish,Caregiver,0,0,0,0,0,0,0,0,0,0,0.2,Low,0,0,0,0,,,178,0,0,0,0,0,0,0,0,0,0,4,0.89,0,0,No,No,Unknown,No,Unknown,0,2026-09-06,25,0,1,0,0,0,0,1,0,0,Needs Review,113,0,0,Adequate,None,0,Care Plan Update,4,2026-10-05,0,P2,0
2026-10-01,PT-001757,CM-011,EHR,Southeast,Medicare Advantage,65,Male,Spanish,Phone,1,0,0,0,0,0,0,0,0,1,0.91,Low,0,0,0,0,,6.2,117,0,0,0,0,0,0,0,0,0,1,7,0.96,0,0,No,No,No,No,No,0,2026-09-16,15,0,0,0,0,0,0,1,0,0,Current,39,0,0,Unknown,Medication,1,Provider Follow-up,8,2026-10-03,0,P4,0
2026-10-01,PT-001758,CM-006,Claims,Mid-Atlantic,Dual Eligible,84,Female,Spanish,Portal,1,0,0,0,0,0,0,0,0,1,0.98,Low,0,0,0,0,,6.3,137,0,0,1,0,0,0,1,0,0,1,7,0.69,1,0,No,No,No,No,Unknown,0,2026-09-18,13,0,0,0,0,0,0,1,0,0,Current,4,0,1,Adequate,Diabetes,4,Post-Discharge Follow-up,1,2026-09-30,1,P4,0
2026-10-01,PT-001759,CM-008,Claims,Northeast,Medicare Advantage,79,Female,English,SMS,0,1,0,0,0,1,0,0,0,2,1.05,Low,0,0,0,0,,,145,0,0,0,1,0,0,0,1,1,0,5,1.0,0,0,No,No,No,Yes,No,1,2026-09-06,25,0,0,0,0,0,0,0,0,2,Needs Review,127,0,1,Limited,Discharge Instructions,3,Social Resource Referral,1,2026-10-06,0,P4,0
2026-10-01,PT-001760,CM-009,CareMgmt,Midwest,Dual Eligible,76,Male,English,SMS,0,1,0,0,1,0,0,0,0,2,1.4,Medium,0,0,0,0,,,141,0,0,0,1,0,0,0,1,0,0,6,0.72,1,1,No,Yes,No,No,No,1,2026-09-16,15,0,1,0,0,0,1,1,1,2,Current,72,1,0,Unknown,Medication,3,Patient Outreach,2,2026-10-05,0,P4,0
2026-10-01,PT-001761,CM-007,CareMgmt,Southeast,Dual Eligible,73,Male,English,Portal,1,0,1,0,0,0,0,0,0,2,1.1,Medium,0,0,0,0,,7.1,144,0,0,0,0,0,0,0,0,0,1,9,0.48,1,1,No,Yes,No,No,Yes,2,2026-08-03,59,2,0,0,1,1,1,0,0,2,Not Started,,0,0,Adequate,Medication,2,Patient Outreach,4,2026-10-02,0,P2,0
2026-10-01,PT-001762,CM-012,CareMgmt,Midwest,Commercial Complex Care,31,Female,English,Phone,1,1,1,0,0,1,0,0,0,4,1.79,High,0,1,5,0,,7.4,148,0,0,1,1,0,0,0,0,0,0,11,0.7,1,0,No,No,No,No,No,0,2026-09-03,28,0,0,0,0,0,0,0,0,3,Current,9,0,0,Limited,Diet/Lifestyle,3,Patient Education,0,2026-09-30,1,P3,0
2026-10-01,PT-001763,CM-003,CareMgmt,Northeast,Medicare Advantage,73,Male,English,Phone,0,1,0,0,0,0,0,0,0,1,1.7,Low,0,0,0,0,,,136,0,0,0,0,0,0,0,0,0,1,6,0.9,0,0,No,No,No,Yes,No,1,2026-07-30,63,0,1,0,0,0,0,0,0,1,Needs Review,118,0,0,Adequate,Medication,1,Provider Follow-up,5,2026-10-03,0,P3,0
2026-10-01,PT-001764,CM-008,EHR,Northeast,Dual Eligible,70,Male,Russian,Phone,0,0,0,0,0,0,0,0,0,0,0.79,Low,0,0,0,0,,,148,0,0,0,0,0,0,0,0,0,0,4,0.93,0,1,Unknown,No,No,No,Unknown,0,2026-09-03,28,0,1,0,0,0,0,1,0,0,Current,4,0,0,Adequate,CHF,0,Post-Discharge Follow-up,1,2026-10-01,0,P4,0
2026-10-01,PT-001765,CM-011,CareMgmt,Northeast,Medicare Advantage,69,Male,English,Phone,0,1,0,0,0,0,0,0,0,1,0.82,Low,0,0,0,0,,,158,0,0,0,1,0,0,0,1,0,0,1,0.9,0,0,Unknown,Unknown,Yes,No,No,1,2026-10-01,0,1,0,0,0,0,0,0,0,1,Needs Review,119,0,1,Adequate,Diet/Lifestyle,2,Patient Outreach,7,2026-09-28,1,P2,0
2026-10-01,PT-001766,CM-011,EHR,Southwest,Medicaid Managed Care,43,Male,English,Phone,0,0,0,0,0,0,0,0,0,0,0.74,Low,0,0,0,0,,,135,0,0,0,0,0,0,0,0,1,1,7,0.77,1,1,No,No,No,No,No,0,2026-10-01,0,0,0,0,0,0,0,0,1,2,Current,43,1,0,Limited,Appointment Preparation,3,Care Gap Closure,7,2026-10-02,0,P3,0
2026-10-01,PT-001767,CM-016,EHR,Northeast,Medicaid Managed Care,58,Male,English,SMS,0,1,0,0,0,0,1,0,0,2,1.19,Low,0,0,0,0,,,101,0,0,0,0,1,0,1,0,0,0,7,0.85,0,0,No,No,No,No,Yes,1,2026-09-15,16,0,1,0,0,0,0,0,1,3,Current,67,0,0,Adequate,None,2,Medication Review,1,2026-09-28,1,P4,0
2026-10-01,PT-001768,CM-005,Pharmacy,Southwest,Medicaid Managed Care,53,Female,English,Phone,1,1,0,0,1,1,1,0,0,5,1.88,High,6,0,0,0,,7.3,162,0,0,1,1,0,0,0,0,0,0,10,0.77,1,0,No,No,Yes,No,Yes,2,2026-08-26,36,0,1,0,0,0,0,0,0,4,Current,41,0,0,Adequate,None,3,Care Gap Closure,5,2026-09-28,1,P3,0
2026-10-01,PT-001769,CM-004,EHR,Northeast,Dual Eligible,70,Female,English,SMS,0,0,0,0,0,0,0,1,0,1,1.13,Low,0,0,0,0,,,123,0,0,0,0,0,0,1,0,0,0,4,0.69,1,0,Yes,No,Yes,No,No,2,2026-09-15,16,0,1,0,0,0,0,0,1,1,Current,85,0,0,Adequate,Discharge Instructions,2,Social Resource Referral,0,2026-10-05,0,P3,0
2026-10-01,PT-001770,CM-008,HIE,Northeast,Medicare Advantage,68,Male,English,Phone,0,0,0,0,0,0,0,0,0,0,0.98,Low,0,0,0,0,,,120,0,0,0,0,0,0,0,1,0,0,4,0.99,0,1,No,Yes,No,No,No,1,2026-09-29,2,0,0,0,0,0,1,0,0,1,Current,63,0,0,Limited,None,1,Social Resource Referral,0,2026-10-01,0,P4,0
2026-10-01,PT-001771,CM-003,Claims,Southeast,Dual Eligible,78,Female,English,Portal,1,0,1,0,0,0,0,0,0,2,1.34,Medium,2,0,0,0,,6.2,104,0,1,1,0,0,0,0,0,0,0,7,0.88,0,0,No,No,No,No,No,0,2026-09-19,12,0,1,0,0,0,0,0,0,1,Needs Review,103,0,0,Adequate,Diabetes,2,Care Gap Closure,0,2026-09-30,1,P1,0
2026-10-01,PT-001772,CM-014,CareMgmt,Northeast,Medicare Advantage,70,Female,English,SMS,0,1,1,0,0,0,0,0,0,2,1.22,Medium,1,0,0,0,,,127,0,0,0,0,0,0,1,0,0,0,6,0.72,1,0,No,No,No,Unknown,Yes,1,2026-09-24,7,0,0,0,0,0,0,0,0,3,Current,43,0,0,Adequate,Medication,2,Social Resource Referral,1,2026-10-04,0,P3,0
2026-10-01,PT-001773,CM-005,CareMgmt,Northeast,Dual Eligible,67,Male,English,Phone,0,0,0,0,0,1,0,0,0,1,0.73,Low,0,0,0,0,,,156,0,0,0,0,0,0,0,0,0,1,6,0.87,0,0,No,Yes,No,No,No,1,2026-08-24,38,0,0,0,0,0,1,0,0,0,Current,41,0,0,Limited,Appointment Preparation,1,Social Resource Referral,11,2026-09-29,1,P3,0
2026-10-01,PT-001774,CM-007,Claims,Southeast,Medicare Advantage,76,Female,Spanish,Portal,0,1,0,1,0,0,0,0,0,2,0.91,Medium,0,0,0,0,,,144,0,0,0,1,0,0,0,0,0,0,5,0.92,0,0,Yes,No,No,Unknown,No,1,2026-09-13,18,0,0,0,1,0,0,0,0,1,Needs Review,133,0,0,Adequate,Diet/Lifestyle,1,Provider Follow-up,0,2026-09-28,1,P3,0
2026-10-01,PT-001775,CM-018,Pharmacy,Southeast,Medicare Advantage,83,Male,Spanish,Phone,1,1,0,1,0,0,1,0,0,4,1.45,High,0,0,0,0,,6.5,145,0,1,1,1,0,0,1,0,0,0,12,0.78,1,0,No,No,No,No,No,0,2026-09-13,18,1,0,0,0,0,0,0,0,3,Not Started,,0,1,Limited,Diabetes,5,Provider Follow-up,7,2026-10-05,0,P3,0
2026-10-01,PT-001776,CM-014,Claims,Northeast,Medicare Advantage,77,Male,English,SMS,0,1,0,0,1,0,0,0,0,2,1.21,Medium,0,0,0,1,21,,120,0,0,0,0,1,0,0,0,0,0,10,0.9,0,0,No,No,No,No,No,0,2026-09-09,22,0,0,0,0,0,0,0,0,4,Current,45,0,0,Adequate,None,1,Care Gap Closure,0,2026-10-03,0,P3,0
2026-10-01,PT-001777,CM-012,Claims,Northeast,Medicare Advantage,79,Female,Bengali,Phone,0,0,0,0,0,0,0,0,0,0,0.57,Low,0,0,0,0,,,132,0,0,0,0,0,0,0,0,0,0,1,0.75,0,1,No,No,No,No,No,0,2026-09-15,16,2,0,0,0,0,0,0,0,1,Needs Review,122,0,0,Adequate,Discharge Instructions,0,Patient Outreach,0,2026-10-05,0,P4,0
2026-10-01,PT-001778,CM-013,CareMgmt,Midwest,Dual Eligible,73,Female,English,Phone,0,0,0,0,0,0,1,0,0,1,1.39,Low,0,0,0,0,,,138,0,0,0,0,0,0,0,0,0,0,7,0.79,1,0,No,No,No,Yes,Unknown,1,2026-10-01,0,1,0,0,1,0,0,0,0,1,Needs Review,104,1,0,Adequate,Medication,1,Care Plan Update,0,2026-09-29,1,P1,0
2026-10-01,PT-001779,CM-016,EHR,Northeast,Medicare Advantage,75,Female,English,Phone,1,0,0,0,0,0,0,0,1,1,0.88,Low,0,0,0,0,,6.4,157,0,0,1,0,0,0,1,0,0,1,6,0.95,0,0,No,No,No,No,Yes,1,2026-08-18,44,0,1,0,0,0,0,0,0,0,Current,8,0,0,Limited,Diet/Lifestyle,3,Patient Outreach,0,2026-09-27,1,P4,0
2026-10-01,PT-001780,CM-018,EHR,Mid-Atlantic,Dual Eligible,76,Female,Spanish,SMS,0,1,0,0,0,0,0,0,0,1,1.46,Low,0,0,1,0,,,163,0,0,0,1,0,0,0,0,0,0,9,0.74,1,0,No,Yes,No,No,No,1,2026-08-26,36,0,1,0,0,0,1,1,0,1,Current,73,0,0,Adequate,None,2,Patient Education,11,2026-10-04,0,P2,0
2026-10-01,PT-001781,CM-008,Claims,Southeast,Medicare Advantage,80,Male,English,Phone,1,0,1,1,1,1,0,0,0,5,1.94,High,1,0,0,0,,6.9,129,0,1,1,0,1,0,0,0,1,0,10,1.0,0,0,No,No,No,Yes,No,1,2026-09-06,25,0,0,0,0,0,0,1,0,5,Current,16,0,0,Unknown,Diabetes,4,Medication Review,0,2026-09-29,1,P1,0
2026-10-01,PT-001782,CM-017,Claims,Northeast,Medicare Advantage,78,Male,Chinese,Portal,0,1,0,1,1,0,0,0,0,3,1.94,High,2,0,0,0,,,149,0,0,0,1,0,0,1,0,1,0,11,1.0,0,0,Yes,Unknown,No,Unknown,No,1,2026-09-30,1,2,0,0,0,0,0,1,0,4,Current,53,0,1,Adequate,Diet/Lifestyle,3,Patient Outreach,12,2026-10-06,0,P2,0
2026-10-01,PT-001783,CM-010,EHR,Northeast,Commercial Complex Care,42,Female,Spanish,Phone,0,1,0,0,0,0,0,0,0,1,1.05,Low,2,0,0,0,,,148,0,0,0,1,0,0,0,0,0,0,1,0.73,0,0,No,No,No,Unknown,No,0,2026-09-12,19,0,0,0,0,0,0,0,0,2,Current,86,0,0,Adequate,None,1,Care Gap Closure,4,2026-10-04,0,P1,0
2026-10-01,PT-001784,CM-001,CareMgmt,Midwest,Medicare Advantage,65,Female,Bengali,Phone,0,0,0,0,1,0,0,0,0,1,1.24,Low,0,0,0,0,,,145,0,0,0,0,0,0,1,0,0,0,6,0.67,1,0,No,No,No,No,No,0,2026-09-14,17,1,0,0,0,1,0,0,0,4,Overdue,164,0,0,Adequate,Discharge Instructions,2,Patient Education,0,2026-09-30,1,P3,0
2026-10-01,PT-001785,CM-003,Claims,Midwest,Medicaid Managed Care,31,Male,English,Phone,0,1,0,0,0,0,0,0,0,1,1.0,Low,0,0,0,0,,,154,0,0,0,1,0,0,0,1,0,0,3,0.83,0,0,No,No,No,Yes,Yes,2,2026-08-17,45,0,0,0,0,0,0,0,0,3,Current,56,2,0,Unknown,None,2,Care Gap Closure,0,2026-10-06,0,P3,0
2026-10-01,PT-001786,CM-018,CareMgmt,Southeast,Medicaid Managed Care,77,Female,English,Portal,0,1,1,0,0,0,0,0,0,2,1.49,Medium,0,0,1,0,,,128,0,0,0,0,0,0,0,0,0,0,7,0.46,1,0,No,No,No,No,No,0,2026-09-11,20,0,1,0,0,0,0,0,0,2,Current,46,1,0,Adequate,Medication,1,Patient Outreach,0,2026-09-27,1,P2,0
2026-10-01,PT-001787,CM-013,HIE,Southeast,Dual Eligible,83,Female,English,Caregiver,1,0,0,0,0,0,0,0,0,1,1.12,Low,0,0,0,0,,9.3,145,0,0,0,0,0,0,1,0,0,0,7,0.73,1,0,No,No,No,No,Yes,1,2026-09-11,20,1,0,0,0,0,0,1,0,2,Needs Review,118,0,1,Limited,Discharge Instructions,2,Medication Review,6,2026-10-04,0,P3,1
2026-10-01,PT-001788,CM-006,Pharmacy,Mid-Atlantic,Medicaid Managed Care,55,Female,English,SMS,1,1,0,0,0,1,0,0,0,3,1.45,Medium,2,0,0,0,,9.6,150,0,0,0,1,0,0,0,0,0,1,7,0.78,1,0,No,No,No,No,No,0,2026-08-19,43,0,0,0,0,0,0,0,0,3,Current,21,0,0,Adequate,Medication,3,Provider Follow-up,0,2026-10-02,0,P4,0
2026-10-01,PT-001789,CM-010,EHR,Mid-Atlantic,Medicaid Managed Care,70,Female,English,Portal,0,0,1,0,1,0,0,1,0,3,1.68,High,0,0,1,0,,,142,0,0,0,0,0,0,1,0,0,0,9,0.62,1,0,Unknown,Unknown,No,No,No,0,2026-10-01,0,0,0,0,0,0,0,1,0,5,Current,33,0,0,Adequate,Medication,2,Patient Outreach,1,2026-10-05,0,P1,0
2026-10-01,PT-001790,CM-013,EHR,Southwest,Medicaid Managed Care,48,Female,Other,Phone,0,1,0,0,0,0,0,0,0,1,1.32,Low,2,0,0,0,,,146,0,0,0,1,0,0,0,0,0,1,4,0.93,0,0,Yes,No,No,Unknown,No,1,2026-09-11,20,6,0,0,1,0,0,1,1,3,Current,60,0,0,Adequate,Appointment Preparation,2,Social Resource Referral,3,2026-10-03,0,P1,0
2026-10-01,PT-001791,CM-016,Claims,Southeast,Medicare Advantage,68,Male,Other,Phone,0,0,0,0,0,0,0,0,0,0,1.14,Low,0,0,0,0,,,151,0,0,0,0,0,0,0,0,0,0,6,0.81,0,0,No,No,No,No,No,0,2026-09-26,5,0,1,0,0,0,0,1,0,2,Needs Review,129,0,0,Limited,Medication,0,Care Gap Closure,7,2026-10-02,0,P4,0
2026-10-01,PT-001792,CM-007,EHR,Mid-Atlantic,Medicare Advantage,74,Female,English,Phone,0,1,1,1,0,0,0,0,0,3,1.03,High,0,0,4,0,,,129,0,0,0,0,0,0,0,0,0,0,7,0.71,1,1,No,No,No,No,Yes,1,2026-09-12,19,0,0,0,0,0,0,0,1,2,Current,5,0,0,Limited,CHF,1,Provider Follow-up,7,2026-09-27,1,P3,0
2026-10-01,PT-001793,CM-005,Claims,Northeast,Medicaid Managed Care,71,Female,Spanish,SMS,1,1,0,0,0,0,0,0,0,2,1.54,Low,0,0,0,0,,6.7,150,0,0,0,1,0,0,0,1,0,0,9,0.85,0,0,No,No,No,No,No,0,2026-09-22,9,0,1,0,0,0,0,0,0,2,Overdue,176,0,0,Adequate,Medication,2,Patient Education,0,2026-09-27,1,P2,0
2026-10-01,PT-001794,CM-013,Pharmacy,Midwest,Medicare Advantage,88,Female,English,SMS,0,1,1,0,0,0,0,0,0,2,1.15,Medium,2,0,1,0,,,145,0,0,0,1,0,0,0,0,0,0,5,0.88,0,1,No,No,No,No,No,0,2026-09-13,18,0,0,0,0,0,0,0,0,3,Current,49,0,0,Adequate,Medication,1,Patient Outreach,6,2026-10-03,0,P2,0
2026-10-01,PT-001795,CM-009,EHR,Southwest,Dual Eligible,69,Male,English,SMS,1,0,0,0,0,0,0,0,0,1,0.48,Low,1,0,0,0,,10.5,134,0,0,0,0,1,0,0,0,0,0,4,0.94,0,1,No,No,No,No,No,0,2026-09-05,26,2,0,0,0,0,0,0,1,4,Needs Review,146,0,0,Limited,Discharge Instructions,1,Patient Education,3,2026-10-03,0,P3,0
2026-10-01,PT-001796,CM-006,EHR,Mid-Atlantic,Medicare Advantage,83,Female,English,Portal,0,1,0,0,0,0,0,0,1,1,0.74,Low,0,0,0,0,,,143,0,0,0,1,0,0,0,0,0,0,5,0.91,0,0,No,No,No,Yes,No,1,2026-08-26,36,0,0,0,0,0,0,0,0,1,Current,38,0,0,Low,COPD,1,Post-Discharge Follow-up,0,2026-09-28,1,P3,0
2026-10-01,PT-001797,CM-015,EHR,Northeast,Medicare Advantage,76,Male,Other,Phone,0,0,1,0,0,0,0,0,0,1,0.88,Low,0,0,0,0,,,121,0,0,0,0,0,0,0,0,0,0,1,1.0,0,0,Yes,No,No,No,No,1,2026-09-10,21,0,0,0,0,0,0,0,0,0,Needs Review,148,0,1,Adequate,None,0,Care Gap Closure,0,2026-09-30,1,P3,0
2026-10-01,PT-001798,CM-009,CareMgmt,Midwest,Dual Eligible,60,Female,English,Phone,0,1,0,0,0,0,0,0,0,1,0.95,Low,0,0,0,0,,,139,0,0,0,0,0,0,0,0,0,0,8,0.65,1,0,No,No,No,No,Yes,1,2026-09-04,27,0,0,0,0,0,0,0,0,1,Current,11,4,0,Limited,Medication,1,Provider Follow-up,4,2026-09-29,1,P1,0
2026-10-01,PT-001799,CM-004,CareMgmt,Northeast,Medicare Advantage,67,Male,English,Phone,0,1,0,1,0,0,0,0,0,2,1.11,Medium,0,0,0,0,,,112,0,0,0,0,0,0,1,0,0,0,4,0.98,0,0,Yes,No,No,No,No,1,2026-09-07,24,0,0,0,0,0,0,0,0,1,Overdue,305,0,0,Limited,None,1,Care Plan Update,2,2026-09-28,1,P1,0
2026-10-01,PT-001800,CM-013,Claims,Southeast,Medicare Advantage,74,Female,English,SMS,1,1,0,0,0,0,0,0,0,2,1.12,Low,0,0,0,0,,8.5,142,1,0,0,1,0,0,0,1,0,1,5,0.96,0,0,No,No,No,Unknown,No,0,2026-09-23,8,0,0,0,0,1,0,0,0,1,Current,18,0,0,Unknown,None,4,Patient Education,3,2026-10-02,0,P4,0
2026-10-01,PT-001801,CM-010,EHR,Southwest,Medicaid Managed Care,37,Male,English,Phone,0,1,0,0,1,0,0,0,0,2,1.37,Medium,0,0,0,0,,,111,0,0,0,0,0,0,0,0,0,1,9,0.94,0,0,No,Yes,No,No,Yes,2,2026-08-26,36,1,1,0,1,0,0,0,0,4,Needs Review,110,0,0,Unknown,Appointment Preparation,1,Patient Outreach,5,2026-10-02,0,P3,0
2026-10-01,PT-001802,CM-016,Claims,Northeast,Commercial Complex Care,39,Male,Russian,Phone,0,0,0,0,0,0,0,0,0,0,0.98,Low,0,0,0,0,,,125,0,0,0,0,0,0,0,1,0,0,1,1.0,0,0,Yes,No,No,No,No,1,2026-09-11,20,0,1,0,0,0,0,1,0,0,Overdue,194,0,0,Adequate,Diet/Lifestyle,1,Patient Outreach,0,2026-10-05,0,P3,0
2026-10-01,PT-001803,CM-002,CareMgmt,Northeast,Dual Eligible,71,Male,English,Phone,0,1,0,0,0,0,0,0,0,1,0.81,Low,1,0,0,0,,,149,0,0,0,1,0,0,0,0,0,0,5,0.84,0,0,No,No,No,No,No,0,2026-09-15,16,1,0,0,0,0,0,0,1,2,Current,48,0,1,Adequate,None,1,Post-Discharge Follow-up,0,2026-09-27,1,P4,0
2026-10-01,PT-001804,CM-018,EHR,Northeast,Medicaid Managed Care,50,Female,Other,Phone,0,0,0,0,0,0,0,0,0,0,0.86,Low,0,0,0,0,,,119,0,0,0,0,0,0,1,0,0,0,1,0.85,0,0,No,No,No,No,No,0,2026-09-10,21,1,0,0,1,0,0,0,0,1,Needs Review,149,1,0,Low,Medication,1,Patient Outreach,2,2026-09-27,1,P2,0
2026-10-01,PT-001805,CM-007,CareMgmt,Northeast,Medicare Advantage,71,Male,English,Phone,1,1,0,0,1,0,1,0,0,4,1.72,High,0,1,0,0,,9.5,156,0,0,0,1,0,0,0,1,0,0,9,0.79,1,0,No,No,Yes,No,No,1,2026-09-08,23,0,0,0,0,0,0,0,0,5,Not Started,,1,0,Adequate,Medication,3,Care Gap Closure,8,2026-10-04,0,P1,0
2026-10-01,PT-001806,CM-012,HIE,Mid-Atlantic,Medicaid Managed Care,68,Female,English,Phone,0,0,0,0,0,0,0,0,0,0,0.88,Low,0,0,0,0,,,129,0,0,0,0,0,0,1,0,0,0,5,0.76,1,1,No,Yes,Yes,No,Yes,3,2026-08-30,32,0,1,0,0,0,0,1,0,0,Overdue,265,0,1,Adequate,Medication,2,Social Resource Referral,2,2026-09-29,1,P4,0
2026-10-01,PT-001807,CM-003,HIE,Southeast,Medicare Advantage,72,Female,Spanish,Phone,0,1,0,0,0,0,0,0,0,1,0.76,Low,0,0,0,0,,,155,0,0,0,1,0,0,0,0,0,0,3,0.93,0,0,No,Yes,No,No,No,1,2026-09-10,21,0,1,0,1,0,0,0,0,0,Needs Review,137,0,0,Adequate,None,1,Social Resource Referral,8,2026-10-04,0,P3,0
2026-10-01,PT-001808,CM-014,Pharmacy,Mid-Atlantic,Medicaid Managed Care,76,Female,English,Portal,0,0,0,0,0,0,0,1,0,1,0.9,Low,0,0,0,0,,,90,0,0,0,0,0,0,0,0,0,0,1,0.43,0,0,No,No,Unknown,Unknown,Unknown,0,2026-09-10,21,0,0,0,1,0,0,1,0,1,Needs Review,103,0,0,Limited,None,0,Care Plan Update,0,2026-10-06,0,P3,0
2026-10-01,PT-001809,CM-015,EHR,Southeast,Dual Eligible,77,Female,English,Phone,1,0,0,0,0,0,1,0,0,2,1.47,Low,0,0,1,0,,7.4,106,0,0,0,0,0,0,0,0,0,0,5,0.98,0,0,No,No,Unknown,No,No,0,2026-09-15,16,0,0,0,0,1,0,0,1,1,Current,83,0,0,Adequate,Medication,0,Provider Follow-up,0,2026-09-30,1,P3,0
2026-10-01,PT-001810,CM-003,CareMgmt,Mid-Atlantic,Medicare Advantage,72,Male,Bengali,SMS,0,0,0,0,0,1,1,0,0,2,1.27,Low,0,0,0,0,,,122,0,0,0,0,0,0,0,0,0,0,5,0.87,0,0,Yes,No,No,Yes,No,2,2026-09-08,23,0,0,0,0,0,0,0,0,3,Overdue,287,0,0,Low,None,0,Care Gap Closure,5,2026-10-02,0,P3,0
2026-10-01,PT-001811,CM-008,CareMgmt,Northeast,Commercial Complex Care,44,Female,English,Phone,1,1,0,0,0,0,1,0,0,3,1.2,Medium,0,0,0,0,,8.0,133,1,0,0,0,1,0,0,0,0,1,6,1.0,0,0,No,No,No,No,No,0,2026-08-23,39,0,0,0,0,0,0,1,0,2,Current,68,0,0,Adequate,Medication,3,Care Gap Closure,7,2026-10-04,0,P3,0
2026-10-01,PT-001812,CM-005,CareMgmt,Southwest,Medicaid Managed Care,54,Female,English,SMS,0,0,0,0,0,0,0,0,0,0,0.92,Low,0,0,0,0,,,125,0,0,0,0,1,0,0,1,0,0,7,0.87,0,0,No,No,No,No,Yes,1,2026-09-13,18,1,0,0,1,0,0,0,0,1,Overdue,281,0,0,Adequate,Diet/Lifestyle,2,Social Resource Referral,0,2026-10-01,0,P2,0
2026-10-01,PT-001813,CM-012,CareMgmt,Southeast,Medicare Advantage,69,Male,English,Portal,0,0,0,0,1,0,0,0,0,1,1.08,Low,0,0,0,0,,,125,0,0,0,0,0,0,0,0,0,0,4,0.85,0,0,No,No,No,No,No,0,2026-09-15,16,0,0,0,0,0,0,0,0,1,Current,23,0,1,Adequate,Diet/Lifestyle,0,Patient Education,1,2026-09-29,1,P2,0
2026-10-01,PT-001814,CM-011,Claims,Southeast,Medicare Advantage,73,Female,English,Phone,0,1,0,0,0,1,0,0,1,2,1.11,Medium,0,0,0,0,,,137,0,0,0,0,0,0,0,1,1,0,11,0.68,1,0,No,No,No,No,No,0,2026-08-31,31,0,1,0,0,0,0,0,0,0,Needs Review,117,0,0,Adequate,Appointment Preparation,3,Patient Outreach,6,2026-09-29,1,P2,0
2026-10-01,PT-001815,CM-018,CareMgmt,Southeast,Medicaid Managed Care,52,Male,English,Phone,0,0,0,0,0,0,0,0,0,0,1.07,Low,0,0,0,0,,,127,0,0,0,0,0,0,0,0,0,0,2,0.93,0,0,Yes,No,No,No,No,1,2026-09-30,1,0,0,0,0,0,0,0,0,1,Current,49,0,0,Low,None,0,Care Plan Update,8,2026-09-27,1,P1,0
2026-10-01,PT-001816,CM-013,EHR,Mid-Atlantic,Medicare Advantage,84,Male,English,Phone,0,1,0,0,0,0,1,0,0,2,1.16,Low,0,0,0,0,,,149,0,0,0,1,0,0,0,1,0,1,6,0.99,0,0,No,No,No,No,No,0,2026-09-22,9,0,1,0,0,0,0,1,0,1,Current,4,0,0,Adequate,Diabetes,3,Care Gap Closure,5,2026-10-04,0,P4,0
2026-10-01,PT-001817,CM-001,CareMgmt,Mid-Atlantic,Dual Eligible,66,Female,Chinese,Phone,0,1,0,0,0,0,0,0,0,1,0.61,Low,0,0,0,0,,,139,0,0,0,0,0,0,0,0,0,0,6,0.58,1,0,Yes,No,No,No,No,1,2026-09-18,13,0,0,0,0,0,0,0,0,2,Current,29,1,0,Low,Diabetes,1,Patient Outreach,4,2026-10-02,0,P3,0
2026-10-01,PT-001818,CM-013,HIE,Mid-Atlantic,Medicaid Managed Care,52,Male,Spanish,Phone,0,0,0,0,0,0,0,0,0,0,0.6,Low,0,0,0,0,,,138,0,0,0,0,0,0,1,0,0,0,3,0.75,1,0,Yes,No,No,No,No,1,2026-09-08,23,2,1,0,0,0,0,1,1,2,Needs Review,122,0,0,Low,Diabetes,2,Care Gap Closure,6,2026-10-06,0,P3,1
2026-10-01,PT-001819,CM-011,EHR,Midwest,Dual Eligible,65,Male,Bengali,SMS,0,0,0,0,0,0,0,0,0,0,0.71,Low,0,0,0,0,,,103,0,0,0,0,1,0,0,0,0,0,4,0.75,1,0,No,No,No,No,No,0,2026-09-20,11,0,1,0,0,0,0,1,0,0,Needs Review,148,1,1,Adequate,CHF,2,Care Plan Update,6,2026-10-03,0,P3,0
2026-10-01,PT-001820,CM-012,CareMgmt,Southeast,Medicare Advantage,73,Female,Spanish,Phone,1,1,1,0,0,0,0,0,1,3,1.54,High,0,0,0,1,2,11.1,134,0,0,0,0,0,1,0,0,0,0,12,0.74,1,0,No,No,No,No,No,0,2026-10-01,0,0,0,1,0,0,0,0,0,0,Needs Review,144,0,0,Adequate,Diabetes,2,Post-Discharge Follow-up,0,2026-09-28,1,P4,0
2026-10-01,PT-001821,CM-007,Claims,Northeast,Medicare Advantage,68,Female,English,Phone,1,0,0,0,1,0,1,0,0,3,1.26,High,0,0,0,0,,7.0,167,0,1,1,0,1,0,1,1,0,0,8,0.96,0,1,No,Yes,Unknown,Yes,No,2,2026-08-25,37,0,1,0,0,0,1,1,0,2,Current,43,0,1,Low,Appointment Preparation,5,Care Gap Closure,9,2026-10-04,0,P4,0
2026-10-01,PT-001822,CM-015,CareMgmt,Midwest,Commercial Complex Care,59,Female,English,Portal,0,1,0,1,1,0,0,0,0,3,1.58,Medium,0,0,0,0,,,149,0,0,0,1,0,0,0,0,0,0,10,0.86,0,0,No,No,No,No,No,0,2026-09-23,8,0,0,0,0,0,0,0,0,2,Current,81,0,0,Low,Appointment Preparation,1,Patient Outreach,0,2026-09-27,1,P3,0
2026-10-01,PT-001823,CM-017,CareMgmt,Midwest,Medicare Advantage,79,Female,Spanish,Phone,1,0,0,0,0,0,1,0,0,2,1.38,Low,1,0,0,0,,6.8,161,0,1,0,0,0,0,1,0,0,0,9,1.0,0,0,No,No,No,No,No,0,2026-08-31,31,4,1,0,0,0,0,0,0,1,Not Started,,1,1,Limited,Diabetes,2,Patient Outreach,6,2026-09-30,1,P4,0
2026-10-01,PT-001824,CM-001,Claims,Northeast,Dual Eligible,70,Female,English,SMS,0,0,0,0,0,0,0,0,1,0,0.97,Low,0,0,0,0,,,117,0,0,0,0,0,0,1,1,0,0,1,0.81,0,0,No,Unknown,Unknown,No,No,0,2026-09-09,22,0,1,0,0,0,0,0,0,1,Current,71,0,0,Adequate,Medication,2,Patient Outreach,10,2026-09-29,1,P3,0
2026-10-01,PT-001825,CM-004,Claims,Midwest,Dual Eligible,74,Male,English,Phone,1,0,0,0,1,0,0,0,1,2,1.48,Medium,0,0,0,0,,8.7,115,1,0,0,0,1,0,0,1,0,0,8,0.91,0,0,Yes,Yes,No,No,No,2,2026-09-15,16,5,1,0,1,0,0,0,0,3,Needs Review,133,0,1,Limited,CHF,3,Care Gap Closure,0,2026-10-06,0,P3,0
2026-10-01,PT-001826,CM-003,CareMgmt,Northeast,Medicaid Managed Care,34,Female,Spanish,Portal,0,0,0,0,0,0,0,0,0,0,0.57,Low,0,0,0,0,,,115,0,0,0,0,0,0,0,0,0,0,5,0.77,1,0,Yes,No,No,No,No,1,2026-09-01,30,0,0,0,1,0,0,0,0,0,Overdue,288,0,0,Adequate,CHF,1,Social Resource Referral,4,2026-09-30,1,P3,0
2026-10-01,PT-001827,CM-014,Claims,Southeast,Dual Eligible,87,Male,English,Phone,1,0,0,0,1,0,0,0,0,2,1.11,Medium,0,0,0,0,,6.6,123,0,1,0,0,0,0,0,0,0,1,4,0.86,0,0,No,No,No,Yes,No,1,2026-09-02,29,0,1,0,0,0,0,0,0,1,Current,78,0,0,Adequate,Medication,2,Social Resource Referral,5,2026-09-28,1,P4,0
2026-10-01,PT-001828,CM-010,CareMgmt,Midwest,Medicare Advantage,55,Male,English,Portal,1,0,0,0,0,0,0,0,0,1,0.88,Low,0,0,0,0,,8.2,131,0,0,0,0,1,0,0,1,0,0,5,1.0,0,0,No,No,No,No,No,0,2026-09-19,12,1,1,0,0,0,0,0,0,2,Current,45,0,0,Adequate,None,2,Social Resource Referral,3,2026-10-02,0,P3,0
2026-10-01,PT-001829,CM-013,Claims,Mid-Atlantic,Medicare Advantage,75,Female,English,Phone,0,0,1,0,0,0,0,0,1,1,1.31,Low,0,0,0,0,,,130,0,0,0,0,0,1,0,0,0,0,7,0.85,0,0,No,Unknown,Unknown,No,No,0,2026-10-01,0,2,0,1,0,0,0,1,0,2,Overdue,250,0,0,Limited,None,1,Patient Outreach,0,2026-09-29,1,P2,1
2026-10-01,PT-001830,CM-009,CareMgmt,Southeast,Medicare Advantage,77,Male,English,Portal,0,1,1,0,1,0,0,0,0,3,1.87,High,0,0,0,0,,,160,0,0,0,1,0,0,1,0,0,0,11,0.63,1,0,No,No,No,Unknown,No,0,2026-09-12,19,0,0,0,0,0,0,0,0,1,Overdue,354,0,1,Limited,Diet/Lifestyle,3,Patient Outreach,8,2026-09-28,1,P3,0
2026-10-01,PT-001831,CM-005,HIE,Mid-Atlantic,Dual Eligible,83,Male,English,Phone,0,0,1,1,1,1,0,0,0,4,1.89,High,0,0,0,0,,,153,0,0,0,0,0,0,0,0,0,0,12,0.59,1,0,Unknown,No,Unknown,No,No,0,2026-09-07,24,0,0,0,0,0,0,0,0,3,Current,43,0,0,Limited,COPD,1,Medication Review,10,2026-09-30,1,P3,0
2026-10-01,PT-001832,CM-003,Pharmacy,Southeast,Dual Eligible,74,Female,English,Portal,1,0,0,0,0,0,0,0,0,1,1.28,Low,1,0,0,0,,8.4,129,0,0,0,0,0,0,0,0,0,0,6,0.89,0,0,No,No,No,No,Yes,1,2026-08-10,52,0,0,0,0,0,0,0,1,0,Current,44,0,1,Limited,None,0,Patient Education,0,2026-10-04,0,P2,0
2026-10-01,PT-001833,CM-002,Claims,Southwest,Dual Eligible,83,Female,Other,Phone,0,0,0,0,0,0,0,0,0,0,0.48,Low,0,0,0,0,,,148,0,0,0,0,0,0,0,0,0,0,1,0.78,0,0,No,No,No,Yes,No,1,2026-09-15,16,0,0,0,0,0,0,0,1,0,Not Started,,0,1,Adequate,None,0,Care Plan Update,0,2026-09-28,1,P3,0
2026-10-01,PT-001834,CM-005,CareMgmt,Northeast,Commercial Complex Care,40,Female,Russian,Phone,0,0,0,0,0,0,0,0,0,0,0.75,Low,0,0,0,0,,,148,0,0,0,0,0,0,0,0,0,0,1,1.0,0,0,No,No,No,Unknown,No,0,2026-08-23,39,0,0,0,0,0,0,0,0,0,Current,48,0,0,Adequate,Diabetes,0,Patient Outreach,4,2026-09-28,1,P3,0
2026-10-01,PT-001835,CM-002,Claims,Midwest,Medicare Advantage,80,Female,English,Portal,0,0,0,0,0,1,0,0,0,1,0.88,Low,0,0,0,0,,,154,0,0,0,0,0,0,1,0,1,0,7,0.92,0,0,No,No,No,No,No,0,2026-09-26,5,0,0,0,0,1,0,0,0,0,Overdue,284,0,0,Low,Diabetes,2,Patient Outreach,4,2026-10-02,0,P3,0
2026-10-01,PT-001836,CM-008,Pharmacy,Midwest,Dual Eligible,74,Female,Spanish,Phone,0,1,0,0,0,0,0,0,0,1,1.03,Medium,0,0,0,0,,,152,0,0,0,1,0,0,0,1,0,0,4,0.72,1,0,Yes,Yes,No,No,No,2,2026-08-22,40,0,0,0,0,0,0,0,0,1,Current,32,1,0,Unknown,None,3,Patient Outreach,0,2026-10-02,0,P3,1
2026-10-01,PT-001837,CM-014,CareMgmt,Southeast,Commercial Complex Care,64,Male,Spanish,Phone,0,0,0,0,0,1,0,0,0,1,0.93,Low,0,0,0,0,,,158,0,0,0,0,0,0,0,1,1,0,4,0.82,0,0,No,No,No,No,No,0,2026-09-12,19,0,0,0,0,0,0,0,0,1,Current,4,0,0,Adequate,Diet/Lifestyle,2,Care Gap Closure,1,2026-10-04,0,P4,0
2026-10-01,PT-001838,CM-007,HIE,Midwest,Medicare Advantage,78,Female,English,Phone,0,0,0,0,0,0,1,0,0,1,0.95,Low,0,0,0,0,,,113,0,0,0,0,0,0,1,0,0,0,5,0.88,0,1,No,No,No,No,No,0,2026-09-08,23,0,1,0,0,0,0,0,0,2,Overdue,350,0,1,Adequate,Appointment Preparation,1,Care Gap Closure,4,2026-09-30,1,P2,0
2026-10-01,PT-001839,CM-014,EHR,Northeast,Medicaid Managed Care,62,Male,Spanish,Caregiver,0,0,0,0,1,0,0,0,0,1,0.88,Low,0,0,2,0,,,111,0,0,0,0,0,0,0,0,0,0,6,0.7,1,0,No,No,No,No,No,0,2026-10-01,0,0,0,0,0,0,0,0,0,2,Current,33,0,0,Adequate,Appointment Preparation,1,Care Gap Closure,6,2026-10-06,0,P4,0
2026-10-01,PT-001840,CM-011,EHR,Southwest,Commercial Complex Care,69,Female,English,Portal,1,1,0,1,1,0,0,1,0,5,2.03,High,2,0,0,0,,7.7,139,1,1,0,0,0,0,0,0,0,0,10,0.79,1,0,No,No,No,No,No,0,2026-10-01,0,0,0,0,0,0,0,0,0,4,Overdue,284,0,0,Unknown,None,3,Patient Outreach,11,2026-09-29,1,P2,0
2026-10-01,PT-001841,CM-008,Pharmacy,Southeast,Medicare Advantage,55,Female,English,Phone,0,0,0,1,0,1,0,1,0,3,1.04,Medium,0,0,0,0,,,143,0,0,0,0,1,0,1,0,0,0,4,0.79,1,0,No,No,No,No,No,0,2026-08-28,34,0,0,0,0,0,0,0,0,1,Overdue,226,0,0,Limited,Appointment Preparation,3,Medication Review,4,2026-09-27,1,P3,0
2026-10-01,PT-001842,CM-010,EHR,Northeast,Medicare Advantage,56,Male,English,Portal,0,1,0,0,0,0,0,0,0,1,1.27,Low,0,0,0,0,,,140,0,0,0,1,0,0,0,1,0,0,2,0.88,0,1,No,Yes,No,No,Yes,2,2026-08-24,38,1,1,0,1,0,1,0,0,1,Not Started,,0,0,Unknown,Discharge Instructions,2,Care Gap Closure,7,2026-10-04,0,P3,0
2026-10-01,PT-001843,CM-017,Claims,Southeast,Medicaid Managed Care,61,Male,Bengali,Portal,0,0,0,0,0,0,0,0,0,0,0.56,Low,0,0,0,0,,,122,0,0,0,0,0,0,0,0,0,0,0,0.77,0,1,Unknown,No,Yes,No,Yes,2,2026-08-26,36,0,1,0,1,0,0,1,0,1,Current,7,0,0,Adequate,None,0,Post-Discharge Follow-up,7,2026-09-27,1,P3,0
2026-10-01,PT-001844,CM-006,CareMgmt,Midwest,Commercial Complex Care,54,Male,English,Phone,0,0,0,0,0,0,0,0,0,0,0.78,Low,0,0,0,0,,,116,0,0,0,0,0,0,1,0,0,0,6,0.79,1,0,No,No,No,Unknown,Yes,1,2026-08-10,52,3,1,0,0,0,0,1,0,2,Needs Review,141,1,0,Adequate,None,2,Patient Outreach,8,2026-09-28,1,P3,0
2026-10-01,PT-001845,CM-001,HIE,Northeast,Commercial Complex Care,62,Male,English,Phone,0,0,0,0,0,0,0,0,0,0,0.97,Low,0,0,0,0,,,113,0,0,0,0,0,0,0,1,1,0,4,0.89,0,0,Yes,No,No,No,No,1,2026-09-17,14,0,0,0,0,0,0,0,0,1,Current,27,0,0,Low,Medication,2,Medication Review,4,2026-10-06,0,P2,0
2026-10-01,PT-001846,CM-006,EHR,Southwest,Medicare Advantage,92,Female,Other,Caregiver,0,1,0,0,1,0,0,0,0,2,1.42,Medium,0,0,0,0,,,154,0,0,0,1,0,1,0,0,0,0,8,0.92,0,0,No,No,No,Yes,Unknown,1,2026-09-29,2,0,1,0,1,0,0,0,0,3,Current,57,0,1,Low,None,2,Care Gap Closure,6,2026-10-06,0,P3,0
2026-10-01,PT-001847,CM-012,Claims,Southwest,Medicare Advantage,66,Female,English,SMS,0,1,0,0,0,1,0,0,0,2,0.93,Low,2,0,0,0,,,113,0,0,0,0,0,0,0,0,0,0,12,0.89,0,0,No,No,No,No,No,0,2026-08-20,42,0,1,0,0,0,0,1,0,0,Needs Review,102,0,0,Limited,None,0,Medication Review,5,2026-10-04,0,P4,0
2026-10-01,PT-001848,CM-006,HIE,Midwest,Dual Eligible,64,Female,Unknown,Caregiver,0,0,0,0,0,0,0,0,0,0,0.76,Medium,0,1,0,1,7,,103,0,0,0,0,1,0,0,0,0,0,5,0.89,0,0,Yes,No,No,Yes,Yes,3,2026-09-05,26,0,0,0,0,0,0,0,0,1,Current,65,0,0,Adequate,None,1,Patient Education,2,2026-10-02,0,P2,0
2026-10-01,PT-001849,CM-007,EHR,Southeast,Medicare Advantage,69,Male,English,Phone,0,0,0,0,0,0,0,0,0,0,0.88,Low,0,0,0,0,,,142,0,0,0,0,0,0,0,0,0,0,4,1.0,0,0,No,No,Yes,No,No,1,2026-09-04,27,0,0,0,0,0,0,0,0,1,Current,18,0,1,Adequate,None,0,Patient Outreach,11,2026-10-04,0,P3,0
2026-10-01,PT-001850,CM-008,CareMgmt,Northeast,Medicaid Managed Care,76,Male,English,Portal,1,1,0,0,0,1,1,0,0,4,1.36,High,4,0,1,0,,8.5,100,1,0,0,0,1,0,0,0,0,1,8,0.68,1,0,No,No,No,Unknown,Yes,1,2026-09-07,24,1,1,0,0,0,0,0,0,2,Current,31,0,1,Limited,COPD,4,Patient Outreach,2,2026-10-01,0,P1,0
2026-10-01,PT-001851,CM-008,Pharmacy,Midwest,Medicare Advantage,76,Female,English,Portal,0,1,0,0,0,1,1,0,0,3,1.65,Medium,0,0,0,0,,,143,0,0,0,1,0,0,0,1,1,0,10,1.0,0,0,No,No,No,No,No,0,2026-09-11,20,0,0,0,0,0,0,0,0,2,Current,11,0,0,Adequate,None,3,Patient Outreach,0,2026-10-06,0,P2,0
2026-10-01,PT-001852,CM-006,CareMgmt,Mid-Atlantic,Medicaid Managed Care,29,Female,English,Phone,1,0,0,0,0,0,0,0,0,1,0.94,Low,0,1,0,0,,6.6,127,0,1,0,0,0,0,0,0,0,0,4,0.73,1,0,Yes,No,No,No,Yes,2,2026-10-01,0,0,0,0,1,0,0,1,0,2,Current,2,0,0,Adequate,Diabetes,2,Social Resource Referral,0,2026-10-04,0,P2,0
2026-10-01,PT-001853,CM-003,Pharmacy,Mid-Atlantic,Medicaid Managed Care,60,Female,English,Caregiver,0,0,0,0,0,1,0,0,0,1,0.71,Low,2,0,0,0,,,130,0,0,0,0,0,0,0,0,0,0,3,1.0,0,0,No,Unknown,No,No,No,0,2026-08-05,57,0,0,0,0,0,0,0,0,1,Overdue,204,1,0,Adequate,Medication,0,Medication Review,1,2026-10-06,0,P3,0
2026-10-01,PT-001854,CM-011,Pharmacy,Midwest,Medicaid Managed Care,67,Female,English,Phone,0,0,0,0,0,0,0,0,0,0,0.8,Low,0,0,0,0,,,109,0,0,0,0,0,0,0,0,0,0,4,0.79,1,0,Unknown,Yes,No,No,No,1,2026-10-01,0,1,0,0,0,0,1,0,0,1,Needs Review,144,0,0,Adequate,Medication,1,Patient Outreach,0,2026-10-01,0,P2,0
2026-10-01,PT-001855,CM-015,CareMgmt,Northeast,Commercial Complex Care,64,Female,English,Phone,1,1,0,0,0,0,0,0,0,2,1.18,Low,1,0,0,0,,5.5,135,0,1,0,0,0,0,0,0,0,0,7,0.97,0,0,Yes,No,No,No,Unknown,1,2026-09-25,6,1,0,0,0,0,0,0,0,1,Needs Review,136,0,0,Adequate,Medication,1,Care Gap Closure,0,2026-10-06,0,P2,0
2026-10-01,PT-001856,CM-001,CareMgmt,Northeast,Dual Eligible,81,Female,English,Caregiver,0,1,1,1,1,0,0,0,0,4,2.21,High,0,0,0,0,,,149,0,0,0,1,1,1,1,0,0,0,15,0.61,1,1,Yes,No,No,No,No,1,2026-09-17,14,0,0,0,0,0,0,0,0,4,Needs Review,132,0,1,Adequate,CHF,5,Medication Review,7,2026-10-04,0,P2,0
2026-10-01,PT-001857,CM-006,EHR,Midwest,Medicare Advantage,64,Male,English,Portal,0,0,0,0,1,1,0,1,0,3,1.37,Medium,0,0,2,0,,,139,0,0,0,0,1,0,0,0,0,0,11,0.88,0,0,No,No,No,No,No,0,2026-08-07,55,1,1,0,0,0,0,0,0,3,Overdue,356,1,0,Limited,None,1,Patient Outreach,4,2026-10-02,0,P4,0
2026-10-01,PT-001858,CM-008,EHR,Southwest,Medicaid Managed Care,65,Female,English,Caregiver,0,1,0,0,0,0,0,0,0,1,0.97,Low,0,0,0,0,,,148,0,0,0,1,0,0,0,0,0,0,4,0.8,0,0,No,No,No,No,No,0,2026-09-09,22,1,1,0,1,0,0,0,0,1,Needs Review,123,0,0,Adequate,None,1,Patient Outreach,7,2026-10-04,0,P2,0
2026-10-01,PT-001859,CM-013,Claims,Midwest,Medicare Advantage,77,Female,English,Caregiver,0,0,0,1,1,0,0,0,0,2,0.94,High,1,0,0,0,,,128,0,0,0,0,0,0,0,0,0,0,6,0.79,1,0,No,Yes,No,Yes,No,2,2026-08-27,35,2,1,0,0,0,1,1,0,0,Current,42,0,0,Adequate,Diet/Lifestyle,1,Patient Outreach,2,2026-09-30,1,P1,0
2026-10-01,PT-001860,CM-006,EHR,Midwest,Medicare Advantage,82,Male,English,Phone,0,1,0,0,0,0,0,0,0,1,1.4,Medium,0,0,0,1,27,,134,0,0,0,0,1,0,0,1,0,0,7,0.95,0,0,No,No,No,Yes,No,1,2026-09-24,7,0,1,0,0,0,0,0,0,0,Overdue,189,0,1,Limited,None,2,Care Gap Closure,7,2026-10-05,0,P3,0
2026-10-01,PT-001861,CM-018,CareMgmt,Southwest,Medicare Advantage,77,Female,Unknown,Phone,0,0,0,0,0,0,0,0,0,0,0.97,Low,0,0,0,0,,,132,0,0,0,0,0,0,0,0,0,0,3,0.88,0,0,No,No,No,No,No,0,2026-09-02,29,0,0,0,0,0,0,0,0,1,Current,83,0,0,Adequate,Diabetes,0,Patient Education,5,2026-10-03,0,P3,0
2026-10-01,PT-001862,CM-001,HIE,Southwest,Medicare Advantage,73,Male,English,SMS,1,1,0,0,1,0,0,0,0,3,1.78,High,1,0,0,0,,7.9,154,0,0,0,1,0,0,0,1,0,1,11,0.6,1,0,Yes,Yes,Yes,Yes,Yes,5,2026-09-11,20,1,0,0,0,0,1,0,0,1,Current,19,0,0,Unknown,Appointment Preparation,4,Patient Education,11,2026-10-05,0,P1,0
2026-10-01,PT-001863,CM-008,Claims,Midwest,Medicaid Managed Care,40,Female,English,Portal,0,0,0,0,0,0,0,0,0,0,0.69,Low,0,0,0,0,,,130,0,0,0,0,0,1,0,0,0,0,3,0.98,0,0,Yes,Yes,No,No,No,2,2026-09-10,21,2,0,0,0,0,1,0,0,3,Overdue,200,1,0,Adequate,None,1,Care Plan Update,0,2026-09-29,1,P4,0
2026-10-01,PT-001864,CM-016,CareMgmt,Midwest,Medicare Advantage,63,Female,English,Phone,0,0,1,1,0,1,0,0,0,3,1.83,Medium,0,0,0,0,,,139,0,0,0,0,0,0,0,0,0,0,8,0.89,0,0,Unknown,Yes,No,No,No,1,2026-09-01,30,0,0,0,1,0,1,0,0,4,Overdue,278,1,0,Low,Diet/Lifestyle,0,Patient Outreach,2,2026-09-30,1,P2,0
2026-10-01,PT-001865,CM-017,EHR,Northeast,Commercial Complex Care,61,Female,English,Phone,0,0,0,0,0,0,1,0,1,1,0.7,Low,0,0,0,0,,,118,0,0,0,0,1,0,0,0,0,0,4,0.83,0,0,No,No,No,No,No,0,2026-09-24,7,1,0,0,1,0,0,1,0,1,Overdue,276,0,0,Adequate,Medication,1,Care Plan Update,1,2026-10-06,0,P4,0
2026-10-01,PT-001866,CM-004,Claims,Northeast,Dual Eligible,72,Female,Spanish,SMS,0,1,0,0,0,0,0,0,0,1,0.69,Low,0,0,1,0,,,139,0,0,0,0,0,0,0,0,0,0,5,0.79,1,1,Yes,Yes,No,No,No,2,2026-09-18,13,0,0,0,0,0,0,0,0,2,Current,46,0,1,Limited,Diet/Lifestyle,1,Social Resource Referral,0,2026-10-05,0,P4,0
2026-10-01,PT-001867,CM-006,HIE,Mid-Atlantic,Medicaid Managed Care,51,Female,English,Caregiver,0,0,0,1,0,1,0,0,0,2,0.98,Medium,5,0,0,0,,,148,0,0,0,0,0,0,0,0,0,0,5,0.7,1,0,No,No,No,No,No,0,2026-09-21,10,0,0,0,0,0,0,0,0,0,Current,79,0,0,Limited,None,1,Patient Education,9,2026-10-04,0,P3,0
2026-10-01,PT-001868,CM-013,Claims,Northeast,Medicare Advantage,79,Male,English,Portal,0,0,0,0,1,0,0,0,0,1,0.71,Low,0,0,0,0,,,123,0,0,0,0,0,0,0,0,0,0,8,0.97,0,0,No,No,No,Yes,Unknown,1,2026-08-23,39,0,0,0,0,0,0,0,0,2,Current,30,1,0,Adequate,Appointment Preparation,0,Care Gap Closure,5,2026-09-28,1,P3,0
2026-10-01,PT-001869,CM-004,CareMgmt,Midwest,Dual Eligible,85,Male,English,Portal,0,1,0,0,0,0,1,0,0,2,1.25,Low,0,0,0,0,,,146,0,0,0,1,0,0,0,0,0,0,6,0.79,1,1,No,No,No,No,No,0,2026-09-05,26,0,0,0,0,0,0,1,0,0,Overdue,184,0,0,Adequate,Appointment Preparation,2,Medication Review,1,2026-09-30,1,P3,0
2026-10-01,PT-001870,CM-003,CareMgmt,Northeast,Commercial Complex Care,55,Female,English,Caregiver,0,0,0,0,0,0,0,0,0,0,0.47,Low,0,0,0,0,,,129,0,0,0,0,0,0,0,0,0,0,10,0.79,1,0,No,Yes,No,No,Yes,2,2026-08-28,34,2,0,0,0,0,0,0,0,0,Current,32,0,0,Limited,Discharge Instructions,1,Social Resource Referral,7,2026-10-03,0,P3,0
2026-10-01,PT-001871,CM-004,EHR,Mid-Atlantic,Medicare Advantage,80,Male,English,Phone,0,0,0,0,0,0,0,0,0,0,0.46,Low,0,0,0,0,,,103,0,0,0,0,0,0,0,0,0,0,3,0.81,0,0,No,Unknown,No,No,No,0,2026-10-01,0,0,0,0,0,0,0,0,0,0,Current,34,0,0,Adequate,Diet/Lifestyle,0,Provider Follow-up,1,2026-09-30,1,P2,0
2026-10-01,PT-001872,CM-005,Pharmacy,Northeast,Medicaid Managed Care,62,Female,English,Phone,0,0,0,0,0,0,0,0,0,0,0.56,Low,0,0,0,0,,,131,0,0,0,0,0,0,0,1,0,0,1,1.0,0,0,No,No,Unknown,No,No,0,2026-09-02,29,0,0,0,0,0,0,0,0,1,Overdue,235,0,0,Limited,Medication,1,Care Plan Update,2,2026-10-02,0,P2,0
2026-10-01,PT-001873,CM-016,CareMgmt,Mid-Atlantic,Medicare Advantage,72,Male,Spanish,Phone,0,0,0,0,0,0,1,0,0,1,0.69,Low,1,0,0,0,,,147,0,0,0,0,1,0,0,0,0,0,2,0.65,1,0,No,No,No,Unknown,No,0,2026-09-28,3,0,0,0,0,0,0,0,0,0,Current,37,0,0,Adequate,Medication,2,Patient Education,6,2026-10-04,0,P3,0
2026-10-01,PT-001874,CM-005,Pharmacy,Southwest,Medicare Advantage,91,Female,English,Phone,0,1,0,0,0,0,0,0,0,1,1.42,Low,0,0,0,0,,,140,0,0,0,1,0,0,0,0,0,0,2,0.84,0,0,No,No,No,No,No,0,2026-08-26,36,0,1,1,0,0,0,0,0,1,Overdue,357,0,0,Limited,None,1,Care Gap Closure,6,2026-09-29,1,P3,0
2026-10-01,PT-001875,CM-009,Pharmacy,Southwest,Medicare Advantage,85,Female,English,Caregiver,1,1,0,1,0,1,0,0,0,4,1.71,Medium,0,1,1,0,,5.2,131,0,1,0,0,0,0,1,1,0,0,6,1.0,0,0,No,No,Unknown,No,No,0,2026-08-14,48,1,0,0,0,0,0,0,0,4,Not Started,,0,0,Adequate,None,3,Provider Follow-up,1,2026-10-02,0,P1,0
2026-10-01,PT-001876,CM-006,CareMgmt,Northeast,Dual Eligible,80,Male,English,Phone,0,1,0,0,0,1,0,0,0,2,1.35,Medium,0,0,0,0,,,154,0,0,0,1,1,0,0,0,0,0,6,0.81,0,0,Yes,No,Yes,No,No,2,2026-08-18,44,0,0,0,0,0,0,0,0,1,Needs Review,106,0,0,Unknown,None,2,Provider Follow-up,4,2026-10-05,0,P2,0
2026-10-01,PT-001877,CM-008,Pharmacy,Southwest,Dual Eligible,92,Male,Spanish,SMS,1,1,0,1,1,1,1,0,0,6,1.69,High,1,0,2,0,,9.5,124,0,0,0,0,0,0,0,1,1,1,13,0.77,1,0,No,No,No,No,Yes,1,2026-08-06,56,2,1,0,1,0,0,0,1,4,Needs Review,136,1,0,Unknown,Medication,4,Care Gap Closure,4,2026-10-06,0,P3,0
2026-10-01,PT-001878,CM-008,Claims,Southeast,Medicaid Managed Care,27,Male,English,Caregiver,0,0,0,0,0,0,0,0,0,0,0.92,Low,2,0,0,0,,,116,0,0,0,0,0,0,0,0,0,0,2,0.82,0,0,No,No,No,No,Yes,1,2026-09-08,23,2,0,0,0,0,0,0,1,3,Current,60,0,0,Adequate,Diet/Lifestyle,0,Post-Discharge Follow-up,4,2026-09-30,1,P1,0
2026-10-01,PT-001879,CM-013,EHR,Mid-Atlantic,Medicare Advantage,60,Male,Spanish,Portal,0,0,0,1,0,0,0,0,0,1,0.69,Low,0,0,0,0,,,155,0,0,0,0,0,0,0,1,0,0,6,0.93,0,0,No,No,No,No,No,0,2026-10-01,0,1,0,0,0,0,0,0,0,2,Overdue,153,0,0,Limited,None,1,Patient Outreach,7,2026-10-02,0,P3,0
2026-10-01,PT-001880,CM-013,EHR,Midwest,Medicare Advantage,79,Male,Bengali,Phone,0,0,0,0,0,0,0,0,0,0,0.39,Low,0,0,0,0,,,130,0,0,0,0,0,0,1,0,0,0,4,0.66,1,0,No,No,No,No,No,0,2026-08-08,54,0,1,0,0,0,0,0,0,1,Needs Review,115,0,0,Adequate,Medication,2,Care Plan Update,6,2026-09-29,1,P2,0
2026-10-01,PT-001881,CM-006,Claims,Southwest,Dual Eligible,70,Male,English,SMS,1,1,1,0,0,0,0,0,0,3,1.34,High,3,0,0,0,,8.4,101,0,0,0,0,0,0,1,0,0,0,8,0.64,1,0,No,No,Yes,Yes,Unknown,2,2026-09-04,27,1,0,0,0,1,0,0,1,3,Current,26,0,0,Unknown,Medication,2,Patient Outreach,3,2026-10-02,0,P3,1
2026-10-01,PT-001882,CM-007,EHR,Southwest,Dual Eligible,64,Female,English,Phone,0,0,0,1,1,0,1,0,0,3,1.82,High,4,0,0,0,,,147,0,0,0,0,0,0,1,0,0,0,5,0.73,1,1,Yes,Yes,No,No,No,2,2026-09-17,14,1,1,0,1,0,1,0,0,1,Current,14,0,0,Limited,None,2,Patient Outreach,3,2026-10-04,0,P2,0
2026-10-01,PT-001883,CM-006,Pharmacy,Midwest,Dual Eligible,62,Male,English,Phone,0,1,0,0,0,0,1,0,0,2,1.11,Medium,0,0,0,0,,,125,0,0,0,0,0,0,0,0,0,0,7,0.56,1,0,Yes,No,No,Yes,No,2,2026-09-09,22,0,0,0,0,0,0,0,1,1,Needs Review,148,0,0,Adequate,Diet/Lifestyle,1,Provider Follow-up,5,2026-09-28,1,P2,0
2026-10-01,PT-001884,CM-002,CareMgmt,Northeast,Medicare Advantage,84,Male,English,Portal,0,1,0,0,0,0,0,0,1,1,0.74,Medium,1,1,0,0,,,125,0,0,0,0,0,0,0,1,0,1,6,0.69,1,0,Yes,No,Yes,No,No,2,2026-08-22,40,0,1,0,0,0,0,0,0,2,Overdue,173,0,1,Limited,Medication,3,Patient Outreach,0,2026-10-05,0,P2,0
2026-10-01,PT-001885,CM-014,EHR,Mid-Atlantic,Medicare Advantage,70,Female,English,Portal,0,0,0,0,0,0,0,0,0,0,0.46,Low,0,1,0,0,,,121,0,0,0,0,0,0,1,0,0,1,4,0.96,0,1,No,No,No,No,No,0,2026-10-01,0,0,1,0,0,0,0,0,0,1,Current,23,0,0,Adequate,None,2,Care Gap Closure,10,2026-10-06,0,P2,0
2026-10-01,PT-001886,CM-009,Claims,Southwest,Commercial Complex Care,54,Female,English,SMS,0,0,0,1,0,0,0,0,0,1,1.27,Low,0,0,0,0,,,144,0,0,0,0,0,0,0,0,0,0,2,1.0,0,1,No,No,Unknown,No,No,0,2026-09-01,30,1,0,0,0,0,0,0,0,0,Needs Review,124,0,0,Unknown,Discharge Instructions,0,Patient Outreach,4,2026-10-06,0,P3,0
2026-10-01,PT-001887,CM-014,CareMgmt,Mid-Atlantic,Medicare Advantage,62,Male,English,Phone,0,0,0,0,0,0,0,0,0,0,0.77,Low,0,0,0,1,4,,132,0,0,0,0,0,1,1,1,0,0,8,0.84,0,0,No,No,No,No,No,0,2026-09-06,25,0,1,0,0,0,0,0,0,0,Overdue,240,0,0,Limited,Appointment Preparation,3,Patient Outreach,9,2026-10-03,0,P4,0
2026-10-01,PT-001888,CM-016,Pharmacy,Southeast,Commercial Complex Care,60,Male,English,Caregiver,0,1,0,0,0,0,1,0,0,2,0.98,Low,0,0,0,0,,,134,0,0,0,0,0,0,0,0,0,0,6,0.85,0,0,No,No,No,No,No,0,2026-09-26,5,1,0,0,0,0,0,1,0,2,Overdue,248,0,1,Limited,Diet/Lifestyle,0,Medication Review,6,2026-10-02,0,P1,0
2026-10-01,PT-001889,CM-005,EHR,Midwest,Commercial Complex Care,54,Male,English,Phone,1,0,0,1,0,0,0,0,0,2,1.12,Medium,0,0,0,0,,5.3,105,0,0,0,0,0,1,0,1,0,0,4,0.94,0,0,No,No,No,No,No,0,2026-09-30,1,3,1,0,0,0,0,0,0,2,Current,38,0,0,Adequate,None,2,Provider Follow-up,6,2026-09-29,1,P3,0
2026-10-01,PT-001890,CM-004,Claims,Midwest,Medicare Advantage,83,Male,English,Portal,0,0,0,0,0,0,1,0,0,1,0.87,Low,0,0,0,0,,,143,0,0,0,0,0,0,1,0,0,0,6,0.8,0,0,Unknown,No,No,No,No,0,2026-09-13,18,0,0,0,0,1,0,0,0,2,Current,52,2,0,Limited,Discharge Instructions,1,Patient Outreach,3,2026-10-04,0,P4,0
2026-10-01,PT-001891,CM-005,Pharmacy,Southeast,Dual Eligible,81,Female,English,Phone,1,0,0,0,1,1,0,0,0,3,1.21,Medium,2,0,0,0,,8.6,100,0,0,0,0,0,0,0,0,0,0,12,0.72,1,1,No,No,Yes,No,No,1,2026-08-27,35,0,0,0,0,0,0,0,0,2,Overdue,166,0,0,Unknown,Medication,1,Provider Follow-up,9,2026-10-04,0,P2,0
2026-10-01,PT-001892,CM-007,CareMgmt,Mid-Atlantic,Medicaid Managed Care,57,Male,Spanish,Phone,0,0,0,0,0,0,0,0,0,0,0.78,Low,0,0,0,0,,,144,0,0,0,0,0,0,0,0,0,0,2,0.67,1,0,Yes,Unknown,No,No,No,1,2026-09-26,5,1,0,0,1,0,0,0,0,0,Current,68,0,0,Adequate,Diet/Lifestyle,1,Care Plan Update,2,2026-10-02,0,P3,0
2026-10-01,PT-001893,CM-006,Claims,Southwest,Medicare Advantage,72,Female,Spanish,Portal,0,1,0,0,0,0,0,0,0,1,1.21,Low,1,0,0,0,,,157,0,0,0,1,0,0,0,1,0,0,7,0.96,0,0,No,No,No,Yes,No,1,2026-09-05,26,0,0,0,0,0,0,0,0,2,Not Started,,2,0,Limited,Appointment Preparation,2,Care Gap Closure,3,2026-09-28,1,P3,0
2026-10-01,PT-001894,CM-011,HIE,Northeast,Medicaid Managed Care,35,Female,English,SMS,1,0,0,0,0,0,0,0,0,1,0.93,Low,0,0,0,0,,9.4,132,1,0,1,0,0,0,0,0,0,0,8,0.88,0,0,Yes,Yes,No,No,No,2,2026-08-02,60,0,0,0,1,0,1,0,1,0,Overdue,190,0,0,Adequate,Medication,2,Patient Education,0,2026-09-27,1,P1,0
2026-10-01,PT-001895,CM-007,EHR,Northeast,Medicare Advantage,63,Female,English,Caregiver,0,0,0,0,1,0,0,0,0,1,1.59,Low,0,0,0,0,,,127,0,0,0,0,0,0,1,0,0,0,8,0.99,0,0,No,No,No,No,Unknown,0,2026-10-01,0,0,0,1,0,0,0,0,0,2,Current,33,0,0,Adequate,CHF,1,Patient Outreach,7,2026-10-04,0,P3,0
2026-10-01,PT-001896,CM-018,Claims,Northeast,Medicare Advantage,75,Male,Bengali,Phone,0,1,0,1,1,0,0,0,0,3,1.33,High,0,0,2,1,19,,141,0,0,0,1,1,1,0,0,0,0,8,0.74,1,1,No,No,Unknown,No,No,0,2026-09-30,1,1,0,0,0,0,0,0,0,3,Needs Review,144,0,0,Adequate,Medication,4,Post-Discharge Follow-up,9,2026-09-29,1,P3,0
2026-10-01,PT-001897,CM-016,HIE,Midwest,Medicare Advantage,77,Male,Spanish,Phone,0,1,0,0,0,0,0,1,0,2,0.58,Low,0,0,0,0,,,118,0,0,0,0,0,0,1,1,0,0,5,0.87,0,1,Yes,No,No,No,No,1,,29,0,0,0,0,0,0,1,0,3,Not Started,,0,0,Low,Appointment Preparation,2,Patient Outreach,6,2026-09-29,1,P3,0
2026-10-01,PT-001898,CM-010,Claims,Midwest,Medicare Advantage,63,Male,Spanish,Phone,1,0,0,1,0,0,0,0,0,2,1.3,Medium,0,0,0,0,,5.4,130,0,0,0,0,0,0,0,0,0,0,8,0.76,1,0,No,No,No,No,Unknown,0,2026-08-29,33,0,0,0,0,0,0,0,0,2,Current,41,1,0,Adequate,Medication,1,Medication Review,4,2026-10-03,0,P4,0
2026-10-01,PT-001899,CM-005,Pharmacy,Midwest,Medicaid Managed Care,49,Male,English,SMS,0,0,0,0,0,0,0,0,0,0,0.52,Low,0,0,0,0,,,120,0,0,0,0,0,0,1,0,0,0,4,0.73,1,0,Yes,Yes,No,No,Yes,3,2026-08-27,35,0,0,0,0,0,1,1,0,0,Overdue,322,0,0,Unknown,Medication,2,Patient Outreach,0,2026-09-29,1,P3,0
2026-10-01,PT-001900,CM-001,HIE,Northeast,Medicaid Managed Care,53,Female,Unknown,Phone,0,0,0,0,0,0,0,1,0,1,0.81,Low,0,0,0,0,,,151,0,0,0,0,1,0,0,0,0,0,4,0.78,1,0,No,No,No,No,No,0,2026-09-02,29,0,0,0,1,0,0,0,0,1,Current,14,0,1,Limited,None,2,Social Resource Referral,1,2026-10-03,0,P3,0
2026-10-01,PT-001901,CM-007,EHR,Southwest,Medicaid Managed Care,35,Female,English,Portal,0,1,0,0,1,0,0,0,0,2,1.04,Low,0,0,0,0,,,146,0,0,0,1,0,0,0,0,0,0,5,0.81,0,0,No,No,No,No,No,0,2026-09-10,21,0,0,0,0,0,0,0,0,2,Current,20,0,0,Adequate,Diet/Lifestyle,1,Patient Outreach,5,2026-10-03,0,P2,0
2026-10-01,PT-001902,CM-007,Pharmacy,Southeast,Dual Eligible,78,Male,Other,Phone,1,0,1,0,0,0,0,0,0,2,1.28,Medium,1,0,0,0,,7.3,127,0,0,0,0,1,0,0,0,0,1,6,0.66,1,0,No,No,No,No,No,0,2026-09-10,21,0,1,0,0,0,0,1,0,2,Not Started,,0,0,Adequate,CHF,3,Patient Education,0,2026-10-04,0,P3,0
2026-10-01,PT-001903,CM-017,Claims,Northeast,Medicare Advantage,77,Male,Other,Phone,0,0,0,0,0,0,0,0,0,0,0.37,Low,0,1,0,0,,,106,0,0,0,0,0,0,0,1,0,0,4,0.69,1,0,No,No,Unknown,No,No,0,2026-08-23,39,0,0,0,0,0,0,0,0,1,Current,28,0,0,Adequate,None,2,Medication Review,9,2026-10-06,0,P2,0
2026-10-01,PT-001904,CM-005,CareMgmt,Northeast,Medicare Advantage,83,Female,English,Phone,1,1,1,0,1,0,0,0,1,4,2.5,High,0,1,0,0,,7.8,115,0,0,0,0,0,0,1,0,0,0,10,0.86,0,0,No,No,No,No,No,0,2026-09-26,5,1,0,0,0,1,0,0,0,5,Overdue,254,0,1,Adequate,COPD,1,Care Plan Update,0,2026-09-28,1,P2,0
2026-10-01,PT-001905,CM-001,Claims,Northeast,Commercial Complex Care,59,Female,English,Portal,0,0,0,0,0,0,0,0,0,0,0.85,Low,0,0,0,0,,,143,0,0,0,0,0,0,0,0,0,0,5,0.78,1,0,No,No,No,No,No,0,2026-09-17,14,0,0,0,0,0,0,0,0,0,Current,3,0,0,Adequate,Appointment Preparation,1,Patient Education,0,2026-10-05,0,P2,0
2026-10-01,PT-001906,CM-004,CareMgmt,Mid-Atlantic,Medicaid Managed Care,26,Female,Bengali,Portal,1,0,0,0,0,1,0,0,0,2,1.51,Low,3,0,0,0,,5.7,128,0,0,0,0,0,0,0,0,0,0,4,0.8,0,0,No,No,No,No,No,0,2026-09-20,11,0,0,0,1,0,0,0,0,2,Current,10,0,0,Limited,Diet/Lifestyle,0,Medication Review,3,2026-09-29,1,P3,0
2026-10-01,PT-001907,CM-002,HIE,Mid-Atlantic,Dual Eligible,72,Female,English,SMS,1,0,1,1,0,0,0,0,0,3,1.73,High,1,0,0,0,,7.6,144,1,1,1,0,0,0,1,0,0,0,7,0.51,1,0,No,No,Unknown,No,No,0,2026-10-01,0,0,0,0,0,0,0,0,0,3,Current,43,1,0,Adequate,Medication,5,Medication Review,12,2026-10-06,0,P4,0
2026-10-01,PT-001908,CM-007,EHR,Southeast,Medicaid Managed Care,72,Male,Chinese,Phone,1,0,0,0,0,0,0,0,0,1,0.91,Low,0,0,0,0,,8.4,112,1,0,0,0,0,0,1,1,0,0,4,0.73,1,0,No,No,No,No,Yes,1,2026-09-08,23,1,0,0,0,0,0,0,0,3,Overdue,329,0,0,Adequate,Diabetes,4,Care Plan Update,7,2026-10-05,0,P2,0
2026-10-01,PT-001909,CM-007,CareMgmt,Midwest,Medicare Advantage,67,Female,Spanish,Phone,0,1,0,0,0,0,0,0,0,1,1.36,Low,0,0,0,0,,,133,0,0,0,0,0,0,0,0,0,0,6,0.84,0,1,Unknown,No,No,Unknown,No,0,2026-09-21,10,1,1,0,1,0,0,0,0,3,Overdue,267,0,0,Unknown,Appointment Preparation,0,Provider Follow-up,5,2026-09-28,1,P1,0
2026-10-01,PT-001910,CM-010,HIE,Northeast,Medicaid Managed Care,72,Male,Spanish,Phone,0,0,0,0,0,1,0,0,0,1,0.9,Low,0,0,0,0,,,115,0,0,0,0,0,0,0,0,1,0,8,0.81,0,0,No,No,No,No,No,0,2026-08-19,43,1,0,0,0,0,0,0,0,2,Current,83,1,0,Adequate,None,1,Patient Education,0,2026-10-06,0,P4,0
2026-10-01,PT-001911,CM-008,CareMgmt,Northeast,Dual Eligible,79,Male,English,Phone,0,0,0,0,1,0,0,0,1,1,0.9,Low,0,0,1,0,,,113,0,0,0,0,0,0,0,0,0,0,6,0.8,0,0,No,Unknown,No,Unknown,No,0,2026-09-02,29,0,0,0,0,0,0,0,1,0,Not Started,,0,0,Low,Diet/Lifestyle,0,Patient Outreach,1,2026-10-02,0,P3,0
2026-10-01,PT-001912,CM-009,CareMgmt,Southwest,Medicare Advantage,82,Female,Other,SMS,0,1,0,0,0,0,0,0,0,1,0.94,Low,0,0,0,0,,,114,0,0,0,0,0,0,0,0,0,0,5,0.72,1,0,No,No,No,Yes,No,1,2026-09-07,24,2,1,0,0,0,0,0,0,2,Current,32,0,0,Adequate,None,1,Medication Review,1,2026-10-05,0,P3,0
2026-10-01,PT-001913,CM-009,Pharmacy,Mid-Atlantic,Medicaid Managed Care,60,Female,English,SMS,0,1,0,0,0,0,0,0,0,1,1.07,Low,0,0,0,0,,,138,0,0,0,0,0,0,0,0,1,0,5,0.84,0,0,Yes,No,No,No,No,1,2026-09-10,21,0,0,1,0,0,0,0,0,0,Current,66,0,0,Unknown,COPD,1,Patient Education,2,2026-09-29,1,P3,1
2026-10-01,PT-001914,CM-015,Claims,Southeast,Medicaid Managed Care,58,Male,English,SMS,1,1,0,0,0,0,1,0,0,3,1.33,Medium,1,0,0,0,,7.9,114,0,0,0,0,0,0,1,0,0,1,8,0.72,1,0,No,No,No,No,No,0,2026-09-13,18,0,0,0,0,0,0,0,0,2,Current,22,0,0,Limited,None,3,Care Gap Closure,4,2026-09-27,1,P4,0
2026-10-01,PT-001915,CM-011,CareMgmt,Southeast,Commercial Complex Care,38,Female,English,Caregiver,0,0,0,0,0,0,0,0,0,0,0.95,Low,0,0,0,1,16,,113,0,0,0,0,0,1,0,0,0,0,3,0.85,0,0,No,Yes,No,No,No,1,2026-09-14,17,0,0,0,0,0,1,1,0,0,Current,21,0,1,Adequate,Appointment Preparation,1,Social Resource Referral,6,2026-10-01,0,P4,0
2026-10-01,PT-001916,CM-002,CareMgmt,Mid-Atlantic,Medicaid Managed Care,54,Female,English,Portal,1,0,0,0,0,0,0,0,0,1,0.73,Low,0,0,0,0,,8.6,155,0,0,1,0,0,0,0,0,0,0,7,0.59,1,0,No,No,No,No,No,0,2026-09-17,14,0,1,0,1,0,0,0,0,2,Current,51,0,0,Adequate,None,2,Patient Outreach,0,2026-09-28,1,P2,0
2026-10-01,PT-001917,CM-006,Claims,Northeast,Medicaid Managed Care,18,Male,English,Phone,0,0,0,0,0,0,1,0,0,1,0.7,Medium,0,0,1,0,,,130,0,0,0,0,0,0,0,0,0,0,2,0.74,1,0,Yes,Yes,No,No,Yes,3,2026-08-26,36,0,0,0,0,0,1,0,0,1,Overdue,212,0,1,Adequate,None,1,Care Gap Closure,0,2026-10-05,0,P2,0
2026-10-01,PT-001918,CM-010,Pharmacy,Southwest,Medicare Advantage,77,Male,English,Phone,0,1,0,0,0,0,0,0,0,1,1.38,Low,0,0,0,0,,,126,0,0,0,0,0,0,0,0,0,0,4,0.85,0,0,No,No,No,No,No,0,2026-09-25,6,0,1,0,0,0,0,0,0,0,Current,75,0,0,Limited,Diet/Lifestyle,0,Provider Follow-up,5,2026-10-05,0,P2,0
2026-10-01,PT-001919,CM-012,CareMgmt,Southwest,Commercial Complex Care,53,Male,Spanish,SMS,0,0,0,0,0,1,0,0,0,1,0.33,Low,2,0,0,0,,,140,0,0,0,0,0,0,0,0,1,0,5,1.0,0,0,No,No,No,No,No,0,2026-08-19,43,0,1,0,1,0,0,0,1,1,Current,29,0,0,Adequate,Medication,1,Social Resource Referral,8,2026-10-01,0,P3,0
2026-10-01,PT-001920,CM-015,Pharmacy,Southeast,Medicare Advantage,81,Female,English,Portal,0,0,0,1,0,1,0,0,0,2,0.94,Medium,0,0,0,0,,,137,0,0,0,0,0,0,1,1,1,0,9,0.84,0,0,Yes,No,Yes,No,No,2,2026-09-03,28,0,0,0,0,0,0,0,0,2,Current,78,0,1,Adequate,Discharge Instructions,3,Patient Outreach,5,2026-09-29,1,P4,0
2026-10-01,PT-001921,CM-013,EHR,Northeast,Medicare Advantage,74,Male,English,Phone,0,1,0,0,0,1,0,0,0,2,0.79,Low,0,0,1,0,,,112,0,0,0,0,0,0,0,0,0,0,10,0.73,1,1,Unknown,No,No,No,Unknown,0,2026-09-02,29,0,0,0,0,0,0,0,0,3,Current,43,0,0,Adequate,None,1,Care Plan Update,6,2026-10-02,0,P4,0
2026-10-01,PT-001922,CM-017,EHR,Southwest,Medicare Advantage,84,Male,English,Phone,0,1,0,0,1,0,1,0,0,3,1.31,Medium,0,0,0,0,,,157,0,0,0,1,0,0,0,0,0,0,8,0.98,0,0,Yes,No,No,No,Unknown,1,2026-09-01,30,0,0,0,0,0,0,0,0,3,Current,3,0,1,Adequate,Medication,1,Social Resource Referral,0,2026-09-27,1,P4,0
2026-10-01,PT-001923,CM-013,EHR,Southeast,Medicare Advantage,67,Male,Spanish,Phone,0,0,0,0,0,1,0,0,0,1,1.06,Low,0,0,0,1,16,,132,0,0,0,0,0,0,1,0,1,0,7,0.8,0,0,No,No,No,No,No,0,2026-08-11,51,2,0,1,0,0,0,0,0,1,Overdue,172,0,0,Adequate,Appointment Preparation,2,Care Plan Update,0,2026-10-05,0,P2,0
2026-10-01,PT-001924,CM-017,Claims,Mid-Atlantic,Medicare Advantage,77,Female,English,SMS,1,1,0,0,0,0,0,0,0,2,0.88,Medium,0,0,0,0,,6.6,135,1,0,1,0,0,0,1,1,0,0,6,0.66,1,0,No,Unknown,No,No,Yes,1,2026-08-27,35,0,0,0,0,1,0,1,1,2,Current,34,0,0,Adequate,None,5,Medication Review,5,2026-09-27,1,P1,0
2026-10-01,PT-001925,CM-003,EHR,Midwest,Medicaid Managed Care,55,Female,English,Phone,0,1,0,0,0,1,0,0,0,2,1.29,Low,0,0,0,0,,,156,0,0,0,1,0,0,0,0,0,0,7,0.96,0,0,Yes,No,No,No,No,1,2026-09-24,7,0,1,0,0,0,0,0,0,1,Current,51,0,0,Adequate,CHF,1,Medication Review,5,2026-10-05,0,P3,0
2026-10-01,PT-001926,CM-017,CareMgmt,Northeast,Dual Eligible,67,Male,English,Phone,1,1,0,0,0,0,0,0,0,2,1.08,Medium,2,1,0,0,,9.4,147,0,0,0,1,0,0,0,0,0,0,4,0.92,0,0,Yes,No,No,No,No,1,2026-09-02,29,0,1,0,1,0,0,0,0,2,Current,73,0,0,Adequate,Diet/Lifestyle,1,Medication Review,13,2026-10-03,0,P1,1
2026-10-01,PT-001927,CM-006,Claims,Southeast,Medicare Advantage,66,Female,English,Phone,0,1,0,1,0,0,0,0,0,2,0.96,Low,0,0,0,0,,,119,0,0,0,0,0,0,0,0,0,0,5,0.88,0,0,No,No,Unknown,No,No,0,2026-09-07,24,0,0,0,1,0,0,0,1,1,Current,7,0,0,Adequate,Diet/Lifestyle,0,Care Gap Closure,0,2026-10-04,0,P4,0
2026-10-01,PT-001928,CM-010,Claims,Northeast,Medicare Advantage,77,Female,English,Phone,0,0,0,0,0,0,0,0,0,0,0.91,Low,0,0,0,0,,,145,0,0,0,0,0,0,1,1,0,0,0,0.91,0,0,No,Unknown,No,No,No,0,2026-09-19,12,0,1,0,0,0,0,0,0,0,Overdue,315,0,0,Adequate,Diet/Lifestyle,2,Provider Follow-up,0,2026-10-02,0,P2,0
2026-10-01,PT-001929,CM-008,CareMgmt,Southeast,Dual Eligible,83,Female,Bengali,Portal,1,0,0,0,0,0,1,0,1,2,1.55,Low,0,0,0,0,,7.7,138,1,1,0,0,0,0,0,0,0,1,9,0.82,0,0,No,No,No,No,No,0,2026-08-12,50,1,0,0,0,0,0,0,0,0,Overdue,241,0,1,Limited,CHF,3,Care Plan Update,1,2026-10-03,0,P2,0
2026-10-01,PT-001930,CM-001,HIE,Northeast,Dual Eligible,82,Female,English,Phone,0,1,0,0,0,0,1,0,0,2,1.0,Medium,1,0,0,0,,,120,0,0,0,0,0,0,1,0,0,0,2,0.57,1,1,No,No,Yes,No,No,1,2026-09-08,23,0,0,0,1,0,0,0,0,0,Needs Review,135,0,0,Adequate,Diet/Lifestyle,2,Social Resource Referral,0,2026-10-01,0,P4,0
2026-10-01,PT-001931,CM-001,Claims,Northeast,Medicare Advantage,81,Female,English,Phone,1,0,0,1,0,0,0,0,0,2,0.93,Medium,0,0,0,0,,,151,0,0,0,0,0,0,0,0,0,0,9,0.61,1,0,No,Yes,No,Yes,No,2,2026-09-02,29,1,0,0,0,0,1,0,0,2,Needs Review,103,0,0,Adequate,Diet/Lifestyle,1,Provider Follow-up,4,2026-09-27,1,P3,0
2026-10-01,PT-001932,CM-008,CareMgmt,Mid-Atlantic,Medicare Advantage,72,Male,English,Phone,1,0,0,0,1,0,0,0,1,2,1.84,Medium,0,1,0,0,,7.8,132,0,0,0,0,0,0,0,1,0,0,8,0.92,0,0,Yes,No,No,No,Yes,2,2026-08-08,54,3,1,0,0,0,0,0,0,0,Current,32,1,0,Limited,Diet/Lifestyle,1,Patient Outreach,10,2026-10-04,0,P2,0
2026-10-01,PT-001933,CM-017,Pharmacy,Midwest,Medicare Advantage,64,Female,English,Caregiver,0,1,0,0,0,0,0,0,0,1,1.1,Low,2,0,0,0,,,123,0,0,0,0,1,0,0,0,0,0,6,0.76,1,1,No,No,No,No,No,0,2026-09-10,21,3,0,0,0,0,0,1,0,1,Overdue,252,0,0,Limited,None,2,Provider Follow-up,4,2026-10-02,0,P1,0
2026-10-01,PT-001934,CM-010,CareMgmt,Mid-Atlantic,Medicare Advantage,66,Male,English,SMS,0,0,0,0,0,0,0,0,0,0,0.67,Low,0,0,0,0,,,136,0,0,0,0,0,0,0,0,0,0,2,1.0,0,0,No,No,No,No,No,0,2026-08-25,37,0,1,0,0,0,0,0,0,1,Current,3,0,0,Limited,Appointment Preparation,0,Provider Follow-up,1,2026-10-03,0,P2,0
2026-10-01,PT-001935,CM-011,HIE,Mid-Atlantic,Medicare Advantage,78,Male,Spanish,Phone,0,0,0,0,0,0,0,0,0,0,0.72,Low,1,0,0,0,,,170,0,0,0,0,0,0,1,1,0,0,2,0.82,0,1,No,Unknown,No,Yes,No,1,2026-10-01,0,0,0,0,1,1,0,0,0,0,Current,63,0,0,Adequate,None,2,Patient Outreach,0,2026-10-05,0,P2,0
2026-10-01,PT-001936,CM-011,Pharmacy,Southeast,Medicare Advantage,67,Female,English,Phone,0,0,0,0,1,0,0,0,0,1,1.05,Low,0,0,0,0,,,157,0,0,0,0,0,0,0,0,0,0,3,0.7,1,0,No,No,No,Unknown,No,0,2026-09-26,5,0,0,1,0,0,0,1,0,2,Current,11,0,0,Adequate,None,1,Patient Outreach,3,2026-10-02,0,P2,0
2026-10-01,PT-001937,CM-004,EHR,Mid-Atlantic,Medicare Advantage,58,Female,English,Phone,0,1,0,0,0,0,0,0,0,1,0.89,Low,1,0,0,0,,,143,0,0,0,1,0,0,0,0,0,0,5,0.89,0,1,No,Unknown,No,No,No,0,2026-09-26,5,0,0,0,0,0,0,1,0,0,Overdue,350,0,0,Adequate,None,1,Patient Outreach,7,2026-09-30,1,P3,0
2026-10-01,PT-001938,CM-007,Claims,Southeast,Medicare Advantage,67,Male,English,Phone,0,1,0,0,0,0,0,0,0,1,0.84,Low,0,0,0,0,,,166,0,0,0,1,0,0,0,0,0,0,6,0.94,0,1,No,No,No,No,No,0,2026-09-16,15,0,0,0,0,0,0,0,0,2,Current,53,0,1,Unknown,Appointment Preparation,1,Care Gap Closure,5,2026-09-30,1,P3,0
2026-10-01,PT-001939,CM-014,Pharmacy,Midwest,Dual Eligible,86,Female,English,Phone,1,1,1,0,0,0,1,0,1,4,1.65,High,2,0,0,1,25,7.0,129,0,0,1,0,1,0,0,1,0,0,11,0.79,1,1,No,Yes,Yes,Yes,No,3,2026-08-15,47,0,1,0,0,1,0,0,1,4,Current,86,0,0,Adequate,None,4,Social Resource Referral,9,2026-10-04,0,P3,1
2026-10-01,PT-001940,CM-018,Claims,Southeast,Medicare Advantage,73,Male,English,Phone,0,1,0,1,0,0,0,0,0,2,0.88,Medium,0,0,0,0,,,133,0,0,0,0,0,1,0,0,0,0,5,0.62,1,0,No,No,No,No,No,0,2026-09-03,28,0,0,0,0,0,0,0,0,0,Current,45,0,0,Adequate,None,2,Patient Outreach,0,2026-10-04,0,P4,0
2026-10-01,PT-001941,CM-013,Pharmacy,Midwest,Commercial Complex Care,53,Male,English,SMS,0,0,0,0,0,0,0,0,0,0,0.77,Low,0,0,0,0,,,145,0,0,0,0,0,0,0,0,0,0,1,0.8,0,0,No,No,No,No,No,0,2026-09-04,27,0,0,1,0,0,0,0,0,0,Current,75,0,0,Adequate,CHF,0,Post-Discharge Follow-up,11,2026-09-28,1,P4,0
2026-10-01,PT-001942,CM-008,CareMgmt,Southeast,Medicare Advantage,63,Male,English,Phone,0,0,0,0,0,0,0,0,0,0,0.8,Low,0,0,0,0,,,122,0,0,0,0,0,0,0,1,0,0,5,1.0,0,1,No,No,No,No,Unknown,0,2026-09-20,11,0,1,0,0,0,0,0,0,0,Current,33,0,0,Unknown,Medication,1,Patient Outreach,2,2026-10-04,0,P2,0
2026-10-01,PT-001943,CM-009,Claims,Northeast,Medicare Advantage,66,Female,English,SMS,0,0,1,1,0,0,0,0,0,2,1.33,Medium,0,0,1,0,,,141,0,0,0,0,0,0,1,0,0,0,5,1.0,0,0,No,No,No,Yes,No,1,2026-08-24,38,4,1,1,1,0,0,0,0,2,Current,26,0,0,Adequate,Medication,1,Patient Outreach,2,2026-10-01,0,P2,0
2026-10-01,PT-001944,CM-008,CareMgmt,Northeast,Medicaid Managed Care,70,Male,English,Phone,0,0,0,0,0,0,0,0,0,0,0.99,Low,1,0,0,0,,,119,0,0,0,0,0,0,0,0,0,0,2,0.91,0,1,No,No,No,No,No,0,2026-10-01,0,0,0,0,0,0,0,0,0,2,Current,67,0,0,Adequate,Medication,0,Care Gap Closure,6,2026-09-28,1,P2,0
2026-10-01,PT-001945,CM-012,CareMgmt,Southeast,Medicare Advantage,68,Female,English,Portal,0,1,0,0,0,0,0,0,0,1,0.98,Medium,0,0,1,1,25,,150,0,0,0,1,1,0,1,0,0,0,9,0.79,1,0,No,Yes,No,No,No,1,2026-08-31,31,1,0,1,1,0,0,0,1,0,Current,62,0,0,Adequate,Diet/Lifestyle,4,Patient Outreach,0,2026-09-27,1,P3,1
2026-10-01,PT-001946,CM-009,EHR,Midwest,Dual Eligible,64,Male,English,Phone,0,0,0,1,0,0,0,0,0,1,0.43,Medium,0,0,0,0,,,132,0,0,0,0,0,0,0,0,0,0,6,0.77,1,0,Yes,No,No,No,Yes,2,2026-08-30,32,0,0,1,0,0,0,0,0,1,Current,17,2,1,Adequate,Diet/Lifestyle,1,Patient Outreach,0,2026-10-05,0,P4,0
2026-10-01,PT-001947,CM-006,HIE,Midwest,Medicare Advantage,67,Male,Chinese,Phone,1,0,0,1,0,0,0,0,0,2,1.0,Medium,0,0,0,0,,10.5,129,0,1,0,0,0,0,0,0,0,0,5,0.72,1,1,No,No,No,No,No,0,2026-08-26,36,0,0,0,0,0,0,1,0,2,Needs Review,144,0,0,Adequate,Medication,2,Patient Outreach,9,2026-09-27,1,P4,0
2026-10-01,PT-001948,CM-012,Pharmacy,Midwest,Dual Eligible,75,Male,Chinese,Portal,1,1,0,0,0,0,0,0,0,2,1.21,Low,0,0,0,0,,8.7,141,0,0,0,1,0,0,1,0,0,1,8,0.83,0,0,Yes,No,No,No,No,1,2026-09-10,21,1,0,0,0,0,0,0,0,3,Current,89,0,1,Adequate,Appointment Preparation,3,Medication Review,8,2026-10-06,0,P4,0
2026-10-01,PT-001949,CM-015,Pharmacy,Southeast,Medicare Advantage,83,Male,English,SMS,0,0,0,0,0,0,1,0,1,1,0.55,Low,0,1,0,0,,,143,0,0,0,0,0,0,0,0,0,0,7,0.97,0,0,No,No,No,Yes,Unknown,1,2026-09-11,20,0,1,0,1,0,0,0,0,1,Current,2,0,0,Adequate,CHF,0,Provider Follow-up,3,2026-10-05,0,P2,0
2026-10-01,PT-001950,CM-005,CareMgmt,Southeast,Commercial Complex Care,50,Male,English,SMS,0,1,0,1,0,0,0,0,0,2,0.98,Medium,1,0,0,0,,,169,0,0,0,1,0,0,0,0,0,0,6,0.86,0,0,No,No,No,No,No,0,2026-09-07,24,2,0,0,0,0,0,0,0,0,Overdue,163,0,0,Limited,Medication,1,Medication Review,5,2026-10-01,0,P2,0
2026-10-01,PT-001951,CM-011,Claims,Northeast,Dual Eligible,85,Male,English,SMS,1,1,1,0,0,0,0,0,0,3,1.65,High,2,0,0,0,,8.2,173,1,0,0,1,1,0,0,0,0,1,10,0.95,0,1,No,No,No,Yes,No,1,2026-09-23,8,3,0,0,0,0,0,0,0,3,Overdue,306,0,0,Limited,Medication,4,Medication Review,6,2026-10-02,0,P1,1
2026-10-01,PT-001952,CM-008,Claims,Northeast,Medicaid Managed Care,73,Male,Spanish,Portal,1,1,0,0,0,0,0,0,0,2,1.35,Medium,0,0,0,0,,7.4,178,0,0,1,1,0,0,0,0,0,1,6,0.73,1,0,No,No,Yes,No,Yes,2,2026-09-08,23,0,0,0,1,0,0,0,0,3,Current,32,0,0,Adequate,Medication,4,Social Resource Referral,1,2026-09-28,1,P2,0
2026-10-01,PT-001953,CM-007,EHR,Northeast,Medicaid Managed Care,26,Female,English,Phone,0,1,0,0,0,0,0,0,0,1,1.05,Low,0,1,0,0,,,130,0,0,0,0,0,0,0,0,0,0,2,0.79,1,1,No,No,No,No,No,0,2026-09-22,9,0,1,0,1,0,0,0,0,0,Current,4,0,0,Adequate,None,1,Medication Review,7,2026-10-04,0,P3,0
2026-10-01,PT-001954,CM-009,CareMgmt,Northeast,Dual Eligible,61,Female,English,Phone,0,1,0,0,1,1,0,0,0,3,1.59,High,6,0,1,0,,,143,0,0,0,1,0,0,0,0,0,0,5,0.93,0,1,No,No,No,No,Yes,1,2026-08-29,33,2,0,0,1,0,0,0,0,0,Current,53,0,1,Adequate,Medication,1,Patient Outreach,9,2026-10-01,0,P2,0
2026-10-01,PT-001955,CM-010,Claims,Northeast,Commercial Complex Care,39,Male,English,Phone,0,1,0,0,0,0,0,0,0,1,1.02,Low,0,0,0,0,,,190,0,0,0,1,1,0,0,0,0,0,2,0.85,0,0,Yes,No,Yes,No,No,2,2026-09-08,23,0,1,0,1,0,0,0,0,2,Current,39,0,0,Adequate,Discharge Instructions,2,Care Gap Closure,2,2026-09-28,1,P2,0
2026-10-01,PT-001956,CM-007,CareMgmt,Midwest,Medicare Advantage,69,Male,English,Phone,0,1,0,0,0,0,0,1,0,2,0.82,Medium,0,0,0,0,,,114,0,0,0,0,1,0,0,1,0,0,8,0.74,1,0,No,No,No,No,Yes,1,2026-08-31,31,0,1,0,1,0,0,0,0,0,Needs Review,119,0,0,Adequate,Diet/Lifestyle,3,Patient Outreach,5,2026-10-05,0,P3,0
2026-10-01,PT-001957,CM-007,HIE,Northeast,Medicare Advantage,73,Female,English,Portal,0,1,0,0,0,0,1,0,0,2,1.18,Low,0,0,0,0,,,155,0,0,0,1,0,1,0,1,0,1,7,0.89,0,0,No,No,No,No,No,0,2026-09-08,23,1,1,0,0,0,0,0,0,3,Current,5,0,0,Limited,Diet/Lifestyle,4,Patient Outreach,2,2026-10-06,0,P4,0
2026-10-01,PT-001958,CM-007,CareMgmt,Midwest,Medicare Advantage,72,Female,English,Phone,0,1,0,0,1,0,1,1,0,4,1.77,High,2,0,0,1,27,,155,0,0,0,1,1,1,0,0,0,0,13,0.76,1,0,No,No,No,No,Unknown,0,2026-10-01,0,0,1,0,0,0,0,1,0,3,Current,41,0,0,Adequate,None,4,Provider Follow-up,10,2026-10-05,0,P3,0
2026-10-01,PT-001959,CM-018,HIE,Mid-Atlantic,Medicare Advantage,66,Male,Spanish,Portal,1,0,1,0,0,0,1,0,0,3,1.28,Medium,0,0,2,0,,8.4,148,0,1,0,0,0,0,0,0,0,0,10,1.0,0,0,Yes,No,Unknown,No,No,1,2026-09-24,7,1,0,0,1,0,0,0,0,1,Current,67,0,1,Limited,Discharge Instructions,1,Social Resource Referral,6,2026-10-01,0,P2,0
2026-10-01,PT-001960,CM-009,EHR,Mid-Atlantic,Medicare Advantage,80,Male,English,Phone,1,1,0,0,0,0,1,0,0,3,1.39,Medium,2,0,0,0,,9.0,133,0,0,0,0,0,0,1,1,0,0,7,1.0,0,0,No,No,No,No,No,0,2026-09-21,10,0,0,0,0,0,0,0,0,3,Current,13,0,0,Adequate,Medication,2,Medication Review,5,2026-10-06,0,P2,0
2026-10-01,PT-001961,CM-001,CareMgmt,Northeast,Medicaid Managed Care,69,Male,Spanish,Phone,0,1,0,0,0,0,0,0,0,1,0.71,Low,0,0,0,0,,,149,0,0,0,1,0,0,0,0,0,0,4,0.95,0,0,No,No,No,No,No,0,2026-09-17,14,0,1,0,0,0,0,0,0,1,Overdue,182,1,0,Adequate,None,1,Patient Education,1,2026-09-28,1,P2,0
2026-10-01,PT-001962,CM-008,Pharmacy,Southwest,Medicare Advantage,68,Female,English,Portal,1,0,0,0,0,0,1,0,0,2,0.63,Low,0,0,0,0,,8.3,133,0,1,0,0,0,0,0,0,0,0,6,0.97,0,0,No,No,Yes,No,No,1,2026-08-25,37,0,0,0,1,0,0,1,0,1,Current,44,0,0,Unknown,None,1,Patient Outreach,4,2026-10-05,0,P2,0
2026-10-01,PT-001963,CM-011,EHR,Midwest,Dual Eligible,74,Female,English,Caregiver,0,1,0,0,0,0,0,0,1,1,1.0,Medium,0,0,0,0,,,159,0,0,0,1,0,0,0,0,0,0,3,0.72,1,0,No,Yes,No,No,Yes,2,2026-09-06,25,0,0,0,0,0,1,0,0,1,Current,86,0,0,Low,Appointment Preparation,2,Patient Education,0,2026-09-27,1,P4,0
2026-10-01,PT-001964,CM-002,CareMgmt,Southwest,Medicaid Managed Care,38,Male,English,Phone,1,0,0,0,0,1,0,0,0,2,1.18,Low,0,0,0,0,,5.8,148,0,0,0,0,0,0,0,0,0,0,7,0.8,0,0,No,No,Yes,No,No,1,2026-08-16,46,4,0,0,0,0,0,0,1,2,Current,45,2,0,Adequate,Diet/Lifestyle,0,Patient Outreach,9,2026-10-03,0,P3,0
2026-10-01,PT-001965,CM-005,EHR,Mid-Atlantic,Dual Eligible,91,Female,Chinese,SMS,1,1,0,0,1,0,1,0,0,4,1.58,Medium,0,0,0,0,,,118,0,0,0,0,0,0,0,0,0,0,7,0.83,0,0,No,No,No,Unknown,Yes,1,2026-09-19,12,0,0,0,1,0,0,1,0,2,Current,63,0,0,Adequate,Medication,0,Care Gap Closure,7,2026-10-02,0,P2,0
2026-10-01,PT-001966,CM-005,CareMgmt,Northeast,Medicaid Managed Care,74,Female,Chinese,SMS,0,0,0,0,0,0,0,0,0,0,0.71,Low,0,0,1,0,,,132,0,0,0,0,1,0,0,1,0,0,3,0.62,1,0,No,Unknown,No,No,No,0,2026-09-06,25,0,0,0,0,0,0,1,0,1,Overdue,193,0,0,Adequate,Medication,3,Patient Education,0,2026-09-27,1,P3,0
2026-10-01,PT-001967,CM-006,CareMgmt,Southeast,Medicare Advantage,55,Male,English,Portal,1,0,0,0,0,0,1,0,0,2,1.01,Low,1,1,0,0,,5.6,156,0,0,1,0,0,0,0,0,0,1,6,0.97,0,0,No,No,No,No,No,0,2026-09-15,16,0,1,0,0,0,0,0,0,2,Overdue,164,0,0,Adequate,Discharge Instructions,2,Medication Review,7,2026-10-01,0,P3,0
2026-10-01,PT-001968,CM-012,CareMgmt,Southeast,Medicaid Managed Care,49,Female,English,Portal,0,0,0,0,0,0,0,0,0,0,0.92,Low,1,0,0,0,,,137,0,0,0,0,0,0,0,0,0,0,0,0.71,0,0,No,No,Yes,No,Yes,2,2026-08-26,36,0,0,0,1,0,0,0,0,2,Overdue,195,0,0,Adequate,Diet/Lifestyle,0,Patient Outreach,0,2026-10-02,0,P4,0
2026-10-01,PT-001969,CM-009,Claims,Midwest,Commercial Complex Care,48,Female,English,Phone,0,0,0,0,0,0,0,0,1,0,0.64,Low,0,0,0,0,,,131,0,0,0,0,0,0,0,0,0,0,1,0.84,0,1,No,No,Unknown,No,No,0,2026-09-12,19,0,0,0,0,0,0,0,0,1,Current,41,0,0,Adequate,Appointment Preparation,0,Provider Follow-up,2,2026-10-04,0,P1,0
2026-10-01,PT-001970,CM-009,Pharmacy,Northeast,Medicaid Managed Care,88,Male,English,Phone,0,1,1,0,0,0,1,0,0,3,1.5,Medium,0,0,0,0,,,122,0,0,0,0,0,0,0,0,0,0,5,0.81,0,0,Yes,No,Yes,No,No,2,2026-09-23,8,0,0,0,1,0,0,0,0,1,Overdue,156,0,0,Adequate,Medication,0,Medication Review,1,2026-10-02,0,P4,1
2026-10-01,PT-001971,CM-002,EHR,Mid-Atlantic,Medicare Advantage,75,Male,English,SMS,0,0,0,0,0,0,0,0,0,0,1.08,Low,0,0,0,0,,,166,0,0,0,0,0,0,0,1,0,0,0,0.86,0,0,No,No,Unknown,No,Yes,1,2026-08-19,43,1,0,0,1,0,0,0,0,1,Current,24,0,0,Unknown,Medication,1,Patient Education,0,2026-10-03,0,P3,0
2026-10-01,PT-001972,CM-014,CareMgmt,Northeast,Medicare Advantage,79,Male,English,Portal,0,0,0,0,0,0,0,0,0,0,1.1,Low,0,1,0,0,,,125,0,0,0,0,0,0,1,1,0,0,4,0.97,0,1,Unknown,No,No,No,No,0,2026-09-08,23,1,1,0,0,0,0,0,0,2,Current,20,0,0,Limited,Diet/Lifestyle,2,Care Gap Closure,7,2026-10-05,0,P2,0
2026-10-01,PT-001973,CM-006,EHR,Northeast,Medicare Advantage,79,Female,English,SMS,0,1,0,0,0,0,1,0,0,2,0.97,Low,1,0,0,0,,,111,0,0,0,0,0,0,0,1,0,0,7,0.94,0,1,No,No,No,No,No,0,,7,1,0,0,0,0,0,0,0,1,Overdue,257,0,0,Adequate,Discharge Instructions,1,Post-Discharge Follow-up,4,2026-10-03,0,P3,0
2026-10-01,PT-001974,CM-013,CareMgmt,Midwest,Medicare Advantage,68,Female,English,Portal,0,0,0,0,0,1,0,0,0,1,0.24,Low,2,0,0,0,,,142,0,0,0,0,0,0,1,0,0,0,5,0.74,1,0,No,No,No,No,No,0,2026-09-05,26,0,0,0,1,0,0,1,0,4,Current,20,1,0,Limited,Appointment Preparation,2,Care Plan Update,6,2026-09-29,1,P1,0
2026-10-01,PT-001975,CM-017,CareMgmt,Mid-Atlantic,Medicare Advantage,85,Female,English,Phone,0,1,0,0,0,0,0,1,0,2,1.02,Low,0,0,0,0,,,102,0,0,0,0,0,0,0,0,0,0,5,0.88,0,0,No,No,No,No,No,0,2026-08-25,37,0,0,0,0,0,0,0,0,2,Current,54,0,0,Limited,None,0,Patient Education,0,2026-10-05,0,P3,0
2026-10-01,PT-001976,CM-006,Claims,Midwest,Medicare Advantage,66,Female,Spanish,Phone,0,1,0,0,1,0,0,0,0,2,1.11,High,1,0,0,1,19,,173,0,0,0,1,1,1,1,0,0,0,8,1.0,0,0,No,No,Yes,No,No,1,2026-08-29,33,0,1,1,0,1,0,1,1,1,Needs Review,126,0,1,Adequate,Diet/Lifestyle,4,Patient Outreach,5,2026-09-29,1,P4,0
2026-10-01,PT-001977,CM-006,EHR,Southeast,Medicare Advantage,56,Male,Spanish,Phone,0,0,1,0,0,0,0,0,0,1,1.25,Low,0,0,0,0,,,115,0,0,0,0,0,0,0,0,0,0,7,1.0,0,1,Unknown,No,No,Yes,No,1,2026-09-12,19,1,0,1,0,0,0,0,1,3,Current,31,0,0,Limited,None,0,Provider Follow-up,0,2026-10-03,0,P3,0
2026-10-01,PT-001978,CM-016,CareMgmt,Mid-Atlantic,Medicare Advantage,76,Male,Spanish,Phone,0,1,0,0,0,0,0,0,0,1,0.44,Low,0,1,0,0,,,121,0,0,0,0,0,0,1,1,0,0,5,0.87,0,0,No,No,Yes,Unknown,Yes,2,2026-09-02,29,1,0,0,0,0,0,0,0,3,Needs Review,117,0,1,Adequate,None,2,Social Resource Referral,0,2026-09-28,1,P4,0
2026-10-01,PT-001979,CM-013,CareMgmt,Southwest,Medicare Advantage,70,Male,English,Portal,0,0,0,0,0,1,0,0,0,1,0.83,Low,0,0,0,0,,,128,0,0,0,0,0,0,1,1,1,0,4,0.68,1,0,No,Yes,No,No,No,1,2026-09-21,10,0,0,0,1,0,1,0,0,4,Not Started,,0,0,Adequate,None,4,Care Plan Update,1,2026-09-29,1,P4,0
2026-10-01,PT-001980,CM-017,CareMgmt,Mid-Atlantic,Medicare Advantage,68,Male,English,Portal,0,0,0,0,0,0,0,0,0,0,1.16,Low,0,0,0,0,,,130,0,0,0,0,0,0,0,0,0,0,1,0.77,0,0,No,No,No,No,No,0,2026-09-09,22,0,0,0,0,0,0,0,0,2,Needs Review,92,0,0,Adequate,Medication,0,Patient Education,4,2026-10-01,0,P1,0
2026-10-01,PT-001981,CM-008,Pharmacy,Northeast,Dual Eligible,75,Female,Spanish,Phone,0,0,0,0,0,0,0,0,0,0,0.61,Low,1,0,0,0,,,141,0,0,0,0,1,0,0,0,0,0,2,0.9,0,0,No,Yes,No,No,No,1,2026-09-09,22,0,0,1,0,0,0,0,0,0,Current,13,1,1,Adequate,CHF,1,Patient Outreach,2,2026-10-05,0,P3,0
2026-10-01,PT-001982,CM-012,HIE,Midwest,Medicare Advantage,66,Male,Spanish,Portal,0,1,0,1,0,0,0,0,0,2,1.11,Low,0,0,0,0,,,129,0,0,0,0,0,0,0,0,0,0,4,0.98,0,0,No,No,No,No,No,0,2026-08-18,44,0,0,0,0,0,0,1,0,3,Current,66,0,0,Limited,Discharge Instructions,0,Provider Follow-up,1,2026-10-02,0,P2,0
2026-10-01,PT-001983,CM-005,Pharmacy,Midwest,Medicare Advantage,84,Male,English,SMS,1,1,0,0,0,1,0,0,0,3,0.94,Medium,1,0,0,0,,9.5,147,1,1,0,1,0,0,1,0,1,0,9,0.85,0,0,No,No,No,Yes,Yes,2,2026-08-25,37,0,0,0,0,0,0,1,0,2,Needs Review,138,0,0,Adequate,Appointment Preparation,5,Patient Outreach,6,2026-09-28,1,P3,0
2026-10-01,PT-001984,CM-014,Claims,Mid-Atlantic,Medicaid Managed Care,44,Male,Other,Phone,0,0,0,1,0,0,0,0,0,1,1.24,Medium,1,0,0,0,,,115,0,0,0,0,0,0,0,0,0,0,7,0.71,1,0,Yes,No,No,No,No,1,2026-08-09,53,0,1,0,0,0,0,0,0,1,Current,9,2,0,Adequate,Diet/Lifestyle,1,Social Resource Referral,0,2026-10-02,0,P3,0
2026-10-01,PT-001985,CM-007,Pharmacy,Midwest,Medicaid Managed Care,57,Male,Bengali,Phone,0,0,0,0,0,0,0,0,0,0,1.12,Low,0,0,0,1,8,,137,0,0,0,0,0,0,0,0,0,0,5,0.7,1,0,No,No,Unknown,No,No,0,2026-09-20,11,0,0,0,0,1,0,0,1,0,Overdue,289,0,0,Limited,Medication,1,Patient Education,2,2026-09-27,1,P2,0
2026-10-01,PT-001986,CM-015,Claims,Northeast,Medicare Advantage,56,Male,Spanish,SMS,0,0,1,0,0,1,0,0,0,2,0.85,High,2,0,0,1,16,,147,0,0,0,0,0,1,0,0,0,0,9,0.7,1,0,No,No,Unknown,No,No,0,2026-08-29,33,0,0,0,0,0,0,0,0,2,Needs Review,106,0,0,Low,Medication,2,Post-Discharge Follow-up,8,2026-10-05,0,P3,0
2026-10-01,PT-001987,CM-012,Claims,Midwest,Medicaid Managed Care,57,Female,English,Caregiver,1,0,0,0,1,0,0,1,0,3,1.41,Medium,0,0,0,0,,8.0,106,0,1,0,0,0,0,0,1,0,0,9,0.73,1,0,No,No,No,No,No,0,2026-09-07,24,0,0,0,0,0,0,0,0,2,Current,11,1,0,Adequate,Diabetes,3,Social Resource Referral,0,2026-10-03,0,P3,0
2026-10-01,PT-001988,CM-017,CareMgmt,Midwest,Medicare Advantage,76,Female,Other,Phone,1,1,0,1,0,0,0,0,0,3,1.58,Medium,1,0,0,0,,6.6,160,0,0,1,1,0,0,1,0,0,0,10,0.99,0,0,No,No,No,No,Unknown,0,2026-09-07,24,0,0,0,0,0,0,0,0,2,Not Started,,0,0,Adequate,Medication,3,Care Gap Closure,5,2026-09-30,1,P2,0
2026-10-01,PT-001989,CM-006,Pharmacy,Midwest,Medicare Advantage,60,Female,Bengali,Portal,0,1,0,0,0,0,1,0,0,2,1.18,Low,0,0,0,0,,,140,0,0,0,1,0,0,0,0,0,0,7,0.98,0,0,No,No,No,No,No,0,2026-09-10,21,0,0,0,0,0,0,0,0,2,Current,17,0,0,Adequate,None,1,Patient Outreach,6,2026-10-05,0,P3,1
2026-10-01,PT-001990,CM-013,Pharmacy,Southeast,Dual Eligible,83,Female,English,Portal,0,0,0,0,0,0,0,0,0,0,0.73,Low,0,1,0,0,,,107,0,0,0,0,0,0,0,0,0,0,4,0.78,1,0,No,No,No,Yes,No,1,2026-09-29,2,0,1,0,0,0,0,0,0,1,Needs Review,109,0,0,Low,Diet/Lifestyle,1,Post-Discharge Follow-up,6,2026-10-05,0,P4,0
2026-10-01,PT-001991,CM-002,Claims,Mid-Atlantic,Medicare Advantage,67,Female,Spanish,Portal,0,0,0,0,0,0,1,0,0,1,0.73,Low,0,0,0,0,,,131,0,0,0,0,0,0,0,0,0,0,9,0.88,0,0,No,No,No,No,No,0,2026-10-01,0,0,0,0,0,0,0,0,0,1,Current,23,0,1,Adequate,Appointment Preparation,0,Provider Follow-up,8,2026-10-03,0,P3,0
2026-10-01,PT-001992,CM-012,CareMgmt,Northeast,Medicare Advantage,76,Male,Chinese,Phone,0,1,0,0,1,0,0,0,1,2,1.19,Medium,1,0,0,0,,,149,0,0,0,1,0,0,0,0,0,0,1,0.88,0,0,No,No,No,No,No,0,2026-09-21,10,0,0,0,0,0,0,0,0,2,Needs Review,116,0,0,Limited,Discharge Instructions,1,Patient Outreach,5,2026-09-29,1,P4,0
2026-10-01,PT-001993,CM-003,CareMgmt,Mid-Atlantic,Medicaid Managed Care,70,Male,English,Portal,0,0,0,0,1,0,1,0,0,2,1.59,Medium,0,0,1,0,,,131,0,0,0,0,0,0,1,0,0,0,7,0.69,1,0,No,Yes,No,No,No,1,2026-08-24,38,0,1,0,1,0,1,0,0,0,Needs Review,149,0,0,Adequate,Appointment Preparation,2,Care Plan Update,0,2026-10-02,0,P4,0
2026-10-01,PT-001994,CM-005,EHR,Southeast,Dual Eligible,74,Female,Chinese,Phone,0,0,1,0,0,1,0,0,0,2,1.49,High,3,0,0,0,,,110,0,0,0,0,0,0,0,1,1,0,4,0.54,1,0,Yes,Yes,No,No,No,2,2026-08-02,60,0,1,0,0,0,0,0,0,1,Current,22,0,0,Limited,None,3,Patient Education,8,2026-10-06,0,P3,0
2026-10-01,PT-001995,CM-015,CareMgmt,Northeast,Medicaid Managed Care,24,Female,English,Phone,0,1,0,0,0,0,0,0,0,1,0.77,Low,0,0,0,0,,,151,0,0,0,1,0,0,0,0,0,0,4,0.78,1,1,Yes,No,Unknown,No,Yes,2,2026-09-14,17,2,0,1,0,0,0,0,0,1,Needs Review,119,0,0,Limited,Diabetes,2,Care Plan Update,2,2026-09-30,1,P3,0
2026-10-01,PT-001996,CM-005,Pharmacy,Northeast,Medicaid Managed Care,61,Male,English,Phone,0,0,0,0,0,0,0,0,0,0,0.91,Low,0,0,0,0,,,134,0,0,0,0,0,0,0,0,0,0,3,0.78,1,1,No,No,No,No,Yes,1,2026-09-01,30,1,0,1,0,0,0,0,0,2,Current,44,0,0,Adequate,None,1,Patient Education,4,2026-10-02,0,P3,0
2026-10-01,PT-001997,CM-001,CareMgmt,Southeast,Medicare Advantage,70,Female,English,Phone,0,0,0,0,0,0,0,0,0,0,0.93,Low,0,0,0,0,,,151,0,0,0,0,1,0,0,0,0,0,1,0.54,0,0,No,No,No,No,No,0,2026-10-01,0,0,0,0,0,0,0,0,0,1,Current,43,0,0,Adequate,Diabetes,1,Medication Review,0,2026-10-05,0,P4,0
2026-10-01,PT-001998,CM-007,Claims,Northeast,Medicaid Managed Care,71,Male,Spanish,Phone,0,1,0,0,0,0,0,0,0,1,0.8,Low,0,0,0,0,,,144,0,0,0,1,0,0,0,1,0,0,6,0.8,0,0,No,No,Yes,Unknown,No,1,2026-09-13,18,0,1,0,0,0,0,0,0,1,Overdue,315,0,0,Adequate,Medication,2,Patient Education,8,2026-09-28,1,P1,0
2026-10-01,PT-001999,CM-015,CareMgmt,Southeast,Commercial Complex Care,54,Male,Bengali,SMS,1,1,0,0,0,0,0,0,0,2,1.16,Low,0,0,3,0,,5.2,143,0,0,0,1,0,0,0,0,0,0,7,0.85,0,0,No,No,No,No,No,0,2026-08-17,45,0,0,0,0,0,0,1,0,2,Current,33,0,0,Unknown,Diet/Lifestyle,1,Patient Outreach,0,2026-09-28,1,P1,0
2026-10-01,PT-002000,CM-010,Claims,Southwest,Commercial Complex Care,53,Male,Russian,Portal,0,0,0,0,0,0,0,0,0,0,0.32,Low,0,0,0,0,,,111,0,0,0,0,0,0,0,0,1,0,3,0.85,0,0,No,No,Unknown,No,No,0,2026-09-24,7,0,0,0,0,0,0,0,0,2,Overdue,306,0,0,Adequate,None,1,Post-Discharge Follow-up,7,2026-09-27,1,P2,0
2026-10-01,PT-002001,CM-018,CareMgmt,Northeast,Medicare Advantage,79,Male,English,Portal,1,1,0,0,0,0,0,0,1,2,0.85,Medium,0,0,1,0,,5.2,174,0,0,0,1,0,0,0,0,0,1,4,0.64,1,0,No,No,Unknown,Yes,No,1,2026-09-30,1,2,0,0,0,1,0,0,0,2,Current,44,0,0,Adequate,None,3,Post-Discharge Follow-up,13,2026-09-28,1,P3,0
2026-10-01,PT-002002,CM-013,Claims,Mid-Atlantic,Medicare Advantage,76,Female,Russian,Phone,0,0,1,0,0,0,1,0,0,2,1.39,Medium,0,0,0,0,,,114,0,0,0,0,0,0,0,0,0,1,7,1.0,0,0,No,No,No,No,Yes,1,2026-09-16,15,1,0,0,1,0,0,0,0,4,Current,8,0,0,Low,Medication,1,Care Gap Closure,0,2026-10-01,0,P4,0
2026-10-01,PT-002003,CM-012,CareMgmt,Northeast,Medicare Advantage,70,Male,English,Phone,0,0,0,0,0,0,0,0,0,0,0.86,Low,0,0,0,0,,,120,0,0,0,0,0,0,0,1,0,0,4,1.0,0,1,No,No,No,No,No,0,2026-10-01,0,0,0,0,0,0,0,0,0,0,Overdue,219,0,0,Unknown,None,1,Medication Review,0,2026-10-04,0,P3,0
2026-10-01,PT-002004,CM-002,CareMgmt,Mid-Atlantic,Dual Eligible,56,Female,Chinese,Portal,0,0,0,0,0,1,0,0,0,1,1.22,Low,0,0,2,0,,,154,0,0,0,0,0,0,0,0,1,0,2,0.83,0,0,No,No,No,No,Yes,1,2026-09-01,30,1,0,0,1,0,0,0,0,4,Not Started,,2,0,Low,Diet/Lifestyle,1,Patient Education,4,2026-10-02,0,P3,0
2026-10-01,PT-002005,CM-010,CareMgmt,Southwest,Medicaid Managed Care,32,Male,Chinese,Portal,0,0,0,0,0,1,0,0,0,1,0.79,Low,1,0,0,0,,,147,0,0,0,0,0,0,0,0,1,0,3,0.8,0,0,No,No,No,No,No,0,2026-09-21,10,0,0,0,0,0,0,0,0,1,Not Started,,0,0,Adequate,Diet/Lifestyle,1,Medication Review,5,2026-10-06,0,P2,0
2026-10-01,PT-002006,CM-004,CareMgmt,Northeast,Medicare Advantage,91,Male,Unknown,Phone,1,0,0,0,0,0,0,1,0,2,0.81,Low,1,0,0,0,,7.0,121,0,0,0,0,0,0,1,1,0,0,5,1.0,0,0,No,No,No,Unknown,Unknown,0,2026-10-01,0,2,0,0,0,0,0,1,0,1,Current,41,0,0,Adequate,Diet/Lifestyle,2,Patient Outreach,2,2026-09-29,1,P3,0
2026-10-01,PT-002007,CM-006,EHR,Mid-Atlantic,Medicare Advantage,63,Male,English,SMS,1,0,0,0,1,1,0,0,0,3,1.68,Medium,0,0,0,0,,8.3,111,0,0,0,0,0,0,0,0,0,0,8,0.77,1,1,No,No,No,No,Yes,1,2026-08-03,59,0,0,0,0,0,0,0,0,1,Overdue,288,0,0,Limited,CHF,1,Provider Follow-up,4,2026-10-02,0,P1,0
2026-10-01,PT-002008,CM-002,Claims,Southwest,Medicare Advantage,82,Female,Russian,Phone,1,1,0,0,0,0,1,0,0,3,1.43,Medium,0,0,0,0,,7.3,158,0,0,0,1,1,0,0,0,0,1,10,0.84,0,0,No,No,No,No,No,0,2026-09-17,14,1,0,0,0,0,0,1,0,3,Not Started,,0,0,Limited,Medication,3,Patient Outreach,3,2026-10-02,0,P4,0
2026-10-01,PT-002009,CM-013,CareMgmt,Southeast,Commercial Complex Care,58,Female,English,Phone,0,0,0,0,0,0,1,0,0,1,0.97,Low,0,0,0,0,,,125,0,0,0,0,0,0,0,0,0,0,7,0.67,1,0,No,Unknown,No,No,No,0,2026-09-22,9,0,0,0,0,0,0,0,0,0,Current,25,0,0,Limited,Diabetes,1,Provider Follow-up,6,2026-10-02,0,P2,0
2026-10-01,PT-002010,CM-014,HIE,Northeast,Commercial Complex Care,30,Male,English,Phone,1,1,1,0,0,0,0,0,0,3,1.59,High,0,0,0,1,28,7.1,156,0,1,0,1,1,0,0,0,1,0,10,0.76,1,1,No,No,No,No,No,0,2026-09-03,28,0,0,0,0,0,0,0,1,0,Needs Review,125,0,1,Limited,None,5,Care Gap Closure,10,2026-10-06,0,P3,0
2026-10-01,PT-002011,CM-007,HIE,Mid-Atlantic,Medicaid Managed Care,32,Male,Other,Phone,0,0,0,1,0,0,0,0,0,1,0.64,Medium,0,0,0,1,25,,120,0,0,0,0,0,0,0,0,0,0,6,0.86,0,0,No,Unknown,No,No,No,0,2026-09-24,7,0,0,1,0,0,0,0,0,3,Current,10,0,1,Adequate,None,0,Patient Outreach,3,2026-10-03,0,P2,0
2026-10-01,PT-002012,CM-005,CareMgmt,Northeast,Medicare Advantage,73,Male,English,Phone,0,0,0,0,0,0,0,0,0,0,0.67,Low,0,0,0,0,,,124,0,0,0,0,0,0,0,0,0,0,6,0.74,1,0,Yes,Yes,No,No,No,2,,10,0,0,0,0,0,0,0,0,1,Current,66,0,0,Limited,Diet/Lifestyle,1,Provider Follow-up,2,2026-09-27,1,P4,0
2026-10-01,PT-002013,CM-009,Claims,Northeast,Medicare Advantage,79,Male,Russian,Phone,0,0,0,0,1,0,0,0,0,1,1.59,Low,0,0,0,0,,,147,0,0,0,0,0,0,1,0,0,0,6,0.76,1,0,No,No,No,No,No,0,2026-08-13,49,0,1,0,0,1,0,1,0,1,Overdue,174,0,0,Adequate,Appointment Preparation,2,Patient Outreach,4,2026-10-01,0,P3,0
2026-10-01,PT-002014,CM-012,CareMgmt,Southeast,Medicaid Managed Care,31,Female,English,SMS,1,0,0,0,1,1,0,0,0,3,1.51,Medium,0,0,0,0,,8.1,122,1,1,0,0,1,0,0,0,0,0,8,0.74,1,0,No,No,No,No,No,0,2026-08-01,61,0,0,0,1,0,0,0,0,1,Current,89,0,0,Unknown,None,4,Care Gap Closure,4,2026-10-04,0,P3,0
2026-10-01,PT-002015,CM-003,EHR,Midwest,Medicaid Managed Care,60,Female,English,Phone,1,0,0,0,1,0,0,1,0,3,1.9,Medium,1,0,2,0,,7.4,151,0,1,0,0,0,0,0,0,0,0,6,0.58,1,1,No,No,No,No,Yes,1,2026-09-09,22,0,0,0,1,0,0,0,0,2,Current,12,0,0,Adequate,Diabetes,2,Patient Outreach,0,2026-10-04,0,P3,0
2026-10-01,PT-002016,CM-013,EHR,Northeast,Medicare Advantage,66,Female,English,Phone,0,1,0,0,0,0,0,0,0,1,0.61,Low,0,0,0,0,,,146,0,0,0,1,0,0,0,0,0,0,3,1.0,0,0,Unknown,No,No,No,Unknown,0,2026-08-18,44,3,0,0,0,0,0,0,0,1,Overdue,328,0,0,Adequate,Medication,1,Patient Outreach,4,2026-10-01,0,P4,0
2026-10-01,PT-002017,CM-014,EHR,Southeast,Dual Eligible,80,Female,Bengali,Phone,1,1,0,0,0,0,0,0,0,2,1.31,Medium,1,0,0,0,,,110,0,0,1,0,0,0,1,1,0,0,6,0.65,1,0,Yes,Yes,No,No,No,2,2026-09-18,13,0,1,0,0,0,1,0,0,2,Current,85,0,0,Adequate,Medication,4,Care Gap Closure,2,2026-10-02,0,P3,0
2026-10-01,PT-002018,CM-009,EHR,Mid-Atlantic,Commercial Complex Care,64,Female,English,Caregiver,0,0,0,0,0,0,0,0,0,0,0.64,Low,0,1,0,0,,,130,0,0,0,0,0,0,0,0,0,0,4,0.77,1,0,No,No,Unknown,No,No,0,2026-09-01,30,0,1,0,0,0,0,0,0,1,Current,3,0,0,Adequate,None,1,Patient Outreach,3,2026-09-27,1,P1,0
2026-10-01,PT-002019,CM-001,CareMgmt,Southeast,Medicare Advantage,83,Male,Russian,Caregiver,0,1,0,0,0,0,1,0,0,2,0.56,Low,2,0,0,0,,,127,0,0,0,0,0,0,0,0,0,1,6,0.91,0,0,No,Unknown,No,No,No,0,2026-08-18,44,0,1,0,0,0,0,0,0,2,Current,16,0,0,Adequate,None,1,Post-Discharge Follow-up,0,2026-09-28,1,P1,0
2026-10-01,PT-002020,CM-009,Claims,Northeast,Dual Eligible,84,Male,Unknown,Phone,0,1,0,0,0,0,1,0,0,2,1.06,Medium,0,0,0,0,,,153,0,0,0,1,0,0,0,0,0,0,8,0.66,1,1,Unknown,Yes,No,Unknown,No,1,2026-08-20,42,0,1,0,0,0,0,0,0,1,Needs Review,106,0,0,Adequate,Medication,2,Patient Outreach,0,2026-10-04,0,P3,0
2026-10-01,PT-002021,CM-012,Claims,Mid-Atlantic,Dual Eligible,83,Female,English,Portal,1,1,0,0,0,0,1,0,0,3,1.41,High,1,0,0,0,,5.2,138,1,1,1,0,1,0,1,0,0,1,6,0.76,1,0,Unknown,Yes,Unknown,Yes,Yes,3,2026-08-23,39,0,0,0,0,0,1,0,0,2,Current,60,0,0,Adequate,Medication,7,Patient Outreach,7,2026-10-06,0,P3,0
2026-10-01,PT-002022,CM-012,Claims,Midwest,Dual Eligible,69,Female,English,Phone,0,1,0,0,1,0,0,0,0,2,1.07,Medium,0,0,1,0,,,142,0,0,0,1,1,0,0,0,0,0,5,0.88,0,0,No,No,No,No,Yes,1,2026-09-10,21,0,0,0,1,0,0,0,1,2,Needs Review,149,0,0,Adequate,Diabetes,2,Provider Follow-up,0,2026-10-05,0,P3,0
2026-10-01,PT-002023,CM-006,HIE,Midwest,Medicare Advantage,71,Female,Spanish,SMS,0,1,0,1,0,0,1,0,0,3,1.02,Medium,0,0,0,0,,,160,0,0,0,1,0,0,0,1,0,0,9,0.74,1,0,No,No,No,No,Unknown,0,2026-09-09,22,1,1,0,0,0,0,0,0,1,Overdue,166,0,0,Adequate,Discharge Instructions,3,Social Resource Referral,7,2026-09-29,1,P4,0
2026-10-01,PT-002024,CM-013,Claims,Mid-Atlantic,Medicare Advantage,75,Male,Chinese,Phone,0,0,0,1,0,1,0,0,1,2,0.7,Medium,0,0,0,0,,,131,0,0,0,0,0,0,1,0,0,0,6,0.61,1,1,No,No,No,No,Yes,1,2026-09-19,12,0,0,1,1,0,0,0,0,3,Current,48,1,0,Adequate,Discharge Instructions,2,Provider Follow-up,8,2026-09-29,1,P1,0
2026-10-01,PT-002025,CM-017,Pharmacy,Northeast,Medicare Advantage,78,Male,English,SMS,1,0,1,0,0,0,1,0,1,3,1.88,Medium,0,0,2,0,,8.0,134,0,0,1,0,0,0,0,0,0,0,8,0.92,0,1,No,No,Yes,No,No,1,2026-09-18,13,0,1,0,0,1,0,0,0,4,Current,37,0,0,Adequate,CHF,1,Patient Outreach,7,2026-10-03,0,P4,0
2026-10-01,PT-002026,CM-004,Claims,Southwest,Medicare Advantage,83,Male,Spanish,Phone,1,0,0,0,0,0,1,0,0,2,1.03,Low,0,0,0,0,,8.1,134,1,0,0,0,0,0,0,0,0,0,9,0.93,0,1,No,No,No,No,No,0,2026-09-23,8,0,0,0,1,0,0,1,0,2,Current,86,0,0,Adequate,None,1,Medication Review,0,2026-10-02,0,P2,0
2026-10-01,PT-002027,CM-002,CareMgmt,Northeast,Medicaid Managed Care,42,Male,English,SMS,0,0,0,0,0,0,0,0,0,0,0.59,Low,0,0,0,0,,,103,0,0,0,0,0,0,0,0,0,0,4,0.77,1,1,No,No,Unknown,No,No,0,2026-09-30,1,0,1,0,0,0,0,0,0,2,Current,14,0,0,Adequate,COPD,1,Patient Outreach,0,2026-09-29,1,P3,0
2026-10-01,PT-002028,CM-002,CareMgmt,Northeast,Medicare Advantage,87,Female,English,SMS,0,0,0,1,0,0,1,0,0,2,1.32,Medium,1,0,0,0,,,132,0,0,0,0,0,0,0,1,0,0,5,0.95,0,0,No,No,Yes,Unknown,No,1,2026-09-29,2,0,0,0,0,0,0,1,1,1,Current,3,0,0,Adequate,Medication,1,Care Plan Update,0,2026-10-06,0,P3,0
2026-10-01,PT-002029,CM-010,CareMgmt,Southeast,Dual Eligible,70,Female,English,Portal,0,0,0,1,1,0,0,0,0,2,1.09,Medium,0,0,0,0,,,122,0,0,0,0,0,0,0,0,0,0,4,0.88,0,1,No,No,No,No,No,0,2026-08-22,40,0,1,0,0,0,0,0,0,0,Needs Review,142,0,1,Adequate,None,0,Care Plan Update,5,2026-10-02,0,P3,0
2026-10-01,PT-002030,CM-005,Pharmacy,Mid-Atlantic,Medicaid Managed Care,56,Male,English,Portal,0,1,0,0,0,0,1,0,0,2,0.82,Medium,1,0,0,0,,,163,0,0,0,1,0,0,1,1,0,0,7,0.71,1,0,Yes,No,No,No,No,1,2026-09-08,23,0,1,0,0,0,0,0,0,1,Current,87,1,0,Adequate,None,4,Care Gap Closure,0,2026-09-27,1,P4,0
2026-10-01,PT-002031,CM-017,CareMgmt,Midwest,Dual Eligible,70,Female,English,Phone,1,0,0,0,1,0,0,0,0,2,1.31,Medium,0,0,0,0,,6.5,133,1,1,1,0,0,0,0,0,0,0,7,0.66,1,1,No,No,No,No,No,0,2026-08-28,34,0,0,0,0,0,0,0,0,3,Current,43,0,1,Adequate,Appointment Preparation,4,Care Gap Closure,0,2026-10-06,0,P4,0
2026-10-01,PT-002032,CM-015,EHR,Southwest,Medicare Advantage,55,Female,English,Phone,0,0,0,0,0,0,0,0,0,0,1.07,Low,1,0,0,0,,,132,0,0,0,0,0,0,0,1,0,0,3,0.77,1,0,No,No,No,No,Unknown,0,2026-09-28,3,0,1,0,0,0,0,0,1,2,Needs Review,109,0,0,Unknown,None,2,Patient Outreach,0,2026-09-28,1,P2,0
2026-10-01,PT-002033,CM-008,Pharmacy,Midwest,Dual Eligible,63,Female,English,Phone,0,0,0,0,0,1,0,0,0,1,0.78,Low,0,0,0,0,,,167,0,0,0,0,0,0,0,0,0,0,4,0.64,1,0,No,No,No,No,Yes,1,2026-08-15,47,0,1,0,0,0,0,0,0,1,Current,15,0,0,Limited,Diet/Lifestyle,1,Medication Review,0,2026-10-03,0,P3,0
2026-10-01,PT-002034,CM-018,Claims,Northeast,Commercial Complex Care,54,Female,English,SMS,1,1,0,0,0,0,0,0,0,2,0.48,Low,0,0,0,0,,7.7,138,1,1,0,0,0,0,0,0,0,0,6,1.0,0,0,No,Yes,Unknown,No,No,1,2026-09-22,9,0,0,0,0,0,1,0,0,1,Needs Review,145,0,0,Adequate,Medication,2,Social Resource Referral,4,2026-10-04,0,P2,0
2026-10-01,PT-002035,CM-001,Pharmacy,Northeast,Medicaid Managed Care,68,Male,English,Phone,0,1,0,0,0,0,0,0,0,1,1.01,Low,0,0,0,0,,,131,0,0,0,0,0,0,0,0,0,0,2,0.78,1,0,No,Yes,Yes,No,No,2,2026-08-30,32,0,1,0,0,0,1,0,0,2,Overdue,302,0,0,Adequate,Diabetes,1,Patient Education,0,2026-10-03,0,P1,0
2026-10-01,PT-002036,CM-012,Pharmacy,Mid-Atlantic,Medicare Advantage,83,Female,English,SMS,1,1,0,0,0,0,0,0,0,2,0.97,Medium,0,0,0,0,,8.1,153,1,0,1,1,0,0,1,0,0,0,8,0.94,0,0,Yes,Yes,No,Yes,No,3,2026-07-29,64,0,1,0,0,0,0,1,0,3,Overdue,293,0,0,Adequate,None,4,Medication Review,0,2026-10-04,0,P4,0
2026-10-01,PT-002037,CM-001,CareMgmt,Northeast,Medicare Advantage,55,Female,English,Phone,0,0,0,0,1,0,0,0,0,1,1.37,Medium,1,0,0,1,25,,131,0,0,0,0,0,1,0,0,0,0,2,0.71,1,1,No,No,Unknown,No,Yes,1,2026-09-08,23,0,1,0,0,0,0,1,0,1,Needs Review,98,0,0,Limited,Medication,2,Patient Education,4,2026-09-29,1,P4,0
2026-10-01,PT-002038,CM-013,Claims,Mid-Atlantic,Medicaid Managed Care,50,Male,Chinese,Phone,0,1,0,0,1,0,0,0,0,2,1.18,Medium,0,0,0,0,,,164,0,0,0,1,0,0,0,0,0,0,8,0.63,1,0,No,No,No,No,Unknown,0,2026-09-11,20,0,1,1,0,0,0,0,0,3,Needs Review,106,0,0,Adequate,Diet/Lifestyle,2,Patient Outreach,2,2026-09-28,1,P2,0
2026-10-01,PT-002039,CM-006,CareMgmt,Northeast,Dual Eligible,62,Male,English,Portal,0,0,0,0,0,0,0,0,0,0,0.36,Low,0,0,0,0,,,127,0,0,0,0,0,0,0,0,0,0,6,0.73,1,0,No,No,Yes,No,No,1,2026-09-07,24,1,0,0,0,0,0,0,0,0,Needs Review,126,0,0,Adequate,Medication,1,Patient Outreach,5,2026-10-06,0,P2,0
2026-10-01,PT-002040,CM-011,HIE,Northeast,Medicare Advantage,74,Female,English,Phone,0,0,0,0,0,0,0,0,0,0,0.79,Low,0,0,0,0,,,109,0,0,0,0,0,0,0,0,0,0,4,0.85,0,0,Yes,No,No,No,No,1,2026-08-16,46,0,1,0,0,0,0,0,0,1,Current,70,1,0,Low,COPD,0,Patient Outreach,4,2026-10-01,0,P1,0
2026-10-01,PT-002041,CM-014,CareMgmt,Northeast,Medicare Advantage,86,Female,Spanish,Phone,1,1,1,0,0,0,0,0,0,3,1.27,Medium,1,0,0,0,,7.1,144,0,0,0,1,0,0,0,0,0,0,7,0.84,0,0,No,No,No,No,Yes,1,2026-09-22,9,0,0,0,0,0,0,0,0,3,Needs Review,143,1,0,Adequate,None,1,Social Resource Referral,8,2026-10-02,0,P4,0
2026-10-01,PT-002042,CM-002,CareMgmt,Northeast,Medicaid Managed Care,44,Male,Spanish,SMS,0,0,0,0,0,0,0,0,0,0,0.68,Low,0,0,0,0,,,133,0,0,0,0,0,0,0,0,0,0,4,0.8,0,0,No,Unknown,No,No,No,0,2026-09-20,11,0,0,0,0,0,0,0,0,1,Overdue,177,0,0,Adequate,Medication,0,Patient Education,0,2026-10-02,0,P3,0
2026-10-01,PT-002043,CM-006,HIE,Southeast,Dual Eligible,77,Female,English,Phone,0,0,0,0,0,0,0,0,0,0,1.03,Low,0,0,0,0,,,117,0,0,0,0,0,0,0,0,0,0,0,0.59,0,0,No,No,No,Unknown,No,0,2026-08-20,42,0,1,0,0,0,0,0,0,3,Current,89,0,0,Unknown,Medication,0,Patient Outreach,6,2026-09-29,1,P2,0
2026-10-01,PT-002044,CM-001,EHR,Midwest,Dual Eligible,77,Female,Bengali,Phone,1,1,0,0,0,0,1,0,0,3,1.45,Low,0,0,0,0,,7.5,118,0,0,1,0,0,0,0,0,0,1,11,0.83,0,0,No,No,No,Unknown,No,0,2026-09-13,18,2,1,0,0,0,0,0,0,2,Current,79,0,0,Unknown,Medication,2,Care Gap Closure,0,2026-10-05,0,P3,0
2026-10-01,PT-002045,CM-016,Claims,Southwest,Medicare Advantage,70,Male,English,Phone,0,0,0,0,0,0,0,0,0,0,0.5,Low,0,0,0,0,,,143,0,0,0,0,0,0,0,0,0,0,4,0.94,0,0,No,No,No,No,No,0,2026-09-15,16,0,1,0,0,0,0,0,1,2,Current,61,0,0,Limited,Diet/Lifestyle,0,Provider Follow-up,0,2026-09-29,1,P3,0
2026-10-01,PT-002046,CM-018,Claims,Southeast,Medicare Advantage,76,Female,Chinese,Portal,1,1,0,0,0,0,1,0,0,3,1.7,Medium,2,0,0,0,,8.2,126,0,0,0,0,0,0,1,0,0,0,3,0.69,1,0,Yes,No,No,No,No,1,2026-09-24,7,1,0,0,0,0,0,0,0,3,Current,64,0,0,Adequate,Appointment Preparation,2,Patient Education,0,2026-09-27,1,P1,0
2026-10-01,PT-002047,CM-006,CareMgmt,Southeast,Dual Eligible,95,Male,English,Phone,0,1,0,0,0,0,0,0,0,1,0.68,Low,0,0,0,0,,,138,0,0,0,0,0,1,0,0,0,0,7,0.91,0,0,No,Unknown,No,Yes,No,1,2026-08-18,44,1,0,0,0,0,0,0,0,1,Needs Review,111,0,0,Adequate,Diabetes,1,Social Resource Referral,0,2026-10-04,0,P4,0
2026-10-01,PT-002048,CM-017,EHR,Midwest,Medicare Advantage,73,Female,English,Phone,0,1,0,0,0,0,0,0,0,1,1.11,Low,0,0,0,0,,,130,0,0,0,0,0,0,1,0,0,0,3,0.6,1,1,Yes,No,Unknown,No,No,1,2026-09-26,5,0,0,0,1,0,0,0,0,1,Current,47,0,0,Adequate,CHF,2,Patient Outreach,7,2026-10-03,0,P2,0
2026-10-01,PT-002049,CM-009,EHR,Southeast,Medicare Advantage,75,Female,English,Portal,0,1,1,0,0,0,0,0,0,2,1.78,Medium,0,0,0,0,,,119,0,0,0,0,0,1,0,1,0,0,7,0.75,1,0,No,No,Unknown,Yes,No,1,2026-09-14,17,0,0,0,1,0,0,0,0,3,Not Started,,2,1,Low,None,3,Medication Review,2,2026-10-02,0,P2,0
2026-10-01,PT-002050,CM-003,Claims,Midwest,Dual Eligible,70,Male,English,Phone,0,0,1,0,0,0,0,0,0,1,1.3,Low,0,0,0,0,,,137,0,0,0,0,0,0,0,1,0,0,5,0.81,0,0,No,Unknown,No,No,No,0,2026-09-18,13,0,0,0,0,1,0,0,0,1,Needs Review,131,0,0,Limited,Appointment Preparation,1,Patient Outreach,5,2026-10-03,0,P1,0
2026-10-01,PT-002051,CM-001,HIE,Northeast,Medicaid Managed Care,63,Female,English,Phone,0,1,0,0,0,0,0,1,0,2,1.01,Medium,4,0,0,0,,,153,0,0,0,1,0,0,0,0,0,0,8,0.85,0,0,Unknown,No,No,No,No,0,2026-09-14,17,0,1,0,0,1,0,0,0,1,Current,3,0,0,Adequate,None,1,Care Plan Update,7,2026-10-06,0,P3,1
2026-10-01,PT-002052,CM-015,HIE,Midwest,Dual Eligible,71,Male,English,SMS,0,0,0,0,0,0,0,0,0,0,0.77,Low,0,0,0,0,,,131,0,0,0,0,1,0,1,0,0,1,2,0.82,0,0,No,No,No,No,No,0,2026-09-24,7,0,1,0,0,0,0,0,0,0,Needs Review,119,0,0,Adequate,None,3,Care Gap Closure,2,2026-10-04,0,P4,0
2026-10-01,PT-002053,CM-015,Claims,Northeast,Commercial Complex Care,63,Male,English,Portal,0,1,0,0,1,0,0,0,0,2,1.18,Low,0,0,0,0,,,114,0,0,0,0,0,0,0,0,0,0,6,0.98,0,0,No,No,No,No,Yes,1,2026-08-26,36,1,1,0,0,0,0,0,0,1,Not Started,,0,0,Limited,Appointment Preparation,0,Care Gap Closure,3,2026-10-01,0,P2,0
2026-10-01,PT-002054,CM-013,Pharmacy,Southeast,Dual Eligible,76,Male,English,Phone,0,1,0,0,1,0,0,0,0,2,1.05,Medium,0,0,0,0,,,136,0,0,0,0,0,0,0,1,0,0,4,0.83,0,0,No,Yes,No,No,No,1,2026-09-12,19,1,0,0,0,0,0,0,0,3,Current,31,0,0,Limited,Diet/Lifestyle,1,Care Gap Closure,6,2026-10-04,0,P2,0
2026-10-01,PT-002055,CM-010,Claims,Northeast,Medicaid Managed Care,49,Male,English,Caregiver,0,0,0,0,0,0,0,0,0,0,0.29,Low,0,0,0,0,,,139,0,0,0,0,0,0,0,0,0,0,1,0.75,0,0,No,Unknown,No,Yes,No,1,2026-09-08,23,1,0,0,0,0,0,0,0,3,Overdue,318,0,0,Adequate,Medication,0,Post-Discharge Follow-up,8,2026-10-01,0,P2,0
2026-10-01,PT-002056,CM-011,CareMgmt,Southeast,Medicare Advantage,83,Male,English,Portal,0,0,0,0,0,0,1,0,0,1,0.47,Medium,3,0,0,0,,,112,0,0,0,0,0,0,1,0,0,0,3,0.78,1,1,No,No,No,Yes,Unknown,1,2026-09-04,27,0,0,0,0,0,0,0,0,3,Current,68,0,0,Low,Diet/Lifestyle,2,Post-Discharge Follow-up,3,2026-09-30,1,P1,0
2026-10-01,PT-002057,CM-007,CareMgmt,Southeast,Medicaid Managed Care,46,Female,English,SMS,0,0,0,0,0,0,0,0,0,0,1.12,Low,0,0,0,0,,,123,0,0,0,0,0,0,0,0,0,1,1,0.82,0,0,No,No,No,No,No,0,2026-10-01,0,0,1,0,0,0,0,0,0,1,Needs Review,90,0,0,Unknown,Medication,1,Patient Outreach,1,2026-10-02,0,P1,0
2026-10-01,PT-002058,CM-006,Pharmacy,Northeast,Dual Eligible,60,Female,English,SMS,1,0,0,0,0,0,0,0,0,1,0.77,Low,0,0,0,0,,7.1,151,1,0,1,0,0,0,0,0,0,1,3,0.9,0,0,Unknown,No,No,Unknown,No,0,2026-10-01,0,0,0,0,0,0,0,0,0,0,Needs Review,95,2,0,Low,Medication,3,Patient Education,1,2026-10-06,0,P3,0
2026-10-01,PT-002059,CM-015,HIE,Southeast,Medicare Advantage,68,Male,English,Caregiver,1,0,0,1,0,0,0,0,0,2,0.97,Medium,0,1,0,0,,9.2,145,0,0,1,0,0,0,1,0,0,1,3,0.87,0,0,No,No,Yes,Unknown,Unknown,1,2026-09-04,27,0,0,0,0,0,0,0,0,2,Current,12,0,0,Limited,Medication,3,Patient Outreach,8,2026-09-27,1,P3,0
2026-10-01,PT-002060,CM-006,Pharmacy,Southeast,Dual Eligible,87,Female,English,Portal,1,1,0,0,0,0,0,0,0,2,1.02,Medium,2,0,0,0,,6.2,154,0,0,0,1,0,0,0,1,0,0,9,0.56,1,1,Yes,No,No,No,No,1,2026-08-24,38,4,0,0,0,0,0,0,0,3,Current,75,0,0,Adequate,COPD,3,Patient Outreach,4,2026-10-04,0,P4,0
2026-10-01,PT-002061,CM-014,Claims,Southwest,Medicaid Managed Care,53,Female,English,Phone,0,0,0,0,0,0,0,0,0,0,0.91,Low,0,0,0,0,,,158,0,0,0,0,0,0,0,1,0,0,0,0.59,0,0,Unknown,No,No,No,No,0,2026-09-13,18,0,1,0,0,0,0,0,0,0,Not Started,,0,0,Unknown,None,1,Care Plan Update,1,2026-09-30,1,P4,0
2026-10-01,PT-002062,CM-005,Claims,Southwest,Medicare Advantage,87,Female,English,Phone,1,0,0,0,0,0,0,0,0,1,1.08,Low,0,0,0,0,,11.0,121,0,1,1,0,0,0,1,0,0,0,5,0.89,0,0,No,No,No,No,No,0,2026-09-27,4,0,1,0,0,0,0,0,0,1,Overdue,309,0,1,Adequate,Diabetes,3,Care Gap Closure,8,2026-09-29,1,P4,0
2026-10-01,PT-002063,CM-018,CareMgmt,Northeast,Medicare Advantage,74,Male,English,SMS,0,0,1,0,0,0,0,0,0,1,1.41,Medium,1,0,1,0,,,98,0,0,0,0,0,0,0,0,0,0,4,0.75,1,0,No,No,No,No,No,0,2026-09-14,17,0,1,0,0,1,0,0,0,2,Needs Review,111,0,0,Limited,Medication,1,Medication Review,10,2026-09-30,1,P3,0
2026-10-01,PT-002064,CM-007,CareMgmt,Southeast,Medicare Advantage,85,Male,English,Caregiver,0,0,0,0,0,0,0,0,0,0,0.94,Low,1,0,0,0,,,132,0,0,0,0,0,0,0,1,0,0,2,0.79,1,0,No,No,No,Yes,No,1,2026-09-19,12,0,0,0,0,0,0,0,1,0,Needs Review,108,0,0,Adequate,Diet/Lifestyle,2,Care Gap Closure,3,2026-10-05,0,P1,0
2026-10-01,PT-002065,CM-004,CareMgmt,Southwest,Medicare Advantage,61,Female,Spanish,Phone,0,0,0,0,0,0,0,0,0,0,0.59,Low,0,0,0,0,,,164,0,0,0,0,0,0,0,0,0,0,6,0.93,0,0,No,No,No,No,No,0,2026-09-28,3,3,0,0,0,0,0,0,0,0,Needs Review,125,0,0,Adequate,Diabetes,0,Patient Education,8,2026-10-06,0,P4,0
2026-10-01,PT-002066,CM-006,Pharmacy,Northeast,Dual Eligible,79,Male,English,Phone,0,1,1,1,0,0,0,0,0,3,1.37,High,2,0,0,0,,,140,0,0,0,1,0,0,0,0,0,0,7,0.8,0,0,No,Unknown,No,No,Yes,1,2026-08-21,41,0,0,0,1,0,0,0,0,2,Needs Review,103,0,0,Adequate,None,1,Patient Outreach,6,2026-09-30,1,P2,0
2026-10-01,PT-002067,CM-007,CareMgmt,Mid-Atlantic,Dual Eligible,79,Female,English,Caregiver,0,1,0,0,0,0,0,0,0,1,0.8,Low,0,0,1,0,,,155,0,0,0,1,0,0,1,0,0,0,3,1.0,0,0,No,No,No,No,No,0,2026-09-03,28,0,0,0,0,0,0,0,0,1,Current,36,0,0,Adequate,None,2,Patient Education,3,2026-10-05,0,P2,0
2026-10-01,PT-002068,CM-017,Pharmacy,Mid-Atlantic,Medicare Advantage,67,Female,English,Phone,0,1,0,0,0,1,0,0,0,2,1.06,Medium,2,0,0,0,,,143,0,0,0,1,0,1,0,0,0,0,3,0.88,0,1,No,Yes,No,No,Yes,2,2026-08-23,39,1,0,0,0,0,0,0,0,4,Needs Review,109,0,0,Adequate,Diet/Lifestyle,2,Patient Education,8,2026-09-29,1,P4,0
2026-10-01,PT-002069,CM-012,Pharmacy,Southeast,Commercial Complex Care,62,Male,English,Phone,1,0,1,0,0,0,0,0,0,2,1.27,Medium,0,0,0,0,,8.3,132,0,1,0,0,0,0,0,1,0,0,7,0.76,1,1,Yes,No,Unknown,No,No,1,2026-08-27,35,0,1,1,0,0,0,0,0,1,Current,74,2,0,Adequate,None,3,Patient Outreach,8,2026-09-28,1,P3,0
2026-10-01,PT-002070,CM-013,Claims,Northeast,Medicare Advantage,67,Female,English,SMS,0,0,0,0,0,0,0,0,0,0,0.83,Low,0,1,0,1,3,,128,0,0,0,0,1,1,0,0,0,0,4,0.84,0,0,No,No,No,No,No,0,2026-09-14,17,0,0,0,0,0,0,0,0,0,Current,16,1,0,Low,Discharge Instructions,2,Post-Discharge Follow-up,3,2026-09-29,1,P3,0
2026-10-01,PT-002071,CM-003,CareMgmt,Northeast,Commercial Complex Care,46,Female,English,Caregiver,0,1,0,0,0,0,0,0,0,1,0.68,Low,2,0,0,0,,,110,0,0,0,0,0,0,0,0,0,0,5,0.83,0,0,Yes,No,No,No,No,1,,13,1,0,0,0,0,0,0,0,3,Current,12,0,0,Adequate,None,0,Patient Outreach,3,2026-09-30,1,P3,0
2026-10-01,PT-002072,CM-011,CareMgmt,Northeast,Medicare Advantage,77,Male,English,Caregiver,0,0,0,1,1,0,0,0,0,2,1.24,Medium,0,0,0,0,,,120,0,0,0,0,1,0,1,0,0,0,2,0.75,1,0,No,Unknown,No,No,No,0,,20,0,0,0,0,0,0,0,0,3,Needs Review,109,0,1,Low,Diet/Lifestyle,3,Patient Outreach,8,2026-09-30,1,P2,0
2026-10-01,PT-002073,CM-006,HIE,Northeast,Dual Eligible,81,Female,Other,SMS,0,1,0,0,1,0,1,0,1,3,1.34,High,0,0,0,0,,,159,0,0,0,1,1,0,0,0,0,0,7,0.92,0,0,Yes,No,Yes,No,Yes,3,2026-07-20,73,1,0,0,0,0,0,0,0,1,Needs Review,120,0,0,Limited,Diet/Lifestyle,2,Medication Review,5,2026-10-05,0,P4,0
2026-10-01,PT-002074,CM-005,EHR,Southeast,Medicare Advantage,79,Female,Other,Phone,0,1,0,1,0,0,0,0,0,2,1.01,Low,0,0,0,0,,,150,0,0,0,1,0,0,0,0,0,0,3,0.88,0,0,No,No,Unknown,No,No,0,2026-09-16,15,0,0,0,0,0,0,1,0,1,Not Started,,0,0,Limited,COPD,1,Medication Review,6,2026-10-05,0,P3,0
2026-10-01,PT-002075,CM-011,Pharmacy,Mid-Atlantic,Medicaid Managed Care,63,Male,English,SMS,1,1,0,0,0,0,1,0,0,3,1.24,Medium,0,0,0,0,,6.2,120,0,0,0,0,0,0,0,0,0,1,7,0.73,1,0,No,No,Yes,Yes,Yes,3,2026-08-23,39,0,0,0,1,0,0,0,0,1,Current,68,0,0,Adequate,None,2,Medication Review,0,2026-09-27,1,P2,0
2026-10-01,PT-002076,CM-010,EHR,Southeast,Medicare Advantage,72,Female,English,Phone,0,0,0,0,1,0,0,0,0,1,1.59,Medium,0,0,0,1,1,,126,0,0,0,0,0,0,0,0,0,0,4,1.0,0,0,No,No,No,Unknown,No,0,2026-09-20,11,1,0,0,0,0,0,0,0,3,Current,20,0,0,Adequate,Diet/Lifestyle,0,Post-Discharge Follow-up,3,2026-10-05,0,P3,0
2026-10-01,PT-002077,CM-009,Pharmacy,Southwest,Medicare Advantage,73,Male,English,Portal,0,1,1,0,1,0,0,0,0,3,1.84,Medium,0,0,2,0,,,129,0,0,0,0,0,0,0,0,0,0,9,0.87,0,0,No,No,No,No,No,0,2026-09-21,10,0,0,0,0,0,0,0,0,2,Current,47,1,0,Limited,None,0,Patient Education,7,2026-10-01,0,P1,0
2026-10-01,PT-002078,CM-002,Claims,Mid-Atlantic,Commercial Complex Care,50,Female,English,Phone,1,0,0,0,0,0,0,0,0,1,0.94,Medium,0,0,0,1,2,7.1,113,1,1,0,0,0,0,0,1,0,0,6,0.78,1,0,No,No,No,No,No,0,2026-09-27,4,0,0,0,0,0,0,0,0,1,Needs Review,130,0,0,Unknown,None,4,Social Resource Referral,5,2026-10-05,0,P3,0
2026-10-01,PT-002079,CM-008,Claims,Southeast,Medicare Advantage,86,Male,English,SMS,0,1,0,0,1,0,0,0,1,2,1.01,Medium,0,0,0,0,,,140,0,0,0,1,0,0,0,0,0,0,6,0.73,1,1,No,No,Unknown,No,No,0,2026-10-01,0,2,0,0,0,0,0,0,0,3,Current,84,0,0,Adequate,None,2,Care Gap Closure,0,2026-10-06,0,P4,0
2026-10-01,PT-002080,CM-005,EHR,Southwest,Medicare Advantage,71,Male,English,Portal,1,0,0,0,0,1,0,0,0,2,1.37,Medium,0,0,0,0,,6.7,124,0,0,0,0,0,0,0,0,0,1,9,0.78,1,1,No,No,Yes,Unknown,No,1,2026-08-16,46,0,1,0,0,0,0,0,0,1,Current,59,0,0,Limited,Medication,2,Social Resource Referral,6,2026-10-06,0,P2,0
2026-10-01,PT-002081,CM-010,EHR,Mid-Atlantic,Medicaid Managed Care,55,Female,English,Portal,0,0,0,0,0,1,1,0,0,2,1.11,Medium,0,0,0,0,,,139,0,0,0,0,0,0,0,1,1,0,6,0.79,1,0,No,No,No,No,Yes,1,2026-08-20,42,0,0,0,1,0,0,0,0,1,Needs Review,94,0,0,Adequate,Medication,3,Social Resource Referral,6,2026-10-01,0,P3,0
2026-10-01,PT-002082,CM-011,Claims,Southeast,Medicare Advantage,73,Female,English,Phone,0,0,0,0,0,0,0,0,0,0,0.37,Low,0,0,0,0,,,128,0,0,0,0,1,0,0,0,0,0,4,0.73,1,0,Yes,No,Unknown,Yes,No,2,2026-10-01,0,1,1,0,1,0,0,0,1,1,Needs Review,133,0,0,Adequate,None,2,Patient Education,9,2026-09-27,1,P2,0
2026-10-01,PT-002083,CM-017,CareMgmt,Southwest,Dual Eligible,72,Female,Spanish,Phone,0,1,1,1,0,0,0,0,0,3,1.63,High,5,0,0,0,,,144,0,0,0,1,0,0,0,1,1,0,8,0.68,1,0,Yes,No,Yes,No,Yes,3,2026-09-10,21,3,0,0,0,0,0,1,0,2,Overdue,350,0,0,Adequate,Discharge Instructions,4,Patient Outreach,12,2026-10-04,0,P2,0
2026-10-01,PT-002084,CM-007,Pharmacy,Midwest,Medicaid Managed Care,72,Female,English,Phone,0,1,0,0,0,0,0,0,0,1,1.09,Low,0,0,0,0,,,124,0,0,0,0,0,0,0,0,0,0,4,0.93,0,0,No,No,No,No,Unknown,0,2026-09-07,24,0,0,0,0,0,0,0,0,0,Current,34,1,0,Adequate,Appointment Preparation,0,Patient Outreach,0,2026-10-06,0,P2,0
2026-10-01,PT-002085,CM-013,HIE,Southeast,Medicaid Managed Care,34,Male,English,SMS,1,0,0,0,0,0,0,0,0,1,0.44,Low,1,1,0,0,,9.3,143,0,1,0,0,0,0,0,1,0,0,5,0.78,1,0,Yes,No,No,Unknown,No,1,2026-09-20,11,1,0,0,0,0,0,1,0,1,Current,83,0,0,Adequate,Medication,3,Social Resource Referral,0,2026-09-28,1,P2,0
2026-10-01,PT-002086,CM-016,CareMgmt,Southwest,Dual Eligible,79,Female,English,SMS,1,0,0,0,0,0,0,0,1,1,0.96,Low,0,0,0,0,,7.7,126,0,0,0,0,0,0,0,0,0,0,1,0.97,0,0,Yes,Yes,No,No,No,2,2026-10-01,0,1,0,0,0,0,0,1,0,0,Overdue,274,0,1,Adequate,Diabetes,0,Patient Outreach,3,2026-10-04,0,P2,0
2026-10-01,PT-002087,CM-010,CareMgmt,Mid-Atlantic,Commercial Complex Care,67,Male,English,Phone,0,0,0,0,1,1,0,0,0,2,0.81,Medium,1,0,0,0,,,109,0,0,0,0,0,0,0,1,0,0,7,0.99,0,1,No,Yes,No,No,No,1,2026-09-03,28,0,0,0,0,0,1,1,0,1,Current,66,1,0,Low,None,1,Social Resource Referral,6,2026-10-03,0,P3,0
2026-10-01,PT-002088,CM-008,CareMgmt,Mid-Atlantic,Medicare Advantage,72,Female,English,Phone,0,0,0,0,0,0,0,0,0,0,0.56,Low,0,0,0,0,,,128,0,0,0,0,0,0,0,0,0,0,7,0.57,1,1,No,Unknown,No,No,Unknown,0,2026-10-01,0,1,1,0,1,0,0,0,0,1,Overdue,226,0,0,Adequate,Medication,1,Provider Follow-up,7,2026-09-30,1,P4,0
2026-10-01,PT-002089,CM-001,EHR,Mid-Atlantic,Medicare Advantage,78,Male,English,Phone,1,0,0,0,1,0,1,0,0,3,1.71,Medium,1,0,0,0,,5.2,119,0,0,0,0,0,0,0,1,0,1,8,0.93,0,0,No,No,No,No,No,0,2026-09-25,6,2,1,0,0,0,0,0,0,3,Current,3,0,0,Limited,None,2,Care Gap Closure,9,2026-10-05,0,P1,0
2026-10-01,PT-002090,CM-008,Claims,Mid-Atlantic,Medicare Advantage,83,Male,Other,SMS,1,0,0,0,0,0,0,0,0,1,0.85,Low,0,0,0,0,,7.4,112,0,0,0,0,0,0,1,1,0,0,9,0.84,0,0,No,No,No,Yes,No,1,2026-08-14,48,2,1,1,1,0,0,0,0,2,Needs Review,96,0,0,Unknown,Medication,2,Post-Discharge Follow-up,3,2026-10-02,0,P4,0
2026-10-01,PT-002091,CM-011,CareMgmt,Southeast,Medicaid Managed Care,24,Female,Other,Phone,1,0,0,0,1,0,0,0,0,2,0.85,Medium,0,0,0,0,,8.4,138,0,0,0,0,0,0,0,0,0,1,5,0.74,1,0,No,Unknown,Yes,No,No,1,2026-09-13,18,0,1,0,1,0,0,0,0,2,Current,16,0,0,Low,None,2,Patient Outreach,0,2026-09-28,1,P4,0
2026-10-01,PT-002092,CM-002,EHR,Southeast,Medicare Advantage,81,Female,English,Phone,1,1,0,0,0,0,0,0,0,2,0.62,High,2,0,0,1,1,7.9,131,0,1,0,0,1,1,0,1,0,0,7,0.88,0,0,No,No,No,No,Yes,1,2026-09-04,27,0,0,0,0,0,0,0,0,3,Current,43,0,0,Adequate,None,4,Medication Review,10,2026-10-06,0,P3,0
2026-10-01,PT-002093,CM-010,HIE,Southeast,Dual Eligible,70,Female,English,Phone,0,1,0,0,0,0,0,1,0,2,1.05,Low,0,0,0,0,,,119,0,0,0,0,0,0,0,1,0,0,8,0.88,0,0,Yes,No,No,No,No,1,2026-09-15,16,0,0,0,0,0,0,0,0,3,Not Started,,0,1,Adequate,Medication,1,Social Resource Referral,6,2026-10-04,0,P4,0
2026-10-01,PT-002094,CM-014,Claims,Mid-Atlantic,Medicare Advantage,70,Female,Other,Caregiver,0,1,0,0,0,0,0,1,0,2,0.69,Medium,1,1,0,0,,,162,0,0,0,1,0,0,0,1,0,0,6,0.71,1,0,No,No,No,No,No,0,2026-08-05,57,0,1,0,0,0,0,0,0,3,Current,44,0,0,Adequate,None,3,Patient Outreach,4,2026-10-06,0,P3,0
2026-10-01,PT-002095,CM-009,CareMgmt,Northeast,Medicare Advantage,74,Male,Chinese,Phone,0,1,1,0,0,0,0,0,0,2,1.49,Medium,0,0,1,0,,,149,0,0,0,1,0,0,0,0,0,0,9,0.77,1,0,Yes,No,No,No,No,1,2026-09-25,6,0,1,0,0,0,0,0,0,2,Overdue,301,0,0,Low,Diet/Lifestyle,2,Patient Education,0,2026-10-01,0,P2,0
2026-10-01,PT-002096,CM-005,CareMgmt,Southwest,Medicare Advantage,72,Female,Spanish,Caregiver,0,1,0,0,0,0,0,0,0,1,1.13,Low,0,0,0,0,,,149,0,0,0,1,0,0,1,0,0,0,6,0.83,0,0,No,Yes,No,No,No,1,2026-09-02,29,0,0,0,0,0,1,1,0,1,Overdue,259,0,0,Adequate,Appointment Preparation,2,Care Gap Closure,0,2026-10-06,0,P3,0
2026-10-01,PT-002097,CM-009,HIE,Northeast,Medicare Advantage,55,Female,Spanish,SMS,0,0,0,0,0,0,0,0,0,0,1.04,Low,0,0,0,0,,,133,0,0,0,0,0,0,0,0,0,0,3,0.9,0,0,No,No,No,No,Unknown,0,2026-10-01,0,0,1,0,0,0,0,0,0,0,Current,84,0,0,Low,Medication,0,Medication Review,4,2026-09-28,1,P4,0
2026-10-01,PT-002098,CM-007,EHR,Southeast,Medicare Advantage,70,Female,English,Portal,1,0,0,0,1,0,0,0,0,2,0.78,Medium,0,0,0,0,,8.2,132,0,0,0,0,0,0,0,1,0,0,8,0.72,1,0,No,No,Yes,Yes,No,2,2026-09-13,18,0,0,0,0,0,0,0,0,2,Current,44,0,1,Adequate,Discharge Instructions,2,Patient Outreach,3,2026-10-05,0,P1,0
2026-10-01,PT-002099,CM-008,CareMgmt,Southwest,Medicare Advantage,78,Female,English,Portal,0,0,0,0,0,1,0,0,0,1,0.71,Low,0,0,0,0,,,121,0,0,0,0,1,0,1,0,0,0,4,0.74,1,1,No,No,No,No,No,0,2026-09-21,10,0,0,0,0,0,0,1,0,2,Overdue,274,0,0,Adequate,Medication,3,Patient Outreach,0,2026-09-29,1,P4,0
2026-10-01,PT-002100,CM-017,CareMgmt,Midwest,Medicare Advantage,81,Male,English,SMS,0,1,0,0,0,0,0,0,0,1,1.09,Low,1,0,0,0,,,120,0,0,0,0,0,0,1,0,0,0,8,0.69,1,1,No,No,No,No,No,0,2026-09-09,22,0,0,0,0,1,0,0,0,1,Current,67,0,0,Adequate,Diet/Lifestyle,2,Care Plan Update,4,2026-10-05,0,P2,0
2026-10-01,PT-002101,CM-002,Pharmacy,Midwest,Medicare Advantage,68,Male,English,Phone,0,0,0,0,0,0,0,0,0,0,0.71,Low,0,0,0,0,,,127,0,0,0,0,0,0,1,0,0,0,0,0.89,0,0,No,No,No,Unknown,No,0,2026-09-24,7,1,0,0,0,0,0,0,0,1,Current,42,0,0,Unknown,Medication,1,Care Gap Closure,0,2026-09-29,1,P2,0
2026-10-01,PT-002102,CM-008,CareMgmt,Northeast,Medicare Advantage,67,Male,English,Portal,0,1,1,0,1,0,0,0,0,3,1.7,High,0,0,0,0,,,146,0,0,0,1,0,0,0,1,0,0,6,0.79,1,0,Yes,No,No,No,No,1,2026-09-04,27,0,0,0,0,0,0,0,0,3,Needs Review,99,0,0,Adequate,CHF,3,Provider Follow-up,6,2026-10-02,0,P3,0
2026-10-01,PT-002103,CM-013,EHR,Southeast,Medicare Advantage,73,Female,English,Portal,0,1,0,0,0,0,0,0,0,1,0.6,Low,0,1,0,0,,,114,0,0,0,0,0,0,0,0,0,0,9,1.0,0,0,Unknown,No,No,No,No,0,2026-08-25,37,0,0,0,0,0,0,0,1,1,Needs Review,144,0,0,Low,Medication,0,Care Plan Update,0,2026-10-05,0,P2,0
2026-10-01,PT-002104,CM-013,Claims,Mid-Atlantic,Medicare Advantage,63,Male,Unknown,Phone,0,1,0,0,0,1,0,0,0,2,1.01,Medium,1,0,0,1,4,,134,0,0,0,0,1,1,0,0,1,0,7,0.86,0,0,No,No,Yes,No,Unknown,1,2026-09-11,20,1,1,0,1,0,0,1,0,0,Needs Review,148,0,0,Limited,Discharge Instructions,3,Patient Outreach,0,2026-10-05,0,P1,0
2026-10-01,PT-002105,CM-011,CareMgmt,Mid-Atlantic,Dual Eligible,67,Female,Russian,Phone,1,0,0,0,0,0,0,0,0,1,1.01,Medium,0,0,0,1,8,,123,0,1,0,0,1,0,0,0,0,1,8,0.77,1,0,No,Yes,No,No,No,1,2026-09-20,11,0,0,0,0,0,0,0,0,1,Overdue,348,1,0,Limited,Appointment Preparation,4,Care Gap Closure,0,2026-10-02,0,P3,0
2026-10-01,PT-002106,CM-008,CareMgmt,Northeast,Medicaid Managed Care,65,Female,Spanish,Phone,0,1,0,1,0,0,0,0,0,2,1.22,Medium,0,0,0,0,,,153,0,0,0,1,0,0,0,0,0,0,7,0.82,0,0,No,Unknown,Yes,No,Yes,2,2026-09-25,6,0,1,1,1,0,0,0,0,3,Current,71,0,0,Low,None,1,Patient Outreach,3,2026-09-27,1,P2,0
2026-10-01,PT-002107,CM-014,CareMgmt,Northeast,Medicaid Managed Care,82,Female,Spanish,SMS,0,1,1,0,0,0,0,0,0,2,1.56,Medium,2,0,3,0,,,145,0,0,0,1,0,0,0,0,0,0,8,0.77,1,1,No,No,No,No,No,0,2026-08-27,35,2,0,0,0,0,0,0,0,2,Not Started,,0,1,Limited,Medication,2,Patient Outreach,7,2026-09-27,1,P4,0
2026-10-01,PT-002108,CM-003,CareMgmt,Southwest,Medicare Advantage,73,Male,English,Phone,1,1,0,0,0,0,0,0,0,2,0.88,Low,0,0,0,0,,9.1,127,0,1,0,0,0,0,0,0,0,0,4,1.0,0,1,No,No,No,No,No,0,2026-08-28,34,1,0,0,0,0,0,1,0,1,Current,19,3,0,Limited,Diet/Lifestyle,1,Post-Discharge Follow-up,4,2026-10-02,0,P3,0
2026-10-01,PT-002109,CM-017,Pharmacy,Mid-Atlantic,Commercial Complex Care,50,Male,English,Portal,0,0,0,0,0,0,0,0,0,0,0.68,Low,0,0,0,0,,,106,0,0,0,0,0,0,0,0,0,0,2,0.88,0,0,No,Unknown,No,No,No,0,2026-09-21,10,0,0,0,0,0,0,0,0,1,Needs Review,101,0,1,Limited,COPD,0,Patient Education,4,2026-10-03,0,P4,0
2026-10-01,PT-002110,CM-004,EHR,Northeast,Dual Eligible,72,Female,English,SMS,1,1,0,0,1,0,0,0,0,3,1.51,Medium,0,0,2,0,,10.3,156,0,0,0,1,0,0,0,1,0,0,11,0.77,1,0,No,No,No,Unknown,No,0,2026-09-18,13,1,0,0,0,0,0,0,1,3,Overdue,300,0,0,Low,Medication,3,Provider Follow-up,2,2026-10-06,0,P3,0
2026-10-01,PT-002111,CM-016,Pharmacy,Southeast,Medicare Advantage,63,Male,English,Phone,1,0,0,0,0,0,0,0,0,1,1.31,Low,0,0,0,0,,7.6,143,0,0,0,0,0,0,1,0,0,1,3,0.71,1,0,No,Yes,No,No,No,1,2026-09-03,28,0,1,0,0,0,1,0,0,0,Current,83,0,0,Low,None,3,Patient Outreach,2,2026-09-29,1,P2,0
2026-10-01,PT-002112,CM-003,Claims,Mid-Atlantic,Dual Eligible,66,Male,English,Portal,0,1,0,0,0,1,0,0,0,2,0.77,Low,1,0,0,0,,,123,0,0,0,0,0,0,1,0,0,0,7,0.75,1,1,No,No,No,No,No,0,2026-10-01,0,0,0,0,0,0,0,1,0,3,Current,68,0,0,Unknown,COPD,2,Patient Outreach,1,2026-09-28,1,P2,0
2026-10-01,PT-002113,CM-012,EHR,Southeast,Medicaid Managed Care,62,Female,English,Phone,1,1,1,0,0,0,0,0,0,3,1.49,High,2,0,0,0,,8.5,153,0,0,1,1,1,0,0,0,0,0,8,0.71,1,0,No,No,No,No,No,0,2026-08-29,33,2,0,0,0,0,0,0,0,4,Overdue,227,0,0,Limited,Diet/Lifestyle,4,Patient Outreach,1,2026-09-30,1,P3,0
2026-10-01,PT-002114,CM-013,EHR,Midwest,Medicare Advantage,75,Male,English,SMS,1,0,0,0,0,1,0,0,0,2,1.13,Medium,0,0,0,0,,8.0,116,0,0,0,0,0,0,0,0,1,1,4,0.73,1,0,No,No,No,Yes,Unknown,1,2026-10-01,0,1,0,1,1,0,0,1,0,3,Current,25,0,0,Adequate,Medication,3,Social Resource Referral,5,2026-09-29,1,P1,0
2026-10-01,PT-002115,CM-016,CareMgmt,Mid-Atlantic,Medicare Advantage,79,Female,English,Phone,0,0,0,0,0,0,0,0,0,0,0.46,Low,0,0,0,0,,,110,0,0,0,0,0,0,0,0,0,0,3,0.97,0,0,No,No,No,No,No,0,2026-09-10,21,0,0,0,0,0,0,0,0,1,Current,53,0,0,Adequate,Medication,0,Medication Review,5,2026-10-05,0,P3,0
2026-10-01,PT-002116,CM-011,CareMgmt,Southeast,Medicaid Managed Care,50,Female,English,Phone,1,0,0,0,0,0,0,0,0,1,0.21,Low,0,1,0,0,,8.1,121,0,0,0,0,0,0,0,0,0,0,5,0.86,0,0,Yes,No,No,No,No,1,2026-08-18,44,1,1,0,0,0,0,0,0,0,Current,88,0,0,Limited,None,0,Care Plan Update,6,2026-09-30,1,P3,0
2026-10-01,PT-002117,CM-002,Pharmacy,Northeast,Medicare Advantage,69,Male,Spanish,Phone,1,0,0,1,1,0,0,0,1,3,1.65,Medium,0,0,0,0,,,144,0,1,0,0,0,0,0,0,0,1,9,1.0,0,0,No,No,No,No,No,0,2026-09-23,8,2,0,0,0,0,0,0,0,1,Not Started,,2,0,Adequate,Diet/Lifestyle,2,Medication Review,4,2026-09-27,1,P4,0
2026-10-01,PT-002118,CM-014,EHR,Midwest,Medicaid Managed Care,73,Female,English,Phone,1,0,1,0,0,0,0,0,0,2,1.51,Medium,0,0,0,0,,7.4,133,0,0,1,0,0,0,1,0,0,0,2,0.77,1,0,No,No,No,Yes,Yes,2,2026-09-09,22,0,1,0,0,0,0,0,0,3,Needs Review,140,0,0,Adequate,None,3,Patient Outreach,0,2026-10-06,0,P4,0
2026-10-01,PT-002119,CM-009,EHR,Southwest,Commercial Complex Care,70,Male,Spanish,Phone,0,1,0,0,1,0,0,0,0,2,1.63,Low,0,0,0,0,,,143,0,0,0,1,0,0,0,0,0,0,4,0.8,0,0,No,No,No,No,No,0,2026-10-01,0,0,0,0,0,0,0,0,1,1,Overdue,261,0,0,Adequate,None,1,Care Gap Closure,3,2026-10-02,0,P2,0
2026-10-01,PT-002120,CM-010,EHR,Mid-Atlantic,Medicare Advantage,79,Male,English,SMS,0,0,0,0,0,0,1,0,0,1,0.92,Low,0,0,0,0,,,135,0,0,0,0,0,0,1,1,0,0,5,0.72,1,0,No,No,No,No,No,0,2026-08-24,38,0,1,0,0,0,0,0,0,3,Not Started,,0,0,Limited,None,3,Care Gap Closure,0,2026-10-02,0,P3,0
2026-10-01,PT-002121,CM-017,EHR,Mid-Atlantic,Commercial Complex Care,54,Male,English,Portal,0,0,0,0,0,0,0,0,0,0,0.6,Low,0,0,0,0,,,133,0,0,0,0,0,0,1,1,0,0,0,0.91,0,0,No,Yes,No,No,No,1,2026-08-31,31,0,0,0,0,0,0,0,0,0,Current,65,0,0,Limited,Medication,2,Patient Outreach,9,2026-10-01,0,P1,0
2026-10-01,PT-002122,CM-016,EHR,Northeast,Dual Eligible,75,Female,English,Phone,0,1,0,0,1,1,0,0,0,3,1.5,High,1,0,1,1,30,,162,0,0,0,1,1,1,1,0,0,0,11,0.63,1,0,No,No,No,Yes,No,1,2026-09-27,4,1,1,0,0,0,0,0,0,2,Overdue,268,0,1,Unknown,Diet/Lifestyle,5,Post-Discharge Follow-up,4,2026-09-30,1,P1,0
2026-10-01,PT-002123,CM-005,EHR,Mid-Atlantic,Dual Eligible,81,Male,Other,Phone,1,0,0,0,1,0,1,0,0,3,1.24,Medium,0,0,0,0,,6.7,140,1,0,0,0,0,0,1,0,0,1,12,0.9,0,0,No,Yes,No,No,Yes,2,2026-07-25,68,0,1,0,0,0,0,0,0,1,Not Started,,0,1,Adequate,CHF,3,Medication Review,0,2026-10-06,0,P1,0
2026-10-01,PT-002124,CM-007,Claims,Mid-Atlantic,Dual Eligible,70,Female,English,Phone,0,1,0,0,0,1,0,0,0,2,0.75,Medium,0,0,1,0,,,130,0,0,0,0,0,0,0,0,1,0,5,0.77,1,0,Yes,Unknown,No,No,No,1,2026-09-11,20,1,0,0,1,0,0,0,0,2,Needs Review,107,0,0,Low,None,2,Care Gap Closure,0,2026-10-03,0,P4,0
2026-10-01,PT-002125,CM-014,Claims,Northeast,Dual Eligible,65,Male,English,SMS,0,0,0,0,0,0,1,0,0,1,0.78,Low,0,0,0,0,,,116,0,0,0,0,0,0,0,0,0,0,6,0.93,0,0,No,No,Yes,No,No,1,2026-09-22,9,1,1,0,0,0,0,0,0,1,Current,88,0,0,Adequate,None,0,Patient Outreach,1,2026-10-03,0,P3,0
2026-10-01,PT-002126,CM-009,CareMgmt,Northeast,Commercial Complex Care,44,Female,English,Phone,0,1,0,0,0,0,0,0,0,1,0.93,Low,0,0,0,0,,,119,0,0,0,0,0,0,0,0,0,0,4,1.0,0,0,No,Yes,No,No,No,1,2026-09-10,21,0,0,0,0,0,1,0,0,2,Current,5,0,0,Adequate,None,0,Care Plan Update,0,2026-10-02,0,P1,0
2026-10-01,PT-002127,CM-010,EHR,Northeast,Medicare Advantage,70,Male,English,Phone,0,0,0,0,0,0,0,0,0,0,0.39,Low,0,0,0,0,,,112,0,0,0,0,1,0,0,0,0,0,0,1.0,0,0,No,No,Unknown,Unknown,No,0,2026-09-10,21,0,0,0,0,0,0,0,0,2,Not Started,,0,0,Limited,None,1,Care Gap Closure,2,2026-09-28,1,P2,0
2026-10-01,PT-002128,CM-009,EHR,Northeast,Medicare Advantage,72,Male,English,Phone,0,1,0,0,0,0,0,0,0,1,1.02,Low,0,0,0,0,,,115,0,0,0,0,0,0,0,0,0,0,6,1.0,0,0,Yes,No,Unknown,No,No,1,2026-09-02,29,0,0,0,0,0,0,0,0,1,Current,74,0,0,Adequate,None,0,Patient Outreach,7,2026-10-04,0,P4,0
2026-10-01,PT-002129,CM-012,EHR,Midwest,Medicare Advantage,72,Female,English,Phone,1,0,0,0,0,1,0,0,0,2,0.92,Low,0,0,0,0,,7.6,141,1,0,0,0,0,0,0,0,1,0,7,0.87,0,0,No,No,No,No,Unknown,0,2026-09-01,30,4,0,0,0,0,0,0,0,1,Current,70,0,0,Adequate,CHF,2,Care Gap Closure,8,2026-09-27,1,P2,0
2026-10-01,PT-002130,CM-017,CareMgmt,Southwest,Medicare Advantage,75,Male,English,Phone,0,1,0,0,0,0,0,0,0,1,0.76,Low,0,0,0,0,,,118,0,0,0,0,0,0,0,0,0,0,7,0.79,1,0,No,No,No,No,No,0,2026-08-31,31,0,1,0,0,0,0,0,0,1,Not Started,,0,0,Adequate,CHF,1,Medication Review,0,2026-09-28,1,P3,0
2026-10-01,PT-002131,CM-003,Claims,Southwest,Medicare Advantage,82,Male,Spanish,Phone,1,0,0,0,0,0,0,0,0,1,0.78,Low,0,0,0,0,,5.4,111,0,0,1,0,0,0,0,0,0,0,4,0.82,0,0,No,No,No,Yes,No,1,2026-08-29,33,2,0,0,0,0,0,0,0,0,Current,28,0,1,Adequate,Diabetes,1,Care Gap Closure,11,2026-10-05,0,P3,0
2026-10-01,PT-002132,CM-008,EHR,Mid-Atlantic,Dual Eligible,77,Male,English,Phone,0,1,0,0,0,0,0,0,0,1,0.49,Medium,0,0,0,1,10,,154,0,0,0,1,1,1,0,0,0,0,11,0.64,1,1,No,Yes,No,No,No,1,2026-08-12,50,0,0,0,0,0,1,0,0,1,Current,55,0,0,Adequate,Appointment Preparation,4,Patient Outreach,0,2026-09-28,1,P2,1
2026-10-01,PT-002133,CM-005,CareMgmt,Midwest,Commercial Complex Care,46,Male,Russian,Phone,0,1,1,0,0,1,0,0,0,3,1.68,High,1,0,0,0,,,166,0,0,0,1,0,0,1,0,0,1,9,0.71,1,1,No,No,No,Unknown,No,0,2026-09-03,28,0,0,0,0,0,0,0,0,1,Needs Review,94,0,0,Limited,None,4,Care Gap Closure,0,2026-10-05,0,P2,0
2026-10-01,PT-002134,CM-005,Claims,Southeast,Medicare Advantage,77,Female,English,Phone,0,1,0,0,0,0,0,0,0,1,0.75,Low,0,0,0,0,,,150,0,0,0,1,0,0,0,0,0,0,5,0.82,0,1,No,No,No,No,No,0,2026-08-31,31,0,0,0,0,0,0,1,0,1,Current,25,0,0,Adequate,Diabetes,1,Care Gap Closure,0,2026-10-04,0,P2,0
2026-10-01,PT-002135,CM-003,Claims,Northeast,Medicare Advantage,83,Female,Other,SMS,1,0,0,0,0,0,0,0,0,1,0.98,Low,1,0,0,0,,9.5,124,0,0,0,0,0,1,0,0,0,0,6,1.0,0,1,No,No,Unknown,No,No,0,,8,1,0,0,0,0,0,0,0,1,Current,16,1,0,Adequate,None,1,Patient Outreach,0,2026-10-02,0,P3,0
2026-10-01,PT-002136,CM-006,EHR,Northeast,Dual Eligible,67,Male,Other,Phone,0,0,0,0,0,0,0,0,0,0,0.89,Low,0,0,0,0,,,124,0,0,0,0,0,0,0,1,0,0,8,0.86,0,0,No,No,Yes,Yes,No,2,2026-08-29,33,0,1,0,1,0,0,0,0,1,Needs Review,132,0,0,Adequate,Diet/Lifestyle,1,Patient Education,2,2026-09-29,1,P3,0
2026-10-01,PT-002137,CM-014,Pharmacy,Northeast,Commercial Complex Care,32,Male,English,Phone,1,1,0,0,0,1,0,0,0,3,1.32,Medium,0,0,1,1,15,7.3,146,0,0,0,1,0,0,0,0,0,0,7,0.83,0,0,No,No,Yes,No,No,1,2026-10-01,0,0,1,0,0,1,0,1,0,2,Overdue,187,0,0,Limited,Appointment Preparation,1,Post-Discharge Follow-up,0,2026-10-01,0,P2,0
2026-10-01,PT-002138,CM-010,Claims,Mid-Atlantic,Medicaid Managed Care,50,Female,English,Portal,0,1,0,0,0,0,0,0,0,1,0.48,Low,0,0,0,0,,,127,0,0,0,0,0,0,0,0,0,0,1,0.72,0,0,No,No,No,No,No,0,,23,0,0,0,1,0,0,1,0,3,Needs Review,91,0,0,Low,None,0,Care Plan Update,0,2026-09-28,1,P1,0
2026-10-01,PT-002139,CM-013,CareMgmt,Southeast,Medicare Advantage,65,Female,English,Portal,0,1,0,0,0,0,0,1,0,2,0.99,Medium,0,0,0,0,,,148,0,0,0,1,0,0,0,0,0,0,3,0.68,1,0,No,No,No,Yes,No,1,2026-09-13,18,1,0,0,0,0,0,1,0,4,Not Started,,0,1,Adequate,Diet/Lifestyle,2,Care Gap Closure,1,2026-10-01,0,P4,0
2026-10-01,PT-002140,CM-009,Claims,Northeast,Medicare Advantage,69,Male,English,Phone,0,0,0,0,0,0,0,0,0,0,0.9,Low,0,0,0,0,,,132,0,0,0,0,0,0,0,0,0,0,0,0.79,0,0,No,No,No,Yes,No,1,2026-08-26,36,1,0,0,0,1,0,0,0,0,Needs Review,113,0,0,Adequate,Medication,0,Post-Discharge Follow-up,0,2026-09-27,1,P1,0
2026-10-01,PT-002141,CM-018,Claims,Southeast,Medicaid Managed Care,73,Male,English,Phone,0,0,0,0,0,0,0,0,0,0,0.97,Low,0,0,0,0,,,162,0,0,0,0,0,0,0,0,0,0,3,0.77,1,0,No,No,Yes,No,No,1,2026-08-20,42,0,0,0,0,0,0,0,0,0,Current,9,0,0,Adequate,Diet/Lifestyle,1,Patient Outreach,3,2026-10-02,0,P4,0
2026-10-01,PT-002142,CM-013,CareMgmt,Northeast,Medicare Advantage,76,Male,English,SMS,0,1,1,0,0,0,0,0,0,2,1.22,Low,0,0,0,0,,,129,0,0,0,0,0,0,0,0,0,0,5,0.8,0,1,No,No,No,No,No,0,2026-09-28,3,0,0,0,0,0,0,0,1,4,Current,67,2,0,Low,None,0,Social Resource Referral,0,2026-10-01,0,P2,0
2026-10-01,PT-002143,CM-007,EHR,Mid-Atlantic,Medicare Advantage,85,Male,English,Phone,0,1,0,0,0,0,1,0,0,2,1.39,Low,1,0,0,0,,,118,0,0,0,0,0,0,0,0,0,1,9,0.89,0,0,No,No,No,No,No,0,2026-09-20,11,4,1,1,0,0,0,0,0,1,Overdue,347,0,0,Adequate,Appointment Preparation,1,Provider Follow-up,6,2026-10-02,0,P3,0
2026-10-01,PT-002144,CM-018,CareMgmt,Mid-Atlantic,Commercial Complex Care,50,Male,Other,Phone,0,0,0,0,0,0,0,0,0,0,0.63,Low,0,1,0,0,,,134,0,0,0,0,0,0,0,0,0,0,4,0.88,0,1,No,Unknown,No,No,Unknown,0,,22,0,1,0,0,1,0,0,0,1,Overdue,352,0,0,Adequate,Diet/Lifestyle,0,Provider Follow-up,7,2026-10-03,0,P3,0
2026-10-01,PT-002145,CM-010,CareMgmt,Northeast,Medicare Advantage,89,Female,English,SMS,0,1,0,0,0,0,0,0,0,1,0.87,Low,0,0,0,0,,,113,0,0,0,0,0,0,0,1,0,0,5,0.91,0,0,No,No,No,No,No,0,2026-10-01,0,0,0,0,0,0,0,0,0,4,Current,89,1,0,Adequate,Diet/Lifestyle,1,Patient Education,3,2026-10-01,0,P4,0
2026-10-01,PT-002146,CM-012,CareMgmt,Southwest,Medicare Advantage,64,Male,English,Phone,1,1,0,0,0,1,0,0,0,3,1.3,Medium,0,0,0,0,,7.1,147,1,0,0,1,0,0,0,0,1,0,8,1.0,0,0,No,No,No,No,No,0,2026-08-28,34,1,0,0,0,0,0,0,0,2,Current,72,0,1,Adequate,Medication,3,Care Gap Closure,6,2026-10-06,0,P4,0
2026-10-01,PT-002147,CM-014,EHR,Mid-Atlantic,Medicaid Managed Care,44,Female,Spanish,Portal,0,0,0,1,0,0,0,0,0,1,0.9,Medium,1,0,0,1,6,,95,0,0,0,0,0,1,0,0,0,0,4,0.64,1,1,No,Unknown,No,No,No,0,2026-09-14,17,0,0,0,0,1,0,0,1,1,Not Started,,0,0,Adequate,None,2,Medication Review,0,2026-10-03,0,P4,0
2026-10-01,PT-002148,CM-009,CareMgmt,Mid-Atlantic,Medicare Advantage,77,Female,English,Portal,0,0,0,1,1,1,0,0,0,3,1.2,Medium,1,0,0,0,,,113,0,0,0,0,1,0,0,1,0,0,10,0.89,0,0,No,No,No,No,No,0,2026-08-21,41,0,1,0,0,0,0,1,0,0,Current,83,0,0,Adequate,Medication,2,Patient Outreach,3,2026-10-02,0,P4,0
2026-10-01,PT-002149,CM-008,CareMgmt,Northeast,Medicare Advantage,65,Male,Spanish,SMS,1,1,1,0,0,0,1,0,0,4,1.71,High,2,0,4,0,,6.4,142,0,1,0,1,0,0,1,0,0,0,7,0.89,0,0,No,No,No,Unknown,No,0,2026-08-27,35,0,0,0,0,0,0,1,0,2,Overdue,161,0,0,Limited,Diet/Lifestyle,3,Provider Follow-up,2,2026-09-28,1,P3,0
2026-10-01,PT-002150,CM-014,EHR,Northeast,Medicare Advantage,74,Male,English,Phone,0,1,0,1,1,0,0,0,0,3,1.53,Medium,0,0,0,0,,,111,0,0,0,0,0,0,0,0,0,0,5,0.99,0,0,Yes,No,No,No,Yes,2,2026-09-07,24,0,1,0,0,0,0,0,0,3,Needs Review,131,0,0,Adequate,Medication,0,Medication Review,0,2026-09-30,1,P3,1
2026-10-01,PT-002151,CM-009,EHR,Mid-Atlantic,Medicaid Managed Care,51,Female,Unknown,Phone,0,0,0,0,0,0,0,0,0,0,0.48,Low,0,0,0,0,,,124,0,0,0,0,0,0,0,0,0,0,4,0.95,0,0,No,No,No,No,No,0,2026-08-31,31,2,1,0,0,0,0,0,0,1,Overdue,182,0,0,Adequate,None,0,Patient Outreach,0,2026-09-28,1,P2,0
2026-10-01,PT-002152,CM-013,Claims,Southeast,Dual Eligible,69,Male,Spanish,Phone,1,0,0,0,0,1,0,0,0,2,0.96,Medium,2,0,0,0,,7.3,115,0,0,0,0,0,0,0,1,0,1,2,0.65,1,0,Yes,No,Yes,Unknown,No,2,2026-08-22,40,0,1,0,1,0,0,0,0,2,Current,5,0,0,Adequate,Diet/Lifestyle,3,Patient Education,0,2026-09-29,1,P4,0
2026-10-01,PT-002153,CM-003,CareMgmt,Northeast,Dual Eligible,72,Female,Other,Portal,0,1,0,0,1,0,0,0,0,2,0.7,High,3,0,0,1,7,,134,0,0,0,0,1,1,0,1,0,0,4,0.81,0,0,No,No,No,No,No,0,2026-09-21,10,0,0,0,0,0,0,0,1,2,Overdue,346,2,0,Adequate,None,3,Patient Outreach,2,2026-10-01,0,P3,0
2026-10-01,PT-002154,CM-003,Claims,Northeast,Medicare Advantage,70,Female,English,SMS,0,1,0,1,0,0,0,0,0,2,1.06,Medium,0,0,0,0,,,134,0,0,0,0,0,0,0,0,0,0,4,0.91,0,1,No,Yes,No,No,No,1,2026-10-01,0,0,0,0,0,0,0,0,0,1,Current,21,0,0,Low,Medication,0,Post-Discharge Follow-up,6,2026-09-27,1,P1,0
2026-10-01,PT-002155,CM-018,CareMgmt,Mid-Atlantic,Medicare Advantage,78,Female,English,Portal,0,1,0,1,0,0,0,0,0,2,1.0,Medium,2,0,0,0,,,135,0,0,0,0,0,0,0,0,0,0,6,0.85,0,0,No,Unknown,No,No,No,0,2026-09-15,16,0,0,0,0,0,0,0,0,2,Overdue,329,1,0,Adequate,Appointment Preparation,0,Care Gap Closure,7,2026-10-03,0,P2,0
2026-10-01,PT-002156,CM-006,Claims,Midwest,Medicare Advantage,77,Male,Spanish,Caregiver,1,0,0,0,0,0,1,0,0,2,1.12,Medium,4,0,1,0,,8.2,137,0,1,1,0,0,0,0,0,0,1,6,0.99,0,1,No,No,No,Unknown,Yes,1,2026-09-12,19,0,1,0,0,0,0,1,0,3,Needs Review,96,0,1,Adequate,None,3,Medication Review,1,2026-10-01,0,P2,0
2026-10-01,PT-002157,CM-011,Claims,Northeast,Commercial Complex Care,75,Female,Bengali,Caregiver,0,0,0,0,0,1,0,0,0,1,1.1,Low,0,0,0,0,,,133,0,0,0,0,0,0,0,0,0,0,5,0.71,1,0,No,No,No,Yes,No,1,2026-08-24,38,0,0,0,0,0,0,0,0,2,Current,35,0,0,Limited,Medication,1,Medication Review,1,2026-09-28,1,P3,0
2026-10-01,PT-002158,CM-002,Claims,Midwest,Commercial Complex Care,58,Female,English,Caregiver,1,0,0,0,0,0,1,0,0,2,0.91,Low,0,0,0,0,,,131,0,0,1,0,0,0,0,1,0,0,5,0.84,0,0,No,No,No,No,No,0,2026-08-27,35,0,0,0,0,0,0,0,0,3,Needs Review,114,0,0,Adequate,Diet/Lifestyle,2,Patient Outreach,4,2026-10-06,0,P4,0
2026-10-01,PT-002159,CM-008,CareMgmt,Mid-Atlantic,Commercial Complex Care,68,Female,English,SMS,0,1,0,0,0,0,0,0,0,1,0.64,Low,0,0,0,0,,,121,0,0,0,0,0,0,0,0,0,0,0,0.72,0,0,No,No,No,No,Yes,1,2026-09-13,18,0,0,0,0,0,0,0,0,1,Not Started,,0,0,Adequate,Diabetes,0,Patient Outreach,0,2026-10-04,0,P4,0
2026-10-01,PT-002160,CM-006,CareMgmt,Mid-Atlantic,Commercial Complex Care,72,Female,Russian,Phone,0,0,0,0,0,0,1,0,0,1,0.74,Low,0,0,0,1,22,,142,0,0,0,0,0,1,1,0,0,0,4,0.87,0,0,No,No,No,No,Unknown,0,2026-09-10,21,0,0,0,0,0,0,0,0,1,Overdue,162,0,0,Adequate,Medication,2,Provider Follow-up,4,2026-10-04,0,P3,1
2026-10-01,PT-002161,CM-005,HIE,Southeast,Medicaid Managed Care,41,Male,English,Phone,1,0,0,0,0,0,0,0,0,1,0.75,Low,0,0,0,0,,7.1,141,0,0,1,0,0,0,0,0,0,0,5,0.89,0,0,No,No,No,No,No,0,2026-08-24,38,1,1,0,0,0,0,0,0,1,Current,7,0,0,Adequate,Diabetes,1,Medication Review,4,2026-10-03,0,P4,0
2026-10-01,PT-002162,CM-008,CareMgmt,Northeast,Dual Eligible,70,Female,Other,SMS,0,1,0,0,0,0,0,0,0,1,0.67,Low,1,0,0,0,,,160,0,0,0,1,0,0,0,0,0,1,6,0.84,0,0,No,No,No,Yes,No,1,2026-08-18,44,0,0,0,0,0,0,0,0,0,Needs Review,137,0,0,Low,Medication,2,Patient Outreach,2,2026-09-30,1,P3,0
2026-10-01,PT-002163,CM-002,Claims,Southwest,Medicare Advantage,80,Male,Other,Phone,0,0,0,1,0,0,0,0,0,1,0.5,Medium,1,0,2,0,,,137,0,0,0,0,0,0,0,1,0,0,3,0.75,1,0,Yes,No,No,Yes,No,2,2026-08-18,44,0,1,0,0,0,0,0,0,1,Current,76,0,0,Low,Appointment Preparation,2,Provider Follow-up,1,2026-10-05,0,P3,0
2026-10-01,PT-002164,CM-016,CareMgmt,Mid-Atlantic,Medicare Advantage,67,Female,Other,SMS,1,1,0,0,0,1,0,0,0,3,0.98,Medium,1,0,0,0,,6.1,133,0,0,0,0,0,0,0,1,0,0,8,0.86,0,0,Yes,No,No,No,No,1,2026-09-03,28,0,1,0,0,0,0,0,0,5,Needs Review,113,0,1,Adequate,None,1,Patient Outreach,2,2026-10-03,0,P4,0
2026-10-01,PT-002165,CM-014,CareMgmt,Southeast,Medicaid Managed Care,50,Male,English,Portal,0,0,0,0,0,1,0,0,0,1,0.47,Low,0,0,0,0,,,150,0,0,0,0,0,0,0,0,0,0,6,0.78,1,0,No,No,No,Yes,No,1,2026-08-30,32,0,0,0,1,0,0,0,0,1,Overdue,346,0,1,Unknown,Appointment Preparation,1,Patient Outreach,0,2026-09-30,1,P4,0
2026-10-01,PT-002166,CM-002,CareMgmt,Northeast,Medicare Advantage,77,Male,English,Phone,1,1,0,0,0,0,0,0,0,2,1.05,Low,0,0,0,0,,7.1,135,0,1,1,0,0,0,0,0,0,0,4,0.95,0,0,No,No,No,Unknown,Yes,1,2026-10-01,0,0,0,0,0,0,0,0,0,2,Overdue,184,0,0,Adequate,Diet/Lifestyle,2,Care Gap Closure,5,2026-10-04,0,P2,0
2026-10-01,PT-002167,CM-008,EHR,Southeast,Dual Eligible,79,Male,English,Phone,1,1,0,1,0,0,0,0,0,3,0.89,Medium,0,0,0,0,,6.7,134,1,1,0,0,1,0,0,0,0,0,7,0.72,1,0,No,No,No,No,Yes,1,2026-08-28,34,0,0,0,0,0,0,0,0,1,Current,5,0,0,Limited,COPD,4,Care Plan Update,3,2026-10-04,0,P4,0
2026-10-01,PT-002168,CM-001,Pharmacy,Mid-Atlantic,Dual Eligible,75,Male,English,Caregiver,0,1,0,0,0,0,0,0,0,1,0.99,Low,0,0,0,0,,,138,0,0,0,0,0,0,1,0,0,0,7,0.82,0,1,Yes,No,No,No,No,1,2026-08-21,41,0,0,1,0,0,0,0,0,2,Current,35,0,0,Low,None,1,Social Resource Referral,7,2026-10-02,0,P4,0
2026-10-01,PT-002169,CM-002,Claims,Midwest,Medicaid Managed Care,39,Female,English,Portal,1,1,0,0,0,0,1,0,0,3,1.69,Low,0,0,0,0,,7.4,129,0,0,0,0,0,0,0,0,0,0,6,1.0,0,0,No,No,Yes,No,No,1,2026-09-08,23,0,1,0,1,0,0,0,0,2,Current,28,0,0,Limited,Appointment Preparation,0,Patient Outreach,0,2026-10-01,0,P2,0
2026-10-01,PT-002170,CM-006,EHR,Northeast,Medicare Advantage,72,Female,Bengali,Phone,0,0,0,0,1,0,0,0,0,1,1.66,Low,0,0,0,0,,,149,0,0,0,0,0,0,1,1,0,0,4,0.9,0,0,No,No,Unknown,No,No,0,2026-10-01,0,3,0,0,0,0,0,0,0,0,Needs Review,149,0,0,Adequate,None,2,Care Gap Closure,3,2026-10-02,0,P2,0
2026-10-01,PT-002171,CM-007,CareMgmt,Northeast,Medicare Advantage,81,Male,English,Phone,0,1,0,0,1,0,0,0,0,2,1.31,Medium,1,0,0,0,,,143,0,0,0,1,1,0,0,0,0,0,8,0.84,0,0,No,No,No,Yes,No,1,2026-09-01,30,1,1,0,0,0,0,0,0,1,Overdue,355,0,0,Adequate,Discharge Instructions,2,Care Gap Closure,7,2026-09-30,1,P4,0
2026-10-01,PT-002172,CM-003,Claims,Northeast,Commercial Complex Care,52,Male,English,Phone,0,0,0,0,0,0,0,0,0,0,0.52,Low,0,0,0,0,,,153,0,0,0,0,0,0,0,0,0,0,2,0.91,0,0,No,No,No,No,Unknown,0,2026-09-21,10,0,0,1,0,0,0,0,1,2,Needs Review,112,0,0,Adequate,Diabetes,0,Patient Outreach,0,2026-10-01,0,P4,0
2026-10-01,PT-002173,CM-016,CareMgmt,Southeast,Commercial Complex Care,62,Female,English,Phone,0,0,0,0,0,0,0,0,0,0,0.94,Low,0,0,0,0,,,122,0,0,0,0,0,0,1,0,0,0,4,0.88,0,1,No,Yes,No,No,No,1,2026-09-14,17,0,0,0,0,0,0,0,0,0,Current,65,1,1,Adequate,Medication,1,Medication Review,3,2026-10-04,0,P3,0
2026-10-01,PT-002174,CM-017,HIE,Northeast,Medicare Advantage,88,Male,English,Caregiver,0,0,0,0,0,0,0,0,1,0,0.62,Low,1,0,0,0,,,139,0,0,0,0,0,0,0,0,0,0,1,0.69,0,0,No,Unknown,Unknown,No,No,0,2026-10-01,0,0,0,0,0,1,0,0,0,0,Overdue,237,1,0,Adequate,Appointment Preparation,0,Patient Education,0,2026-10-04,0,P3,0
2026-10-01,PT-002175,CM-005,CareMgmt,Mid-Atlantic,Commercial Complex Care,69,Female,English,Phone,0,0,0,0,1,0,0,0,0,1,1.04,Low,0,0,0,0,,,150,0,0,0,0,0,0,0,0,0,0,7,0.77,1,0,No,No,No,No,Yes,1,2026-09-16,15,1,0,0,1,0,0,0,0,0,Needs Review,109,0,0,Adequate,Medication,1,Patient Outreach,5,2026-09-27,1,P4,0
2026-10-01,PT-002176,CM-001,CareMgmt,Midwest,Medicare Advantage,73,Male,English,Phone,0,0,0,0,0,0,0,0,0,0,0.77,Low,1,0,0,0,,,135,0,0,0,0,0,0,1,0,0,0,6,0.88,0,0,Unknown,No,No,No,No,0,2026-09-11,20,0,0,0,0,0,0,0,0,3,Needs Review,130,0,0,Adequate,Diet/Lifestyle,1,Provider Follow-up,0,2026-10-02,0,P2,0
2026-10-01,PT-002177,CM-008,Claims,Mid-Atlantic,Commercial Complex Care,40,Male,English,Phone,0,0,1,0,1,0,0,0,0,2,1.24,Medium,0,0,0,0,,,123,0,0,0,0,0,0,0,0,0,0,3,0.85,0,0,No,No,No,Yes,No,1,2026-08-27,35,0,1,0,1,0,0,0,1,3,Overdue,245,0,0,Limited,Discharge Instructions,0,Care Gap Closure,0,2026-10-02,0,P1,0
2026-10-01,PT-002178,CM-015,Claims,Midwest,Medicaid Managed Care,71,Male,English,SMS,1,1,0,1,0,0,0,0,0,3,0.71,Medium,0,0,0,0,,6.7,121,0,1,0,0,0,0,1,0,0,0,9,0.81,0,1,No,Yes,No,No,No,1,2026-09-26,5,0,1,0,0,0,0,0,0,3,Current,33,0,0,Limited,Diet/Lifestyle,2,Patient Education,4,2026-10-06,0,P3,0
2026-10-01,PT-002179,CM-002,CareMgmt,Midwest,Medicare Advantage,91,Female,English,Portal,0,1,0,1,0,0,0,0,0,2,0.86,Medium,0,0,0,0,,,114,0,0,0,0,0,0,0,0,0,0,4,1.0,0,1,Yes,No,No,No,Unknown,1,2026-07-30,63,0,0,0,0,0,0,1,0,3,Current,41,0,0,Adequate,None,0,Patient Outreach,2,2026-10-05,0,P4,0
2026-10-01,PT-002180,CM-009,HIE,Southeast,Medicare Advantage,77,Female,Other,Phone,1,0,0,0,0,0,1,0,0,2,1.15,Low,0,0,0,0,,6.5,122,0,0,0,0,0,0,0,0,0,0,8,0.93,0,0,No,No,No,No,No,0,2026-09-04,27,0,0,1,0,0,0,0,1,3,Not Started,,0,1,Adequate,None,0,Provider Follow-up,0,2026-10-04,0,P3,1
2026-10-01,PT-002181,CM-013,Claims,Southwest,Medicare Advantage,55,Female,Bengali,Portal,0,1,0,0,0,0,0,0,0,1,1.5,Low,0,0,0,0,,,122,0,0,0,0,0,0,0,0,0,0,6,0.69,1,0,No,No,No,No,No,0,2026-09-13,18,4,1,0,0,0,0,0,0,1,Current,29,0,0,Limited,Appointment Preparation,1,Care Plan Update,8,2026-10-01,0,P3,0
2026-10-01,PT-002182,CM-001,Claims,Southeast,Medicare Advantage,78,Female,English,SMS,0,0,0,0,0,0,0,0,0,0,0.94,Low,0,0,0,0,,,115,0,0,0,0,0,0,0,0,0,0,2,0.84,0,0,Yes,No,Unknown,No,No,1,2026-09-11,20,4,1,0,0,0,0,0,0,0,Needs Review,144,0,0,Low,Medication,0,Care Gap Closure,1,2026-09-30,1,P4,1
2026-10-01,PT-002183,CM-014,Claims,Northeast,Medicare Advantage,72,Male,English,Caregiver,0,0,0,0,1,0,1,0,1,2,1.04,Medium,1,0,0,0,,,122,0,0,0,0,0,0,0,0,0,1,2,0.92,0,0,No,No,No,No,No,0,,15,0,0,1,0,0,0,0,0,2,Current,5,0,1,Adequate,Medication,1,Care Gap Closure,4,2026-10-02,0,P2,0
2026-10-01,PT-002184,CM-007,Pharmacy,Northeast,Medicare Advantage,80,Male,English,Portal,0,1,0,1,0,1,0,1,0,4,1.21,High,0,0,0,0,,,153,0,0,0,1,0,0,0,1,1,0,10,0.79,1,0,No,No,No,No,No,0,2026-09-13,18,1,0,0,0,0,0,0,0,5,Current,73,2,1,Adequate,Medication,4,Patient Outreach,4,2026-09-29,1,P4,0
2026-10-01,PT-002185,CM-017,CareMgmt,Southwest,Medicare Advantage,78,Male,Other,Portal,0,1,0,0,0,1,0,0,0,2,1.13,Low,0,0,0,0,,,149,0,0,0,1,0,0,0,0,0,0,5,0.98,0,0,No,No,No,No,Yes,1,2026-08-26,36,0,0,0,0,0,0,0,0,3,Current,11,0,0,Adequate,None,1,Patient Outreach,6,2026-09-27,1,P3,0
2026-10-01,PT-002186,CM-009,Claims,Southeast,Medicaid Managed Care,52,Female,English,Phone,0,0,0,0,0,0,0,0,0,0,0.96,Low,0,0,0,0,,,134,0,0,0,0,0,0,1,0,0,0,7,0.81,0,0,No,No,No,No,No,0,2026-08-21,41,0,0,0,0,0,0,0,0,1,Needs Review,94,0,0,Limited,Diabetes,1,Provider Follow-up,0,2026-10-04,0,P2,0
2026-10-01,PT-002187,CM-002,EHR,Southeast,Medicaid Managed Care,69,Female,English,Phone,0,0,0,0,0,0,0,0,0,0,0.83,Low,0,0,0,0,,,123,0,0,0,0,0,0,0,0,0,0,5,0.94,0,1,No,No,Yes,No,No,1,2026-09-26,5,1,1,0,0,0,0,0,0,0,Current,6,1,1,Adequate,Medication,0,Patient Outreach,6,2026-10-03,0,P2,0
2026-10-01,PT-002188,CM-016,HIE,Northeast,Medicare Advantage,86,Male,Spanish,SMS,0,1,1,0,0,0,1,1,0,4,1.84,High,5,0,0,0,,,166,0,0,0,1,0,0,0,0,0,0,7,1.0,0,0,No,No,No,No,No,0,2026-09-09,22,0,0,0,0,0,0,0,0,5,Current,66,0,0,Limited,Medication,1,Care Plan Update,7,2026-09-29,1,P4,0
2026-10-01,PT-002189,CM-012,CareMgmt,Southeast,Medicare Advantage,77,Female,English,Phone,0,1,0,0,0,0,0,0,0,1,0.81,Low,0,0,0,0,,,147,0,0,0,1,0,0,0,0,0,0,7,0.88,0,1,No,No,No,No,No,0,2026-09-21,10,0,0,0,1,0,0,0,0,0,Needs Review,123,1,0,Adequate,Appointment Preparation,1,Care Gap Closure,8,2026-10-04,0,P3,0
2026-10-01,PT-002190,CM-015,CareMgmt,Mid-Atlantic,Medicare Advantage,83,Female,English,Portal,1,1,1,1,0,0,1,1,0,6,2.29,High,0,0,0,0,,,150,0,0,0,1,0,0,0,0,0,0,14,0.96,0,0,No,No,No,No,No,0,2026-09-02,29,0,0,0,0,0,0,0,0,4,Overdue,331,0,0,Adequate,None,1,Medication Review,5,2026-09-27,1,P2,0
2026-10-01,PT-002191,CM-008,EHR,Northeast,Medicare Advantage,70,Female,English,Phone,0,0,0,0,0,1,0,0,0,1,0.91,Low,1,0,0,0,,,119,0,0,0,0,0,0,0,0,1,0,6,0.49,1,0,No,No,No,No,No,0,2026-10-01,0,3,1,0,0,0,0,1,0,0,Needs Review,99,0,0,Low,None,2,Social Resource Referral,0,2026-10-05,0,P2,0
2026-10-01,PT-002192,CM-006,Pharmacy,Southeast,Medicaid Managed Care,60,Female,English,Portal,0,0,0,0,0,0,0,0,0,0,0.97,Low,0,0,0,0,,,134,0,0,0,0,0,0,0,0,0,0,3,0.75,1,0,No,No,Unknown,No,No,0,2026-10-01,0,0,0,1,0,0,0,0,0,1,Current,88,0,0,Adequate,None,1,Care Plan Update,0,2026-09-30,1,P2,0
2026-10-01,PT-002193,CM-007,EHR,Northeast,Medicare Advantage,67,Male,Bengali,Phone,0,1,0,0,0,0,0,0,0,1,0.98,Low,1,0,0,0,,,136,0,0,0,0,0,0,0,0,0,0,6,0.83,0,0,No,No,No,No,No,0,2026-09-14,17,0,0,0,0,0,0,0,0,0,Overdue,257,0,0,Adequate,Medication,0,Patient Outreach,7,2026-10-05,0,P3,0
2026-10-01,PT-002194,CM-010,CareMgmt,Mid-Atlantic,Medicare Advantage,87,Female,English,Caregiver,0,0,0,1,0,0,0,0,0,1,0.75,Low,0,0,0,0,,,99,0,0,0,0,0,0,0,0,0,0,5,0.84,0,0,No,Unknown,No,No,No,0,2026-09-18,13,0,0,0,0,0,0,0,0,3,Overdue,273,0,0,Adequate,None,0,Patient Outreach,0,2026-09-30,1,P4,0
2026-10-01,PT-002195,CM-009,Pharmacy,Northeast,Dual Eligible,71,Female,English,Phone,0,0,0,0,1,1,0,0,0,2,1.44,Low,0,0,0,0,,,124,0,0,0,0,0,0,0,0,0,0,5,0.82,0,0,Yes,No,No,No,No,1,2026-08-30,32,0,0,0,0,0,0,0,0,3,Overdue,150,0,0,Adequate,None,0,Social Resource Referral,6,2026-10-06,0,P4,1
2026-10-01,PT-002196,CM-001,Pharmacy,Northeast,Commercial Complex Care,27,Female,English,SMS,0,1,0,0,0,0,0,0,0,1,0.77,Low,0,0,0,0,,,144,0,0,0,1,0,0,0,1,0,0,6,0.93,0,0,No,No,No,No,No,0,2026-09-28,3,3,1,0,0,0,0,0,0,2,Current,52,0,0,Adequate,Medication,2,Medication Review,7,2026-10-01,0,P3,0
2026-10-01,PT-002197,CM-008,Claims,Northeast,Dual Eligible,75,Male,English,SMS,0,1,0,0,0,1,1,0,0,3,1.44,Medium,0,0,0,0,,,131,0,0,0,0,1,0,0,0,0,0,7,0.72,1,0,Yes,Yes,No,No,Yes,3,2026-07-24,69,0,1,0,0,0,1,1,0,4,Not Started,,0,0,Adequate,Medication,2,Social Resource Referral,2,2026-10-05,0,P4,0
2026-10-01,PT-002198,CM-012,EHR,Northeast,Commercial Complex Care,61,Female,English,Phone,0,0,0,0,0,1,0,0,0,1,1.27,Low,0,0,0,0,,,130,0,0,0,0,0,0,1,0,0,0,3,0.88,0,0,No,No,No,No,Yes,1,,43,0,0,0,0,0,0,0,0,2,Current,75,0,0,Adequate,None,1,Provider Follow-up,0,2026-09-30,1,P3,0
2026-10-01,PT-002199,CM-001,Claims,Midwest,Medicare Advantage,87,Female,English,Phone,0,0,1,0,1,0,0,0,0,2,1.46,Medium,0,0,0,0,,,129,0,0,0,0,0,0,1,0,0,0,5,0.92,0,1,No,Yes,No,No,No,1,2026-09-08,23,0,0,0,0,1,1,0,0,2,Current,57,2,0,Limited,Medication,1,Patient Outreach,0,2026-10-02,0,P4,1
2026-10-01,PT-002200,CM-002,EHR,Mid-Atlantic,Medicaid Managed Care,25,Female,English,Phone,1,0,0,1,0,1,0,0,0,3,1.31,Medium,1,0,0,0,,8.0,131,1,0,0,0,0,0,0,0,0,0,7,0.83,0,1,No,Yes,No,No,No,1,2026-09-29,2,2,0,0,0,0,1,0,0,3,Current,76,0,0,Limited,None,1,Medication Review,3,2026-09-28,1,P2,0
2026-10-01,PT-002201,CM-017,HIE,Midwest,Medicare Advantage,81,Male,English,Portal,0,0,0,1,0,0,0,0,0,1,1.12,Medium,2,0,0,0,,,141,0,0,0,0,0,0,0,1,1,0,8,0.95,0,0,No,No,No,No,No,0,2026-08-09,53,0,0,0,0,0,0,0,0,2,Current,80,0,0,Limited,None,2,Medication Review,1,2026-10-03,0,P2,0
2026-10-01,PT-002202,CM-017,Claims,Midwest,Medicare Advantage,70,Male,English,SMS,1,0,0,0,0,1,1,0,0,3,1.03,Low,0,0,0,0,,8.4,134,1,0,0,0,0,0,0,0,1,0,6,0.99,0,1,No,No,No,No,No,0,2026-10-01,0,1,0,0,0,0,0,0,0,2,Current,83,0,0,Adequate,Diabetes,2,Patient Outreach,2,2026-10-05,0,P2,0
2026-10-01,PT-002203,CM-002,CareMgmt,Southwest,Medicaid Managed Care,49,Female,Other,Phone,0,0,0,0,0,0,0,0,0,0,1.19,Low,0,0,0,0,,,126,0,0,0,0,0,0,0,0,0,0,0,0.75,0,0,No,No,Yes,Yes,Unknown,2,,31,0,1,0,1,0,0,0,0,0,Current,41,0,0,Adequate,Diabetes,0,Patient Outreach,0,2026-09-29,1,P3,0
2026-10-01,PT-002204,CM-011,Pharmacy,Southeast,Dual Eligible,65,Male,English,Portal,0,1,0,0,0,0,0,0,0,1,0.81,Low,1,0,0,0,,,160,0,0,0,1,0,0,0,1,0,0,6,0.82,0,0,Yes,No,Yes,No,No,2,,44,2,0,0,0,0,0,0,0,3,Current,62,0,0,Adequate,None,2,Social Resource Referral,7,2026-09-28,1,P3,0
2026-10-01,PT-002205,CM-010,CareMgmt,Northeast,Dual Eligible,85,Male,Chinese,SMS,0,1,0,0,0,1,0,0,0,2,1.31,Medium,2,0,0,0,,,135,0,0,0,0,0,0,0,0,0,0,9,0.77,1,1,No,No,No,No,No,0,2026-09-26,5,0,1,0,0,0,0,0,0,3,Current,56,0,0,Adequate,Medication,1,Care Plan Update,5,2026-10-02,0,P2,0
2026-10-01,PT-002206,CM-004,EHR,Northeast,Medicare Advantage,79,Female,Russian,Phone,0,1,0,0,0,0,0,0,0,1,0.64,Low,0,0,0,0,,,116,0,0,0,0,0,0,0,0,0,0,3,0.92,0,1,No,No,No,No,Yes,1,2026-09-21,10,0,0,0,1,0,0,0,0,2,Needs Review,120,0,0,Limited,Diet/Lifestyle,0,Care Plan Update,6,2026-10-05,0,P1,0
2026-10-01,PT-002207,CM-011,EHR,Southeast,Medicaid Managed Care,48,Male,Chinese,SMS,0,1,0,0,0,0,0,0,0,1,1.17,Low,0,0,0,0,,,117,0,0,0,0,0,0,0,0,0,0,5,0.88,0,0,No,Yes,Unknown,No,No,1,2026-08-31,31,0,0,0,0,0,1,1,0,2,Needs Review,138,0,0,Limited,Discharge Instructions,0,Social Resource Referral,2,2026-10-03,0,P1,0
2026-10-01,PT-002208,CM-014,HIE,Southwest,Medicare Advantage,83,Female,English,Portal,1,1,0,0,0,0,0,0,0,2,1.01,Medium,0,0,0,0,,8.5,150,0,0,1,1,0,0,0,1,0,1,5,0.73,1,0,No,No,Unknown,Yes,No,1,2026-09-05,26,0,1,0,0,0,0,0,0,2,Current,22,0,0,Adequate,None,5,Social Resource Referral,6,2026-10-06,0,P3,0
2026-10-01,PT-002209,CM-013,EHR,Mid-Atlantic,Commercial Complex Care,63,Male,English,Portal,1,0,0,1,0,0,0,0,0,2,1.03,Medium,0,0,0,0,,9.2,127,0,0,1,0,0,0,1,0,0,0,6,0.98,0,1,No,No,No,No,No,0,2026-09-18,13,0,0,0,0,0,0,0,0,2,Needs Review,140,0,0,Adequate,Diabetes,2,Care Gap Closure,0,2026-10-03,0,P3,0
2026-10-01,PT-002210,CM-018,Claims,Mid-Atlantic,Dual Eligible,68,Male,Other,Portal,1,1,0,0,0,0,0,0,0,2,1.33,Medium,1,0,0,0,,8.1,141,0,0,1,1,0,0,1,0,0,0,10,0.58,1,0,Yes,No,No,Unknown,No,1,2026-08-19,43,0,1,1,0,0,0,1,0,2,Current,53,0,0,Adequate,Appointment Preparation,4,Patient Outreach,6,2026-10-05,0,P4,0
2026-10-01,PT-002211,CM-004,Claims,Southeast,Medicaid Managed Care,51,Female,Spanish,Portal,1,1,0,0,0,0,0,0,0,2,1.16,Low,0,0,0,0,,9.9,119,0,0,0,0,0,0,0,0,0,0,5,0.8,0,0,No,No,No,Unknown,No,0,2026-08-31,31,0,1,0,1,0,0,0,0,1,Current,83,0,0,Limited,None,0,Patient Outreach,5,2026-10-06,0,P4,0
2026-10-01,PT-002212,CM-014,EHR,Southeast,Medicare Advantage,86,Female,English,SMS,0,1,0,1,0,0,0,0,0,2,0.97,Low,0,0,0,0,,,147,0,0,0,1,0,0,0,0,0,0,4,0.97,0,0,No,No,No,No,No,0,2026-09-18,13,0,0,0,0,0,0,0,0,3,Needs Review,125,0,1,Adequate,COPD,1,Care Gap Closure,5,2026-10-03,0,P4,0
2026-10-01,PT-002213,CM-004,EHR,Northeast,Medicare Advantage,62,Female,Other,Portal,0,1,1,0,0,0,0,0,0,2,1.14,Medium,0,0,0,0,,,111,0,0,0,0,0,0,0,0,0,0,7,0.74,1,1,Yes,No,No,No,No,1,2026-09-25,6,0,0,0,0,0,0,0,0,2,Not Started,,0,0,Adequate,Medication,1,Provider Follow-up,3,2026-10-04,0,P2,0
2026-10-01,PT-002214,CM-003,CareMgmt,Southwest,Medicare Advantage,72,Male,English,Portal,1,0,0,0,1,0,1,0,0,3,1.12,Medium,0,0,0,0,,6.0,130,0,1,0,0,1,0,0,0,0,1,9,0.77,1,0,No,No,Unknown,No,No,0,2026-09-03,28,1,0,0,0,0,0,0,0,1,Overdue,333,0,0,Unknown,Diabetes,4,Care Plan Update,5,2026-09-27,1,P3,0
2026-10-01,PT-002215,CM-015,EHR,Southeast,Medicare Advantage,80,Male,Bengali,SMS,1,1,0,1,1,1,1,0,0,6,1.66,High,6,1,1,0,,7.9,144,1,0,1,1,0,0,0,0,0,0,12,0.73,1,0,Yes,No,Unknown,No,Yes,2,2026-08-17,45,2,0,1,0,0,0,0,0,4,Current,15,0,0,Adequate,Medication,4,Post-Discharge Follow-up,2,2026-10-03,0,P3,0
2026-10-01,PT-002216,CM-009,CareMgmt,Midwest,Medicare Advantage,93,Female,English,Portal,1,1,0,1,1,0,0,0,0,4,1.63,High,0,0,0,0,,,162,0,1,0,1,0,0,0,0,0,0,10,0.94,0,1,No,No,Yes,No,No,1,2026-09-11,20,0,0,0,0,0,0,0,0,3,Needs Review,126,0,0,Limited,None,2,Social Resource Referral,4,2026-10-06,0,P4,0
2026-10-01,PT-002217,CM-006,Claims,Mid-Atlantic,Commercial Complex Care,50,Male,English,Phone,0,1,0,0,0,0,0,0,0,1,1.38,Low,0,0,0,0,,,146,0,0,0,1,0,0,0,0,0,0,7,0.93,0,1,No,Unknown,Yes,No,Yes,2,2026-08-10,52,0,0,0,0,0,0,1,0,0,Current,66,0,0,Adequate,None,1,Patient Outreach,8,2026-10-06,0,P1,0
2026-10-01,PT-002218,CM-015,CareMgmt,Midwest,Medicaid Managed Care,63,Female,English,Caregiver,0,1,0,0,0,0,0,1,0,2,1.24,Low,0,0,0,0,,,140,0,0,0,1,0,0,0,0,0,0,4,0.88,0,0,No,No,No,No,No,0,2026-09-11,20,1,0,0,0,0,0,0,0,2,Overdue,289,0,1,Unknown,Medication,1,Patient Outreach,7,2026-09-27,1,P3,0
2026-10-01,PT-002219,CM-013,EHR,Southeast,Medicare Advantage,77,Male,English,Phone,0,1,1,0,0,0,0,0,0,2,1.39,Medium,1,0,0,0,,,134,0,0,0,0,0,0,0,0,0,0,6,0.97,0,0,No,No,Unknown,No,No,0,2026-09-17,14,0,1,0,0,0,0,0,0,2,Current,45,0,0,Adequate,Medication,0,Patient Outreach,6,2026-10-01,0,P1,0
2026-10-01,PT-002220,CM-009,EHR,Northeast,Medicaid Managed Care,55,Male,English,Phone,0,1,0,0,0,0,1,0,0,2,1.13,Low,0,0,0,0,,,136,0,0,0,0,0,0,0,0,0,0,7,0.84,0,1,Yes,No,No,No,No,1,2026-08-21,41,2,0,0,0,0,0,1,0,1,Current,78,0,0,Limited,None,0,Provider Follow-up,0,2026-10-06,0,P2,0
2026-10-01,PT-002221,CM-005,CareMgmt,Southwest,Medicare Advantage,72,Female,Other,Portal,1,0,0,0,0,0,0,1,1,2,1.36,Low,0,0,0,0,,8.8,126,0,1,0,0,0,0,0,0,0,0,7,0.81,0,0,No,No,No,No,No,0,2026-09-25,6,0,1,0,0,0,0,0,0,2,Needs Review,118,0,0,Adequate,None,1,Patient Education,0,2026-09-28,1,P2,0
2026-10-01,PT-002222,CM-002,EHR,Northeast,Medicare Advantage,80,Male,English,Phone,0,0,0,0,1,0,0,0,0,1,1.09,Low,0,0,0,0,,,140,0,0,0,0,0,0,0,0,0,0,4,0.83,0,0,Unknown,No,No,No,Yes,1,2026-09-12,19,0,0,0,1,0,0,0,0,1,Current,49,1,0,Unknown,Appointment Preparation,0,Care Plan Update,11,2026-09-28,1,P3,1
2026-10-01,PT-002223,CM-004,EHR,Mid-Atlantic,Medicare Advantage,71,Male,Spanish,Caregiver,1,1,1,0,0,0,0,0,0,3,1.59,High,1,0,0,1,29,6.9,157,0,1,0,1,1,1,0,0,0,0,11,0.83,0,0,Yes,Yes,Unknown,No,No,2,2026-09-20,11,0,1,1,0,0,0,0,0,1,Not Started,,0,0,Adequate,Appointment Preparation,4,Care Gap Closure,1,2026-10-04,0,P2,0
2026-10-01,PT-002224,CM-004,CareMgmt,Midwest,Medicare Advantage,74,Male,English,Phone,0,1,0,0,0,0,0,0,0,1,1.39,Low,0,0,0,0,,,129,0,0,0,0,0,0,1,0,0,0,8,1.0,0,0,No,No,No,No,No,0,2026-08-16,46,0,1,0,0,0,0,0,1,3,Overdue,199,0,1,Adequate,COPD,1,Medication Review,3,2026-09-30,1,P1,0
2026-10-01,PT-002225,CM-012,EHR,Midwest,Medicare Advantage,67,Female,English,Phone,1,0,0,0,0,0,0,0,0,1,0.87,Low,0,0,0,0,,7.2,146,0,0,0,0,0,0,0,0,0,0,4,0.7,1,1,No,Yes,No,No,No,1,2026-08-14,48,0,0,1,1,0,1,0,1,3,Overdue,155,0,0,Adequate,Diet/Lifestyle,1,Patient Outreach,3,2026-09-30,1,P3,0
2026-10-01,PT-002226,CM-008,EHR,Mid-Atlantic,Medicaid Managed Care,50,Male,English,Phone,0,0,1,0,0,0,0,0,0,1,1.42,Medium,3,0,0,0,,,158,0,0,0,0,0,0,0,0,0,1,0,0.83,0,0,No,No,No,No,No,0,2026-09-19,12,2,0,0,1,0,0,0,0,1,Needs Review,138,2,0,Unknown,Diet/Lifestyle,1,Patient Outreach,0,2026-09-28,1,P4,0
2026-10-01,PT-002227,CM-005,CareMgmt,Mid-Atlantic,Medicare Advantage,69,Female,Spanish,Phone,0,1,0,0,0,0,0,0,0,1,0.8,Low,0,0,0,0,,,103,0,0,0,0,0,0,0,0,0,0,4,0.7,1,1,Yes,No,No,No,No,1,2026-08-29,33,0,0,0,1,0,0,0,0,4,Overdue,179,0,0,Adequate,Medication,1,Patient Outreach,7,2026-09-28,1,P3,0
2026-10-01,PT-002228,CM-010,Claims,Northeast,Medicare Advantage,66,Male,English,Phone,1,0,0,1,1,0,1,0,0,4,1.5,High,0,0,0,0,,8.2,143,0,0,0,0,0,0,1,1,0,0,11,0.93,0,1,No,Unknown,Unknown,No,No,0,2026-09-26,5,2,1,0,0,0,0,0,0,2,Current,40,0,0,Adequate,Medication,2,Patient Outreach,11,2026-10-02,0,P4,0
2026-10-01,PT-002229,CM-002,CareMgmt,Northeast,Dual Eligible,79,Female,English,Phone,0,0,1,0,0,0,1,0,1,2,1.1,High,0,0,0,1,6,,151,0,0,0,0,1,0,0,0,0,0,11,0.84,0,0,Yes,No,No,Yes,No,2,2026-08-29,33,0,1,0,0,1,0,0,0,2,Current,84,0,0,Unknown,None,1,Patient Outreach,3,2026-09-29,1,P2,0
2026-10-01,PT-002230,CM-007,Pharmacy,Mid-Atlantic,Medicare Advantage,62,Male,English,Phone,1,0,0,1,0,0,0,0,0,2,1.21,Medium,0,0,0,0,,7.6,140,0,0,0,0,0,0,1,0,0,1,5,0.63,1,0,Yes,No,No,No,No,1,2026-09-10,21,1,0,0,0,0,0,0,1,4,Current,26,0,0,Low,Diet/Lifestyle,3,Provider Follow-up,4,2026-09-28,1,P2,0
2026-10-01,PT-002231,CM-008,EHR,Northeast,Medicare Advantage,72,Female,English,Phone,0,0,1,0,0,1,0,0,0,2,1.38,Medium,0,2,0,0,,,149,0,0,0,0,0,0,1,1,0,0,8,0.86,0,1,Yes,Unknown,No,No,Unknown,1,2026-08-13,49,0,0,0,0,1,0,0,0,3,Current,83,0,0,Limited,Medication,2,Care Gap Closure,0,2026-09-28,1,P3,0
2026-10-01,PT-002232,CM-009,EHR,Midwest,Medicare Advantage,65,Male,English,Phone,1,0,0,0,0,0,1,0,0,2,0.97,Low,0,0,0,0,,11.0,129,0,1,1,0,0,0,0,0,0,0,7,0.96,0,0,No,Yes,Unknown,No,No,1,2026-10-01,0,0,0,0,0,0,1,1,0,1,Needs Review,100,0,0,Limited,Diet/Lifestyle,2,Provider Follow-up,1,2026-09-30,1,P4,0
2026-10-01,PT-002233,CM-002,CareMgmt,Northeast,Medicare Advantage,79,Female,English,Phone,0,0,0,0,0,1,0,0,0,1,1.1,Low,0,0,0,0,,,144,0,0,0,0,0,0,0,0,0,0,5,1.0,0,0,Unknown,No,Unknown,Yes,No,1,2026-09-21,10,0,0,0,0,0,0,0,0,0,Current,11,0,0,Low,Diabetes,0,Patient Education,0,2026-10-01,0,P4,0
2026-10-01,PT-002234,CM-010,CareMgmt,Northeast,Commercial Complex Care,51,Male,English,Phone,1,0,0,0,0,0,0,0,0,1,0.82,Low,0,0,0,0,,,132,0,0,0,0,0,0,1,0,0,0,5,1.0,0,0,No,No,No,Yes,No,1,2026-09-24,7,3,0,0,0,0,0,1,0,2,Needs Review,130,0,0,Adequate,Diet/Lifestyle,1,Medication Review,0,2026-09-30,1,P2,0
2026-10-01,PT-002235,CM-003,EHR,Southwest,Medicare Advantage,79,Male,English,Caregiver,0,1,0,0,0,0,0,0,0,1,0.68,Low,0,0,0,0,,,154,0,0,0,1,0,0,0,0,0,0,7,1.0,0,0,No,No,No,No,No,0,2026-10-01,0,1,0,0,0,0,0,0,0,3,Current,6,0,0,Adequate,COPD,1,Patient Outreach,1,2026-10-05,0,P1,0
2026-10-01,PT-002236,CM-009,Pharmacy,Southeast,Dual Eligible,70,Male,English,SMS,0,1,0,0,0,0,0,0,1,1,1.38,Low,0,1,0,1,14,,135,0,0,0,0,0,1,0,0,0,0,4,0.84,0,0,No,No,Unknown,Unknown,No,0,2026-08-23,39,1,1,0,0,0,0,0,1,1,Not Started,,0,0,Adequate,Medication,1,Patient Outreach,0,2026-09-30,1,P1,0
2026-10-01,PT-002237,CM-013,CareMgmt,Mid-Atlantic,Medicare Advantage,70,Female,Other,Phone,1,1,0,1,0,0,0,0,0,3,1.29,High,1,0,1,0,,7.8,142,0,1,1,1,0,0,0,0,0,0,7,0.66,1,0,Yes,No,No,No,No,1,2026-09-11,20,0,1,0,0,0,0,0,0,4,Needs Review,126,0,0,Low,Medication,4,Medication Review,9,2026-09-29,1,P1,0
2026-10-01,PT-002238,CM-009,CareMgmt,Northeast,Dual Eligible,74,Female,English,Phone,1,1,0,0,0,0,0,0,0,2,1.0,Medium,1,0,0,0,,7.4,129,1,1,0,0,0,0,1,0,0,0,5,0.72,1,0,No,Unknown,No,No,No,0,2026-08-28,34,1,1,0,0,0,0,0,0,3,Overdue,273,0,1,Limited,None,4,Care Gap Closure,0,2026-10-04,0,P1,0
2026-10-01,PT-002239,CM-001,CareMgmt,Northeast,Medicare Advantage,71,Male,English,Phone,1,0,0,0,0,0,0,0,0,1,0.78,Low,1,0,0,0,,9.6,111,1,1,0,0,0,0,0,1,0,1,6,0.93,0,0,No,No,No,Unknown,No,0,2026-08-30,32,3,1,0,0,0,0,0,0,3,Needs Review,141,0,0,Adequate,Diabetes,4,Post-Discharge Follow-up,4,2026-10-03,0,P3,1
2026-10-01,PT-002240,CM-012,Claims,Northeast,Medicaid Managed Care,31,Female,English,Portal,0,0,0,0,0,1,0,0,0,1,0.95,Low,0,1,0,0,,,117,0,0,0,0,0,0,0,0,0,0,6,0.77,1,0,No,Yes,No,No,Yes,2,2026-08-26,36,1,1,0,0,0,0,0,0,3,Needs Review,114,0,0,Limited,CHF,1,Care Gap Closure,1,2026-10-04,0,P2,0
2026-10-01,PT-002241,CM-005,CareMgmt,Northeast,Medicaid Managed Care,42,Male,English,Caregiver,0,0,0,0,0,0,0,0,0,0,0.76,Low,0,0,0,0,,,124,0,0,0,0,0,1,0,0,0,0,3,0.91,0,0,No,No,No,No,Yes,1,2026-09-18,13,0,1,1,0,0,0,0,1,0,Current,16,1,0,Low,Medication,1,Social Resource Referral,6,2026-09-29,1,P3,0
2026-10-01,PT-002242,CM-009,CareMgmt,Midwest,Dual Eligible,74,Female,English,Phone,0,0,0,0,0,0,0,0,0,0,0.63,Low,0,0,0,0,,,132,0,0,0,0,0,0,0,0,0,0,3,0.86,0,0,No,Yes,Yes,No,No,2,2026-08-26,36,0,1,0,1,0,1,0,0,0,Overdue,330,0,0,Adequate,None,0,Post-Discharge Follow-up,0,2026-10-01,0,P3,0
2026-10-01,PT-002243,CM-002,Pharmacy,Midwest,Medicare Advantage,79,Male,English,Phone,0,1,0,0,1,0,0,0,0,2,0.89,Medium,0,0,0,0,,,150,0,0,0,1,0,0,1,0,0,0,6,1.0,0,0,No,No,No,No,Yes,1,2026-07-30,63,0,0,0,0,0,0,0,0,1,Needs Review,118,0,0,Low,Diabetes,2,Patient Outreach,1,2026-10-02,0,P4,0
2026-10-01,PT-002244,CM-002,CareMgmt,Midwest,Dual Eligible,73,Female,English,SMS,0,0,0,0,0,1,0,0,0,1,1.03,Low,1,0,1,0,,,141,0,0,0,0,0,0,0,0,0,0,3,0.83,0,0,Yes,No,No,No,No,1,2026-08-02,60,2,1,0,0,0,0,1,0,2,Current,7,0,0,Unknown,Medication,0,Patient Outreach,6,2026-10-05,0,P2,0
2026-10-01,PT-002245,CM-014,Claims,Midwest,Medicaid Managed Care,57,Female,English,SMS,0,1,0,0,0,0,0,0,0,1,0.77,Low,0,1,0,0,,,137,0,0,0,0,0,0,0,0,0,0,6,0.86,0,0,No,Unknown,No,No,No,0,2026-09-15,16,0,0,0,0,0,0,0,0,0,Needs Review,117,1,0,Adequate,CHF,0,Medication Review,3,2026-09-29,1,P2,0
2026-10-01,PT-002246,CM-008,EHR,Midwest,Dual Eligible,78,Male,Other,Phone,0,0,0,0,0,0,0,0,0,0,1.25,Low,0,0,0,0,,,130,0,0,0,0,0,0,0,0,0,0,3,0.47,1,0,No,Yes,No,No,No,1,2026-09-04,27,0,0,0,0,0,0,0,0,1,Overdue,210,1,0,Adequate,Appointment Preparation,1,Social Resource Referral,0,2026-10-05,0,P4,0
2026-10-01,PT-002247,CM-012,Claims,Southwest,Dual Eligible,55,Male,English,Phone,0,1,0,0,0,0,0,0,0,1,0.93,Low,0,0,0,0,,,143,0,0,0,1,0,0,0,0,0,0,6,0.98,0,0,No,No,No,No,No,0,2026-09-10,21,1,0,0,1,0,0,0,0,1,Current,7,0,0,Adequate,None,1,Social Resource Referral,6,2026-10-01,0,P3,0
2026-10-01,PT-002248,CM-014,CareMgmt,Southwest,Dual Eligible,72,Male,English,Phone,1,1,0,0,0,1,0,0,0,3,1.65,Medium,0,0,0,0,,6.2,152,0,0,1,1,0,0,0,0,0,1,6,0.58,1,0,No,No,No,No,No,0,2026-09-19,12,4,0,0,1,0,0,1,0,3,Overdue,319,0,0,Limited,Diet/Lifestyle,4,Care Gap Closure,1,2026-09-28,1,P1,0
2026-10-01,PT-002249,CM-011,Pharmacy,Mid-Atlantic,Medicaid Managed Care,55,Male,Other,Phone,0,0,0,0,1,1,0,0,0,2,1.29,Medium,0,0,0,0,,,138,0,0,0,0,0,0,0,1,1,0,8,0.6,1,0,Yes,Unknown,No,No,Unknown,1,2026-09-13,18,0,0,1,1,0,0,0,0,1,Current,83,1,0,Adequate,Medication,3,Care Gap Closure,10,2026-09-30,1,P3,0
2026-10-01,PT-002250,CM-016,CareMgmt,Midwest,Commercial Complex Care,77,Female,English,Phone,1,1,1,0,0,1,0,0,0,4,1.29,High,0,0,0,0,,9.1,143,0,1,0,1,0,0,1,0,1,0,7,0.83,0,0,No,No,No,Unknown,No,0,2026-09-20,11,0,1,0,0,0,0,0,0,2,Overdue,226,0,0,Adequate,None,4,Social Resource Referral,4,2026-09-28,1,P3,0
2026-10-01,PT-002251,CM-002,EHR,Northeast,Medicare Advantage,71,Male,Chinese,SMS,0,1,0,0,0,0,0,0,0,1,1.0,Low,0,0,0,0,,,136,0,0,0,0,0,0,1,0,0,1,6,0.76,1,0,No,No,No,No,No,0,2026-09-16,15,0,0,0,0,0,0,0,0,1,Needs Review,114,0,1,Adequate,Discharge Instructions,3,Care Plan Update,4,2026-09-27,1,P3,0
2026-10-01,PT-002252,CM-017,HIE,Mid-Atlantic,Medicare Advantage,68,Male,English,Phone,0,1,0,1,0,0,0,0,0,2,1.0,Medium,0,0,0,0,,,159,0,0,0,1,0,0,0,1,0,0,8,0.74,1,0,No,No,No,No,Yes,1,2026-08-27,35,0,0,0,0,0,0,0,0,1,Not Started,,0,0,Limited,None,3,Patient Outreach,0,2026-10-04,0,P4,0
2026-10-01,PT-002253,CM-012,CareMgmt,Mid-Atlantic,Medicaid Managed Care,45,Male,English,Phone,0,0,0,0,0,0,0,0,0,0,0.78,Low,0,0,0,0,,,127,0,0,0,0,0,0,0,0,0,0,5,0.93,0,0,Yes,Yes,No,Yes,Yes,4,2026-08-12,50,0,0,0,1,0,1,0,0,0,Current,16,0,0,Adequate,Diet/Lifestyle,0,Post-Discharge Follow-up,6,2026-10-05,0,P4,0
2026-10-01,PT-002254,CM-010,CareMgmt,Mid-Atlantic,Dual Eligible,80,Male,English,Phone,1,0,1,0,1,0,0,0,0,3,1.57,High,0,0,3,0,,7.7,157,1,0,1,0,0,0,0,0,0,0,7,0.97,0,0,No,Yes,No,No,No,1,2026-09-01,30,0,0,0,0,0,0,0,0,3,Current,15,0,1,Limited,Diet/Lifestyle,2,Post-Discharge Follow-up,3,2026-09-28,1,P3,0
2026-10-01,PT-002255,CM-003,Pharmacy,Mid-Atlantic,Medicare Advantage,71,Female,Spanish,Portal,0,1,0,0,0,0,0,0,0,1,0.33,Low,0,0,0,0,,,127,0,0,0,0,0,0,0,0,0,0,4,1.0,0,0,Yes,No,Unknown,No,No,1,2026-09-28,3,0,0,0,0,0,0,0,0,0,Current,39,0,0,Adequate,None,0,Patient Outreach,4,2026-10-03,0,P1,0
2026-10-01,PT-002256,CM-008,Pharmacy,Northeast,Commercial Complex Care,28,Female,English,Caregiver,0,0,0,0,0,0,0,1,0,1,0.84,Low,0,0,0,0,,,102,0,0,0,0,0,0,0,0,0,0,8,0.96,0,1,Unknown,No,No,No,No,0,2026-09-24,7,0,0,0,0,0,0,1,0,0,Needs Review,91,0,0,Adequate,None,0,Care Gap Closure,7,2026-10-04,0,P4,0
2026-10-01,PT-002257,CM-018,Claims,Midwest,Medicaid Managed Care,50,Female,English,Phone,0,1,0,0,0,0,0,0,0,1,0.91,Medium,0,0,0,1,21,,126,0,0,0,0,0,1,1,0,0,0,7,0.77,1,0,No,No,Yes,No,No,1,2026-09-23,8,1,1,0,0,0,0,1,1,2,Not Started,,0,0,Adequate,CHF,3,Patient Education,2,2026-10-02,0,P2,0
2026-10-01,PT-002258,CM-012,Pharmacy,Northeast,Medicare Advantage,76,Female,Spanish,Portal,0,0,0,0,1,0,0,0,0,1,1.19,Low,0,0,0,0,,,144,0,0,0,0,0,0,0,0,0,0,8,0.8,0,0,No,No,No,Yes,Unknown,1,2026-08-14,48,1,0,0,0,0,0,0,0,3,Overdue,251,0,0,Adequate,None,0,Patient Education,6,2026-10-06,0,P4,0
2026-10-01,PT-002259,CM-011,CareMgmt,Southeast,Commercial Complex Care,44,Male,English,Caregiver,0,0,0,0,0,0,0,0,0,0,0.84,Low,0,0,0,0,,,141,0,0,0,0,0,0,0,0,0,0,3,0.98,0,1,No,No,No,No,No,0,2026-08-30,32,0,1,0,0,0,0,0,0,2,Current,28,0,0,Unknown,Discharge Instructions,0,Medication Review,12,2026-10-05,0,P2,0
2026-10-01,PT-002260,CM-012,Pharmacy,Midwest,Medicare Advantage,76,Male,English,Phone,1,0,0,0,0,0,0,0,0,1,0.75,Low,0,0,0,0,,,138,1,0,0,0,0,0,1,1,0,1,6,0.82,0,0,No,No,Unknown,Unknown,No,0,2026-09-02,29,2,0,0,0,0,0,0,0,1,Current,27,0,1,Adequate,Medication,4,Provider Follow-up,3,2026-10-04,0,P2,0
2026-10-01,PT-002261,CM-018,CareMgmt,Northeast,Medicare Advantage,69,Female,English,Portal,0,0,0,0,0,0,0,0,0,0,0.93,Low,0,0,0,0,,,131,0,0,0,0,0,0,0,1,0,0,3,0.61,1,0,Yes,No,Yes,No,No,2,2026-08-08,54,0,1,0,0,0,0,0,0,0,Overdue,274,0,0,Limited,Medication,2,Patient Outreach,7,2026-09-29,1,P3,0
2026-10-01,PT-002262,CM-010,Claims,Northeast,Medicaid Managed Care,45,Female,Spanish,Phone,0,0,0,0,0,0,0,0,0,0,0.6,Low,0,1,0,0,,,100,0,0,0,0,0,0,0,0,0,0,3,0.75,1,0,No,No,No,No,No,0,2026-09-13,18,0,1,0,0,0,0,0,0,1,Needs Review,93,0,0,Adequate,Medication,1,Post-Discharge Follow-up,1,2026-09-28,1,P4,0
2026-10-01,PT-002263,CM-017,EHR,Southeast,Medicare Advantage,75,Female,English,Portal,1,0,1,0,1,0,0,0,0,3,1.93,Medium,1,0,0,0,,7.4,118,0,0,1,0,0,0,0,0,0,0,9,1.0,0,0,No,No,No,No,No,0,2026-09-10,21,0,0,0,0,0,0,0,1,4,Current,16,0,0,Adequate,Diet/Lifestyle,1,Care Gap Closure,6,2026-09-28,1,P4,0
2026-10-01,PT-002264,CM-016,CareMgmt,Midwest,Dual Eligible,80,Female,Chinese,Portal,1,1,1,0,0,0,0,0,0,3,1.39,Medium,0,0,0,0,,9.7,146,0,0,0,1,0,0,0,0,0,0,7,0.73,1,0,No,No,No,No,No,0,2026-09-19,12,0,0,0,0,0,0,0,0,1,Overdue,246,0,0,Adequate,Appointment Preparation,2,Patient Education,2,2026-09-29,1,P3,0
2026-10-01,PT-002265,CM-017,Claims,Midwest,Medicare Advantage,68,Male,English,Phone,0,1,0,0,0,0,1,0,0,2,1.05,Medium,3,0,0,0,,,147,0,0,0,1,0,0,1,0,0,0,7,1.0,0,1,No,No,No,No,No,0,2026-09-02,29,0,0,0,0,0,0,0,0,2,Current,33,0,0,Limited,Diet/Lifestyle,2,Social Resource Referral,9,2026-09-30,1,P4,0
2026-10-01,PT-002266,CM-015,CareMgmt,Mid-Atlantic,Medicare Advantage,89,Male,Spanish,SMS,1,1,1,0,0,0,0,0,1,3,1.44,High,1,0,0,0,,8.4,129,0,1,0,0,0,0,0,0,0,1,5,0.83,0,0,Yes,No,Yes,No,Unknown,2,2026-10-01,0,0,1,0,1,0,0,0,0,3,Needs Review,115,0,0,Adequate,Diabetes,2,Patient Outreach,6,2026-10-03,0,P3,0
2026-10-01,PT-002267,CM-013,EHR,Northeast,Medicaid Managed Care,40,Male,Chinese,Phone,1,0,0,0,1,0,0,0,0,2,1.47,Medium,0,0,0,0,,7.2,135,0,0,0,0,0,0,0,0,0,0,7,0.88,0,1,Unknown,No,Yes,No,Yes,2,2026-09-04,27,4,0,0,0,0,0,0,0,1,Current,46,0,0,Low,None,0,Social Resource Referral,10,2026-10-04,0,P3,0
2026-10-01,PT-002268,CM-005,CareMgmt,Southeast,Medicaid Managed Care,43,Male,English,Phone,0,0,1,0,0,0,0,0,0,1,0.87,Medium,0,0,0,0,,,141,0,0,0,0,0,0,0,0,0,0,7,0.65,1,0,No,No,No,No,Yes,1,2026-09-09,22,0,1,0,0,0,0,0,0,2,Not Started,,0,1,Unknown,None,1,Patient Outreach,9,2026-09-28,1,P1,0
2026-10-01,PT-002269,CM-015,CareMgmt,Northeast,Medicaid Managed Care,48,Male,Chinese,Portal,0,0,0,0,0,1,0,0,0,1,0.76,Low,0,0,0,0,,,129,0,0,0,0,0,0,0,0,0,0,2,0.73,1,1,No,No,No,No,No,0,2026-09-28,3,0,0,0,0,1,0,0,0,2,Overdue,197,0,0,Limited,Diet/Lifestyle,1,Care Plan Update,2,2026-09-27,1,P4,0
2026-10-01,PT-002270,CM-010,CareMgmt,Mid-Atlantic,Medicare Advantage,77,Male,English,SMS,0,0,0,0,0,0,1,0,0,1,1.11,Low,0,0,0,0,,,140,0,0,0,0,1,0,0,0,0,0,3,1.0,0,1,No,No,Unknown,Yes,No,1,2026-08-19,43,0,0,0,1,0,0,0,1,1,Needs Review,134,0,1,Unknown,None,1,Patient Outreach,8,2026-10-03,0,P4,0
2026-10-01,PT-002271,CM-002,CareMgmt,Northeast,Medicaid Managed Care,38,Male,Other,Portal,0,0,0,0,0,1,0,0,0,1,0.6,Medium,2,1,0,0,,,120,0,0,0,0,0,0,0,0,0,1,7,0.47,1,1,No,No,No,Yes,No,1,2026-08-28,34,0,1,0,0,0,0,1,0,0,Current,30,0,0,Limited,Appointment Preparation,2,Social Resource Referral,12,2026-10-05,0,P2,0
2026-10-01,PT-002272,CM-016,Pharmacy,Northeast,Medicare Advantage,65,Male,English,Phone,0,0,1,0,0,0,1,0,0,2,0.95,Medium,0,0,0,0,,,171,0,0,0,0,0,0,1,0,0,0,5,0.84,0,0,No,No,Unknown,No,No,0,2026-09-25,6,0,0,0,0,0,0,1,1,3,Current,53,0,0,Low,Discharge Instructions,1,Post-Discharge Follow-up,0,2026-09-27,1,P3,0
2026-10-01,PT-002273,CM-005,Claims,Southwest,Medicare Advantage,76,Male,Other,Phone,0,1,0,0,1,0,0,0,0,2,0.87,Low,0,0,0,0,,,143,0,0,0,1,0,0,0,0,0,0,6,0.89,0,0,No,No,No,No,No,0,2026-09-22,9,0,0,0,0,0,0,0,0,1,Current,42,0,0,Adequate,None,1,Patient Outreach,3,2026-09-29,1,P3,0
2026-10-01,PT-002274,CM-005,Claims,Northeast,Medicare Advantage,80,Female,English,Phone,0,1,1,0,0,0,0,0,0,2,1.66,High,4,0,0,1,4,,135,0,0,0,0,0,1,1,0,0,0,8,0.77,1,0,Yes,No,No,Yes,Unknown,2,2026-08-31,31,0,0,0,0,1,0,1,0,4,Current,31,1,0,Low,None,3,Patient Outreach,4,2026-10-06,0,P3,0
2026-10-01,PT-002275,CM-001,HIE,Northeast,Medicare Advantage,81,Female,English,Phone,0,0,0,0,0,0,0,1,0,1,1.32,Low,0,0,0,0,,,101,0,0,0,0,0,0,0,0,0,0,6,0.99,0,0,No,No,No,No,Yes,1,2026-09-17,14,1,0,1,0,0,0,1,0,2,Current,7,0,1,Adequate,Diet/Lifestyle,0,Provider Follow-up,6,2026-10-04,0,P2,0
2026-10-01,PT-002276,CM-009,HIE,Mid-Atlantic,Medicare Advantage,76,Female,English,Phone,0,0,0,0,1,0,1,0,0,2,1.34,Low,0,0,0,0,,,133,0,0,0,0,0,0,0,0,0,1,6,0.81,0,0,No,No,No,No,No,0,2026-08-26,36,0,1,0,0,0,0,0,0,2,Overdue,232,0,0,Limited,None,1,Care Plan Update,1,2026-10-03,0,P2,0
2026-10-01,PT-002277,CM-008,Claims,Southeast,Medicaid Managed Care,37,Female,Bengali,Phone,0,1,0,0,0,1,0,0,0,2,0.95,Medium,0,0,0,0,,,134,0,0,0,0,0,0,0,0,1,0,7,0.69,1,0,No,No,No,No,Yes,1,2026-09-06,25,0,0,0,0,0,0,1,0,2,Not Started,,0,0,Adequate,None,2,Social Resource Referral,0,2026-09-27,1,P4,0
2026-10-01,PT-002278,CM-012,EHR,Southeast,Commercial Complex Care,83,Male,English,Portal,1,1,0,0,0,0,0,1,1,3,1.65,Medium,0,0,1,1,17,7.2,165,0,0,0,1,0,1,0,0,0,0,7,0.89,0,0,No,No,No,No,No,0,2026-10-01,0,0,1,0,1,0,0,1,0,2,Needs Review,110,0,1,Unknown,Appointment Preparation,2,Provider Follow-up,4,2026-10-05,0,P4,0
2026-10-01,PT-002279,CM-002,Claims,Northeast,Medicaid Managed Care,68,Female,English,Phone,1,0,0,0,1,0,0,0,0,2,1.11,Medium,0,0,1,0,,7.6,111,1,0,0,0,0,0,0,0,0,0,7,0.63,1,0,No,Yes,Yes,No,No,2,2026-08-03,59,3,0,0,1,0,0,0,0,3,Needs Review,115,0,0,Limited,Medication,2,Patient Outreach,5,2026-10-02,0,P4,1
2026-10-01,PT-002280,CM-018,Claims,Northeast,Medicare Advantage,83,Male,English,Phone,0,1,0,0,0,0,0,0,0,1,0.78,Low,0,0,0,0,,,134,0,0,0,0,0,0,0,1,0,0,7,0.97,0,0,No,No,No,No,Yes,1,2026-09-17,14,0,0,0,0,1,0,0,0,4,Needs Review,147,0,0,Adequate,None,1,Social Resource Referral,1,2026-10-04,0,P4,0
2026-10-01,PT-002281,CM-010,Pharmacy,Southeast,Dual Eligible,71,Female,Bengali,Phone,1,0,0,0,0,0,0,0,0,1,0.8,Low,0,0,0,0,,7.5,146,0,0,0,0,0,0,0,0,0,0,6,0.54,1,0,No,Yes,No,No,No,1,2026-09-09,22,0,0,0,1,0,1,0,0,4,Current,75,0,0,Limited,Diabetes,1,Social Resource Referral,4,2026-09-30,1,P3,0
2026-10-01,PT-002282,CM-012,EHR,Mid-Atlantic,Medicaid Managed Care,30,Male,Spanish,Phone,1,1,0,0,1,1,0,0,0,4,1.98,High,1,0,1,0,,8.4,140,0,1,0,1,0,0,0,0,0,0,8,0.96,0,0,Yes,Yes,Unknown,Yes,No,3,2026-09-13,18,0,0,0,0,0,0,0,0,1,Current,54,0,1,Adequate,Medication,2,Social Resource Referral,7,2026-10-03,0,P2,0
2026-10-01,PT-002283,CM-005,EHR,Southeast,Medicare Advantage,69,Male,Other,Phone,0,0,0,0,0,0,0,0,0,0,0.92,Low,0,0,0,0,,,155,0,0,0,0,0,0,0,0,0,0,4,0.91,0,0,Yes,No,Yes,Unknown,No,2,2026-08-14,48,0,1,0,0,0,0,0,0,2,Current,19,1,0,Adequate,None,0,Patient Education,6,2026-09-28,1,P3,0
2026-10-01,PT-002284,CM-012,Pharmacy,Mid-Atlantic,Medicare Advantage,80,Male,English,Phone,0,0,0,0,0,0,0,0,0,0,0.89,Low,0,0,0,0,,,114,0,0,0,0,0,0,0,0,0,0,2,0.89,0,1,No,No,No,No,Yes,1,2026-09-03,28,0,0,0,0,0,0,0,1,1,Not Started,,0,0,Adequate,Diet/Lifestyle,0,Post-Discharge Follow-up,5,2026-09-29,1,P4,0
2026-10-01,PT-002285,CM-007,Claims,Midwest,Medicare Advantage,66,Female,English,Caregiver,1,0,0,0,1,0,0,0,0,2,1.39,Medium,1,0,0,1,12,7.2,148,0,0,0,0,1,1,0,0,0,1,8,1.0,0,0,No,No,No,No,No,0,2026-09-26,5,0,0,0,0,0,0,0,0,2,Not Started,,0,0,Limited,Discharge Instructions,3,Patient Outreach,4,2026-10-04,0,P3,0
2026-10-01,PT-002286,CM-002,Pharmacy,Mid-Atlantic,Medicare Advantage,92,Female,English,Portal,0,1,0,0,0,0,1,0,0,2,1.01,Medium,2,0,1,0,,,147,0,0,0,1,0,0,1,0,0,0,9,0.89,0,0,Yes,No,Unknown,No,No,1,2026-09-18,13,1,0,0,0,1,0,1,0,3,Current,38,0,0,Low,Appointment Preparation,2,Patient Outreach,0,2026-10-01,0,P3,0
2026-10-01,PT-002287,CM-006,CareMgmt,Southeast,Medicaid Managed Care,68,Female,English,Phone,1,1,0,0,0,0,1,0,0,3,1.04,Low,0,0,0,0,,7.1,113,0,0,0,0,0,0,0,0,0,0,6,0.86,0,0,Yes,No,No,No,No,1,2026-10-01,0,0,1,0,1,0,0,0,0,5,Needs Review,123,1,0,Limited,Diabetes,0,Patient Outreach,0,2026-09-30,1,P4,0
2026-10-01,PT-002288,CM-011,HIE,Northeast,Medicaid Managed Care,49,Male,Unknown,SMS,0,1,0,0,1,0,0,0,0,2,1.11,Medium,0,0,0,0,,,143,0,0,0,1,0,0,0,0,0,0,5,1.0,0,0,No,Yes,No,No,Unknown,1,2026-09-11,20,0,0,0,0,1,0,1,0,2,Current,4,1,0,Adequate,Appointment Preparation,1,Patient Outreach,2,2026-09-28,1,P4,0
2026-10-01,PT-002289,CM-013,HIE,Southeast,Medicare Advantage,55,Female,English,Phone,0,0,0,0,0,0,0,0,0,0,0.72,Low,0,0,0,0,,,136,0,0,0,0,0,0,0,0,0,0,1,1.0,0,0,Unknown,Yes,No,No,Yes,2,2026-08-19,43,0,0,0,0,0,1,0,0,1,Current,21,0,0,Adequate,Diet/Lifestyle,0,Provider Follow-up,2,2026-10-05,0,P3,0
2026-10-01,PT-002290,CM-015,EHR,Southeast,Medicare Advantage,69,Female,English,Caregiver,0,1,0,1,1,0,0,0,0,3,1.67,High,4,0,1,0,,,139,0,0,0,0,0,0,0,1,0,0,9,0.96,0,1,No,No,No,No,Unknown,0,2026-08-25,37,3,0,0,0,0,0,1,0,3,Current,16,1,0,Adequate,None,1,Provider Follow-up,4,2026-09-30,1,P4,0
2026-10-01,PT-002291,CM-006,Claims,Midwest,Commercial Complex Care,36,Male,English,Portal,0,0,0,0,0,0,0,0,0,0,0.58,Low,0,0,0,0,,,103,0,0,0,0,0,0,0,0,0,0,3,0.8,0,0,No,No,No,No,Yes,1,2026-08-03,59,1,1,0,0,0,0,0,0,2,Current,67,2,0,Adequate,Medication,0,Patient Outreach,3,2026-10-02,0,P4,0
2026-10-01,PT-002292,CM-014,Pharmacy,Southwest,Medicare Advantage,77,Female,English,SMS,1,0,0,0,0,0,0,0,0,1,0.85,Low,0,0,0,0,,6.8,114,0,0,0,0,0,0,0,1,0,0,1,0.76,0,0,Unknown,No,No,No,No,0,2026-09-26,5,0,0,0,0,0,0,0,0,2,Current,71,1,0,Adequate,None,1,Social Resource Referral,2,2026-10-01,0,P2,0
2026-10-01,PT-002293,CM-006,HIE,Southeast,Medicare Advantage,83,Female,Unknown,Phone,0,1,0,0,0,0,0,1,0,2,0.79,Low,0,0,0,0,,,147,0,0,0,1,0,0,0,0,0,0,7,0.75,1,0,No,No,No,No,No,0,2026-08-27,35,0,1,0,0,1,0,1,0,0,Current,49,0,0,Limited,Discharge Instructions,2,Medication Review,10,2026-09-27,1,P2,0
2026-10-01,PT-002294,CM-010,CareMgmt,Southwest,Dual Eligible,74,Male,English,Portal,0,1,1,0,0,0,0,0,0,2,1.47,High,6,0,0,0,,,155,0,0,0,1,0,0,0,1,0,0,6,0.84,0,0,No,No,Unknown,No,Yes,1,2026-09-02,29,0,1,0,0,0,0,0,0,3,Current,19,0,0,Adequate,Medication,2,Patient Outreach,5,2026-10-06,0,P3,0
2026-10-01,PT-002295,CM-005,CareMgmt,Southeast,Medicare Advantage,79,Female,English,Phone,0,0,0,1,0,0,0,0,1,1,1.03,Medium,0,0,0,0,,,135,0,0,0,0,0,0,0,1,1,0,7,0.87,0,0,No,No,No,Yes,Unknown,1,2026-09-01,30,0,0,0,0,0,0,0,0,0,Needs Review,118,0,0,Adequate,COPD,2,Social Resource Referral,1,2026-10-02,0,P3,0
2026-10-01,PT-002296,CM-010,CareMgmt,Northeast,Medicare Advantage,72,Female,Other,Caregiver,0,1,1,0,0,0,0,0,0,2,1.13,Medium,1,0,0,0,,,150,0,0,0,1,0,0,0,0,0,0,8,0.64,1,0,No,No,No,No,Yes,1,2026-09-02,29,0,0,0,1,0,0,0,0,2,Current,67,0,1,Adequate,Diet/Lifestyle,2,Patient Outreach,8,2026-09-30,1,P2,0
2026-10-01,PT-002297,CM-012,Pharmacy,Southeast,Medicare Advantage,72,Male,English,Phone,1,0,0,0,0,0,0,0,0,1,0.58,Low,0,0,0,0,,8.5,120,0,0,0,0,0,0,1,1,0,0,5,0.92,0,0,No,No,No,No,No,0,2026-10-01,0,1,0,1,0,0,0,0,0,0,Current,27,0,0,Adequate,Diet/Lifestyle,2,Care Gap Closure,3,2026-10-03,0,P1,0
2026-10-01,PT-002298,CM-005,CareMgmt,Southeast,Medicare Advantage,70,Male,English,SMS,1,0,0,0,0,0,0,0,0,1,0.98,Low,0,0,0,0,,8.5,133,0,1,1,0,0,0,0,1,0,0,6,1.0,0,0,Yes,No,No,No,Unknown,1,2026-08-21,41,2,0,0,0,0,0,0,0,4,Needs Review,118,0,0,Limited,Diabetes,3,Social Resource Referral,7,2026-09-27,1,P2,0
2026-10-01,PT-002299,CM-008,Claims,Southeast,Medicaid Managed Care,61,Male,English,SMS,0,0,0,1,0,0,1,0,0,2,1.36,Medium,0,0,0,0,,,123,0,0,0,0,0,0,0,0,0,0,10,0.77,1,0,Yes,No,No,No,Yes,2,2026-09-21,10,0,0,0,0,0,0,0,0,4,Current,3,0,0,Adequate,Diet/Lifestyle,1,Patient Education,6,2026-09-27,1,P4,0
2026-10-01,PT-002300,CM-014,HIE,Midwest,Medicare Advantage,77,Male,Spanish,Phone,0,0,0,0,0,0,0,0,0,0,0.71,Low,0,0,0,0,,,126,0,0,0,0,0,0,0,1,0,0,7,0.81,0,0,Yes,No,No,Unknown,No,1,2026-09-19,12,1,0,0,0,0,0,0,0,1,Current,20,0,1,Adequate,Diet/Lifestyle,1,Care Gap Closure,8,2026-09-27,1,P4,0
2026-10-01,PT-002301,CM-002,CareMgmt,Midwest,Medicare Advantage,69,Male,English,Phone,1,0,0,1,0,0,0,0,0,2,0.84,Medium,0,0,0,0,,7.2,126,1,0,0,0,1,0,0,0,0,0,8,0.99,0,0,No,No,Yes,Unknown,No,1,2026-08-23,39,2,1,0,0,0,0,0,0,1,Current,25,0,0,Adequate,Diet/Lifestyle,2,Patient Outreach,7,2026-10-04,0,P3,0
2026-10-01,PT-002302,CM-016,CareMgmt,Northeast,Dual Eligible,87,Male,English,Phone,0,1,0,0,0,1,0,0,0,2,1.17,Low,0,0,0,0,,,133,0,0,0,0,0,0,0,0,0,0,8,0.94,0,0,No,No,Unknown,No,No,0,2026-08-27,35,1,0,0,0,0,0,0,0,1,Overdue,205,0,0,Adequate,Diet/Lifestyle,0,Patient Education,0,2026-10-04,0,P3,0
2026-10-01,PT-002303,CM-008,EHR,Southeast,Medicare Advantage,69,Male,English,SMS,1,1,0,0,1,0,0,0,0,3,1.46,Medium,1,0,0,0,,10.8,129,1,1,1,0,0,0,0,0,0,0,6,0.65,1,1,No,No,No,No,No,0,2026-09-02,29,0,1,0,0,0,0,1,0,3,Current,86,1,0,Limited,Diet/Lifestyle,4,Care Gap Closure,0,2026-10-02,0,P2,0
2026-10-01,PT-002304,CM-004,Pharmacy,Northeast,Dual Eligible,64,Male,English,Portal,0,0,0,0,1,0,0,0,0,1,1.55,Medium,1,0,0,0,,,138,0,0,0,0,0,0,0,0,0,0,5,0.7,1,1,No,Unknown,No,No,Yes,1,2026-09-24,7,0,0,0,0,0,0,0,0,1,Current,9,0,1,Unknown,None,1,Patient Outreach,6,2026-09-27,1,P4,0
2026-10-01,PT-002305,CM-005,HIE,Southwest,Commercial Complex Care,72,Male,English,Phone,1,1,0,0,0,0,0,0,0,2,1.02,Low,0,0,0,0,,7.3,130,0,0,1,0,0,0,0,0,0,1,6,0.96,0,1,No,No,No,No,No,0,2026-09-12,19,0,1,0,0,0,0,0,0,1,Overdue,343,0,0,Adequate,Diet/Lifestyle,2,Care Plan Update,6,2026-09-27,1,P4,0
2026-10-01,PT-002306,CM-008,CareMgmt,Southeast,Medicare Advantage,71,Female,English,Phone,1,0,1,0,0,0,0,0,0,2,1.53,Medium,1,0,0,0,,7.5,100,0,0,0,0,0,0,0,0,0,0,10,0.65,1,1,No,No,No,No,No,0,2026-09-28,3,0,0,1,0,1,0,0,0,2,Overdue,151,0,0,Limited,Diet/Lifestyle,1,Patient Outreach,1,2026-10-04,0,P2,0
2026-10-01,PT-002307,CM-013,EHR,Southeast,Medicare Advantage,79,Female,English,Phone,0,1,1,1,0,0,1,0,0,4,1.98,High,4,0,0,0,,,140,0,0,0,1,0,0,0,1,0,0,9,0.8,0,0,No,No,No,No,No,0,2026-09-08,23,1,0,0,0,0,0,0,0,1,Current,14,0,0,Low,Medication,2,Patient Outreach,7,2026-10-03,0,P3,0
2026-10-01,PT-002308,CM-007,HIE,Northeast,Medicare Advantage,73,Male,English,Portal,0,1,0,0,1,1,0,0,0,3,1.85,Medium,0,0,0,0,,,131,0,0,0,0,0,1,0,1,1,0,10,0.82,0,0,No,Yes,Unknown,Unknown,Unknown,1,2026-08-13,49,1,0,0,0,0,1,1,0,2,Needs Review,111,0,0,Low,Appointment Preparation,3,Care Gap Closure,0,2026-10-05,0,P1,1
2026-10-01,PT-002309,CM-001,Pharmacy,Midwest,Medicaid Managed Care,27,Male,Chinese,Phone,1,0,0,0,0,0,0,0,0,1,1.0,Low,2,0,0,0,,6.2,124,0,1,0,0,0,0,0,0,0,0,6,0.78,1,0,No,No,No,No,No,0,2026-09-17,14,0,1,0,0,0,0,0,0,2,Overdue,161,0,0,Limited,Appointment Preparation,2,Patient Education,4,2026-10-03,0,P1,0
2026-10-01,PT-002310,CM-008,CareMgmt,Mid-Atlantic,Dual Eligible,82,Female,English,Phone,0,1,1,0,0,0,0,0,0,2,1.42,Medium,0,1,0,0,,,150,0,0,0,1,0,0,0,0,0,0,7,0.71,1,0,No,No,No,No,No,0,2026-08-27,35,0,0,0,1,0,0,0,0,2,Overdue,245,0,0,Limited,Medication,2,Patient Education,1,2026-10-04,0,P3,0
2026-10-01,PT-002311,CM-011,CareMgmt,Southeast,Medicare Advantage,74,Female,Spanish,Caregiver,1,0,0,0,0,0,1,0,0,2,1.09,Medium,1,0,0,0,,8.6,153,0,0,0,0,0,0,0,0,0,0,3,0.71,1,0,No,No,Yes,No,No,1,2026-09-12,19,0,0,0,0,0,0,0,0,2,Overdue,344,0,0,Limited,None,1,Care Gap Closure,0,2026-10-01,0,P3,0
2026-10-01,PT-002312,CM-004,Pharmacy,Mid-Atlantic,Medicare Advantage,70,Male,Other,SMS,1,0,0,0,0,0,0,0,0,1,0.8,Low,0,0,0,0,,8.6,137,0,0,0,0,0,0,1,0,0,1,7,0.96,0,0,No,Yes,No,No,No,1,2026-09-21,10,0,0,0,1,0,1,0,0,0,Current,10,0,0,Adequate,Diabetes,2,Care Gap Closure,9,2026-10-05,0,P1,0
2026-10-01,PT-002313,CM-005,EHR,Southwest,Commercial Complex Care,69,Male,English,Phone,0,0,0,1,0,0,0,0,0,1,0.53,Low,0,0,0,0,,,147,0,0,0,0,0,0,0,1,0,0,2,0.8,0,0,No,No,No,No,No,0,2026-09-01,30,0,0,1,0,0,0,0,0,3,Current,79,0,0,Low,Diet/Lifestyle,1,Medication Review,5,2026-09-30,1,P2,0
2026-10-01,PT-002314,CM-009,HIE,Southeast,Medicare Advantage,82,Female,English,Caregiver,1,1,0,0,1,0,0,0,0,3,1.5,Medium,0,1,0,0,,9.0,119,0,1,0,0,0,0,0,0,0,0,11,0.87,0,0,No,No,No,No,No,0,2026-09-17,14,0,1,0,0,0,0,0,0,2,Current,41,0,0,Low,None,1,Medication Review,0,2026-10-01,0,P3,0
2026-10-01,PT-002315,CM-006,EHR,Mid-Atlantic,Medicare Advantage,70,Male,Other,Phone,0,1,0,0,0,0,0,0,0,1,1.28,Medium,0,0,0,0,,,119,0,0,0,0,0,0,1,1,0,0,6,0.67,1,0,Yes,No,No,Unknown,Yes,2,2026-08-15,47,0,0,0,1,0,0,0,0,2,Needs Review,130,0,0,Adequate,None,3,Social Resource Referral,8,2026-10-03,0,P2,0
2026-10-01,PT-002316,CM-005,CareMgmt,Midwest,Medicare Advantage,77,Male,English,Phone,0,0,1,0,0,0,0,0,0,1,1.3,Medium,0,0,1,0,,,152,0,0,0,0,1,0,1,0,0,0,6,0.69,1,0,No,Unknown,Unknown,No,No,0,2026-09-03,28,0,0,1,0,1,0,0,0,0,Current,79,0,0,Low,Diet/Lifestyle,3,Patient Outreach,0,2026-10-06,0,P2,0
2026-10-01,PT-002317,CM-016,CareMgmt,Midwest,Medicaid Managed Care,65,Female,Spanish,SMS,0,1,0,0,0,0,0,0,0,1,0.57,Low,0,0,0,0,,,145,0,0,0,1,0,0,0,0,0,0,8,0.86,0,0,No,No,No,No,No,0,2026-09-22,9,0,0,0,0,0,0,0,0,2,Overdue,243,0,0,Adequate,Medication,1,Post-Discharge Follow-up,15,2026-09-27,1,P2,0
2026-10-01,PT-002318,CM-010,Claims,Midwest,Medicare Advantage,66,Male,Spanish,Phone,1,1,1,0,0,0,0,1,0,4,1.57,High,0,0,1,0,,9.2,129,0,1,1,0,0,0,0,0,0,1,11,0.64,1,0,No,No,No,No,No,0,2026-09-16,15,1,1,0,0,0,0,1,1,4,Needs Review,100,0,0,Adequate,None,4,Patient Outreach,2,2026-10-03,0,P3,1
2026-10-01,PT-002319,CM-015,CareMgmt,Southeast,Dual Eligible,74,Male,Other,Phone,1,0,0,1,0,0,0,1,0,3,1.13,High,0,0,0,1,20,7.0,129,0,0,1,0,1,0,0,0,0,1,10,0.98,0,0,No,No,No,Yes,No,1,2026-09-02,29,0,0,0,0,0,0,0,0,2,Needs Review,115,2,0,Low,Discharge Instructions,3,Care Gap Closure,1,2026-09-30,1,P4,0
2026-10-01,PT-002320,CM-009,CareMgmt,Mid-Atlantic,Medicare Advantage,79,Female,English,Phone,0,0,0,0,0,0,1,0,0,1,1.19,Low,0,0,0,0,,,156,0,0,0,0,0,0,0,0,0,0,3,1.0,0,1,No,No,Unknown,No,No,0,2026-08-30,32,0,0,0,0,0,0,0,0,3,Overdue,199,2,0,Limited,Medication,0,Care Plan Update,0,2026-10-03,0,P2,0
2026-10-01,PT-002321,CM-011,Claims,Northeast,Medicare Advantage,68,Male,Spanish,SMS,0,0,0,0,0,0,0,0,0,0,1.02,Low,0,0,0,0,,,150,0,0,0,0,0,0,0,1,0,0,2,0.54,1,0,No,No,No,No,No,0,2026-09-22,9,0,0,0,0,0,0,0,0,0,Current,74,0,0,Unknown,Diet/Lifestyle,2,Medication Review,3,2026-10-02,0,P3,0
2026-10-01,PT-002322,CM-008,Pharmacy,Midwest,Medicare Advantage,76,Female,English,Phone,1,0,0,0,0,0,0,0,0,1,1.11,Low,0,0,0,0,,8.0,136,0,1,0,0,0,0,0,0,0,0,5,0.85,0,0,No,No,No,No,No,0,2026-10-01,0,1,0,0,0,0,0,0,0,1,Current,44,0,0,Limited,None,1,Patient Education,0,2026-09-30,1,P2,0
2026-10-01,PT-002323,CM-005,Claims,Mid-Atlantic,Medicare Advantage,75,Female,English,Phone,0,1,0,0,1,0,0,0,0,2,1.21,Medium,1,0,0,0,,,130,0,0,0,0,0,0,0,0,0,0,7,0.79,1,0,No,No,No,Unknown,No,0,2026-09-03,28,0,1,0,0,0,0,0,0,2,Current,20,0,0,Adequate,Diet/Lifestyle,1,Patient Outreach,4,2026-10-06,0,P2,0
2026-10-01,PT-002324,CM-011,EHR,Mid-Atlantic,Medicare Advantage,68,Female,Other,Portal,0,0,0,0,0,0,0,0,0,0,0.93,Low,0,0,0,0,,,135,0,0,0,0,0,0,0,0,0,0,5,0.91,0,1,No,No,No,No,No,0,2026-09-27,4,1,0,0,0,0,0,0,1,2,Current,51,0,0,Limited,CHF,0,Post-Discharge Follow-up,6,2026-10-04,0,P3,0
2026-10-01,PT-002325,CM-012,EHR,Southeast,Dual Eligible,77,Female,English,Phone,1,1,0,0,0,0,0,0,0,2,0.32,Medium,0,0,0,0,,8.5,133,0,0,1,0,0,0,0,0,0,0,7,0.85,0,1,No,Yes,Yes,No,Yes,3,2026-08-17,45,2,1,1,0,0,0,0,0,1,Needs Review,138,0,0,Low,CHF,1,Patient Outreach,2,2026-10-02,0,P3,0
2026-10-01,PT-002326,CM-011,Claims,Southeast,Medicare Advantage,92,Male,English,Phone,0,0,0,0,0,0,0,0,0,0,0.79,Low,0,0,0,0,,,150,0,0,0,0,0,0,0,0,0,0,2,0.76,1,0,Yes,No,No,No,No,1,2026-08-10,52,0,0,0,0,0,0,0,0,0,Current,50,0,0,Adequate,None,1,Care Plan Update,9,2026-09-30,1,P4,0
2026-10-01,PT-002327,CM-011,Claims,Northeast,Medicare Advantage,89,Male,English,Phone,0,1,0,0,1,0,0,0,1,2,1.35,Medium,0,0,0,0,,,135,0,0,0,0,0,0,1,1,0,0,4,0.92,0,0,No,No,No,No,Yes,1,2026-08-28,34,0,0,0,0,0,0,0,0,3,Current,64,2,0,Limited,COPD,2,Patient Outreach,3,2026-09-29,1,P4,0
2026-10-01,PT-002328,CM-006,Claims,Midwest,Medicare Advantage,72,Male,English,Phone,0,1,0,0,0,0,0,0,0,1,0.82,Low,0,0,0,0,,,140,0,0,0,1,0,0,0,0,0,0,4,0.91,0,0,No,Yes,No,No,No,1,2026-09-03,28,0,0,0,0,0,0,0,0,1,Overdue,352,0,0,Limited,None,1,Social Resource Referral,9,2026-09-29,1,P4,0
2026-10-01,PT-002329,CM-001,Pharmacy,Mid-Atlantic,Medicare Advantage,78,Female,Spanish,Phone,0,1,1,0,0,1,1,0,0,4,1.49,High,1,0,0,0,,,148,0,0,0,1,0,0,0,0,1,0,11,0.84,0,0,Unknown,No,No,Yes,No,1,2026-09-21,10,1,0,0,0,0,0,0,0,1,Current,23,0,0,Limited,CHF,2,Care Gap Closure,1,2026-09-29,1,P2,0
2026-10-01,PT-002330,CM-015,HIE,Northeast,Medicare Advantage,77,Male,English,Caregiver,1,1,0,0,0,1,0,0,0,3,1.04,Low,0,0,1,0,,7.4,139,0,0,0,0,0,0,0,0,1,1,8,0.98,0,0,No,No,No,No,No,0,2026-09-15,16,0,0,0,0,0,0,1,0,3,Current,6,0,0,Adequate,CHF,2,Provider Follow-up,9,2026-09-28,1,P2,0
2026-10-01,PT-002331,CM-007,Claims,Southeast,Medicare Advantage,86,Male,English,SMS,0,0,1,0,0,0,0,0,0,1,0.9,Low,0,0,0,0,,,153,0,0,0,0,0,0,1,0,0,0,9,0.94,0,0,No,No,No,No,No,0,2026-08-15,47,0,1,0,0,0,0,0,0,0,Needs Review,132,1,0,Limited,Diet/Lifestyle,1,Patient Education,4,2026-09-27,1,P2,1
2026-10-01,PT-002332,CM-007,EHR,Northeast,Medicaid Managed Care,64,Female,Spanish,Phone,0,0,0,0,0,0,0,0,0,0,1.16,Low,0,0,0,0,,,140,0,0,0,0,0,0,0,0,0,0,0,0.58,0,0,No,No,No,No,No,0,2026-09-13,18,0,0,0,0,0,0,0,0,1,Overdue,239,0,0,Adequate,Medication,0,Patient Outreach,9,2026-09-30,1,P4,0
2026-10-01,PT-002333,CM-005,Claims,Southeast,Dual Eligible,75,Female,English,Phone,0,0,1,0,0,0,0,0,1,1,1.02,Medium,0,0,2,0,,,118,0,0,0,0,0,0,0,0,0,0,9,0.77,1,1,Yes,No,Unknown,No,No,1,2026-09-16,15,1,0,1,0,0,0,0,0,1,Overdue,218,0,0,Low,None,1,Care Gap Closure,9,2026-09-30,1,P1,0
2026-10-01,PT-002334,CM-003,Claims,Northeast,Medicare Advantage,70,Male,English,Phone,0,0,0,0,0,0,0,0,0,0,0.57,Low,0,1,0,0,,,123,0,0,0,0,0,0,0,0,0,0,7,0.74,1,0,No,No,Yes,No,No,1,2026-09-08,23,0,0,0,0,0,0,0,0,0,Current,75,0,0,Adequate,Diet/Lifestyle,1,Patient Education,6,2026-09-27,1,P3,0
2026-10-01,PT-002335,CM-002,CareMgmt,Mid-Atlantic,Medicare Advantage,55,Male,English,SMS,0,0,0,0,0,0,0,0,0,0,0.87,Low,0,0,0,0,,,110,0,0,0,0,0,0,0,0,0,0,1,0.63,0,0,No,No,No,No,No,0,2026-10-01,0,0,0,0,0,0,0,0,0,3,Current,71,0,0,Low,Diet/Lifestyle,0,Patient Education,1,2026-10-06,0,P3,0
2026-10-01,PT-002336,CM-017,Claims,Northeast,Medicare Advantage,81,Male,English,Phone,1,1,0,0,0,0,0,0,0,2,1.6,Medium,3,0,0,0,,7.8,151,0,0,1,1,0,0,0,0,0,1,11,0.78,1,0,No,Unknown,No,No,No,0,2026-09-11,20,0,0,0,0,0,0,1,0,3,Overdue,164,0,0,Adequate,Medication,4,Medication Review,1,2026-10-03,0,P3,0
2026-10-01,PT-002337,CM-003,CareMgmt,Southwest,Medicaid Managed Care,60,Female,Chinese,SMS,0,1,0,0,0,0,0,0,0,1,1.31,Low,0,0,0,0,,,141,0,0,0,1,1,0,0,0,0,0,12,0.79,1,0,Yes,No,No,No,No,1,2026-09-26,5,0,1,0,0,1,0,0,0,0,Not Started,,0,0,Low,Medication,3,Patient Outreach,0,2026-10-02,0,P4,0
2026-10-01,PT-002338,CM-017,CareMgmt,Northeast,Medicare Advantage,77,Female,English,Phone,0,0,0,0,0,0,0,0,0,0,0.2,Low,0,0,0,0,,,129,0,0,0,0,0,0,0,0,0,0,8,0.77,1,0,Yes,No,No,No,No,1,2026-09-05,26,0,1,0,0,0,0,0,0,2,Current,63,0,0,Adequate,Appointment Preparation,1,Social Resource Referral,0,2026-10-03,0,P4,0
2026-10-01,PT-002339,CM-012,HIE,Northeast,Medicaid Managed Care,54,Male,English,Phone,0,0,0,0,0,0,0,0,0,0,0.92,Low,0,0,0,0,,,121,0,0,0,0,0,0,0,0,0,0,2,0.76,1,1,Yes,No,No,No,No,1,2026-09-16,15,0,0,0,0,0,0,0,0,0,Current,55,0,0,Limited,Medication,1,Patient Outreach,2,2026-10-04,0,P4,0
2026-10-01,PT-002340,CM-005,EHR,Northeast,Medicare Advantage,75,Male,English,Portal,0,1,0,0,0,1,0,0,0,2,1.28,Low,0,0,1,0,,,141,0,0,0,1,1,0,0,0,0,0,8,0.84,0,1,No,No,No,No,No,0,2026-09-11,20,0,0,0,0,0,0,0,0,3,Current,78,0,0,Adequate,Medication,2,Medication Review,3,2026-10-03,0,P2,0
2026-10-01,PT-002341,CM-009,CareMgmt,Northeast,Medicare Advantage,66,Female,English,Phone,1,1,0,0,1,0,0,0,0,3,1.11,Medium,2,0,1,0,,,119,0,1,0,0,0,0,0,0,0,1,8,0.77,1,0,No,No,No,No,No,0,2026-08-26,36,0,0,0,0,1,0,1,0,4,Needs Review,105,0,0,Adequate,Diet/Lifestyle,3,Care Gap Closure,0,2026-09-28,1,P1,0
2026-10-01,PT-002342,CM-003,CareMgmt,Northeast,Medicaid Managed Care,58,Female,Bengali,Phone,0,0,0,0,0,1,0,0,0,1,1.02,Low,1,0,0,0,,,124,0,0,0,0,0,1,0,0,1,0,3,0.69,1,0,Unknown,No,No,No,No,0,2026-09-20,11,0,0,0,0,0,0,1,0,1,Current,5,0,1,Low,Diet/Lifestyle,3,Post-Discharge Follow-up,3,2026-09-27,1,P2,0
2026-10-01,PT-002343,CM-008,Claims,Midwest,Medicaid Managed Care,59,Female,English,Caregiver,0,0,0,0,0,0,0,0,0,0,1.09,Low,0,0,0,0,,,120,0,0,0,0,0,0,0,0,0,0,5,0.84,0,0,Yes,No,No,No,Yes,2,2026-09-24,7,0,1,0,0,0,0,0,0,0,Overdue,240,0,0,Unknown,None,0,Care Gap Closure,3,2026-10-01,0,P1,0
2026-10-01,PT-002344,CM-011,Claims,Mid-Atlantic,Medicaid Managed Care,53,Male,English,Phone,0,1,0,0,0,0,0,0,0,1,1.01,Low,0,0,1,0,,,124,0,0,0,0,0,0,0,1,0,0,2,0.77,1,0,Unknown,No,No,No,No,0,2026-09-15,16,1,0,0,0,0,0,0,0,3,Current,67,0,1,Adequate,Medication,2,Care Gap Closure,2,2026-09-30,1,P2,0
2026-10-01,PT-002345,CM-014,EHR,Mid-Atlantic,Medicare Advantage,70,Male,English,Phone,0,0,0,1,0,0,0,0,1,1,1.24,Low,0,0,0,0,,,143,0,0,0,0,0,0,1,0,0,0,3,0.91,0,0,Yes,No,No,No,No,1,2026-08-19,43,0,0,0,0,0,0,0,0,0,Current,40,0,0,Adequate,None,1,Social Resource Referral,3,2026-09-29,1,P2,0
2026-10-01,PT-002346,CM-003,HIE,Mid-Atlantic,Medicaid Managed Care,65,Male,English,SMS,0,0,0,0,0,0,0,0,0,0,1.03,Low,0,0,0,0,,,109,0,0,0,0,0,0,0,0,0,0,2,0.46,1,0,No,No,No,No,Yes,1,2026-09-02,29,0,0,0,1,0,0,0,0,0,Current,17,0,0,Limited,None,1,Social Resource Referral,3,2026-10-03,0,P1,0
2026-10-01,PT-002347,CM-002,CareMgmt,Northeast,Medicare Advantage,79,Female,English,Phone,0,1,0,0,0,0,1,0,0,2,1.24,Low,0,0,0,0,,,122,0,0,0,0,0,0,0,0,0,0,9,0.84,0,0,Yes,No,No,No,No,1,2026-08-09,53,0,0,0,0,0,0,0,0,2,Overdue,217,0,0,Adequate,Discharge Instructions,0,Patient Outreach,9,2026-10-04,0,P4,0
2026-10-01,PT-002348,CM-006,Claims,Midwest,Medicaid Managed Care,48,Female,English,Portal,0,0,0,0,0,0,0,0,0,0,0.85,Low,0,0,0,1,8,,151,0,0,0,0,0,0,1,0,0,0,1,0.66,0,1,No,No,No,No,No,0,2026-08-22,40,0,1,0,0,1,0,0,0,1,Current,39,0,0,Limited,Diet/Lifestyle,1,Provider Follow-up,0,2026-10-01,0,P3,0
2026-10-01,PT-002349,CM-009,CareMgmt,Northeast,Medicare Advantage,70,Female,Other,Phone,1,0,0,0,0,0,0,0,0,1,0.85,Low,0,0,0,0,,7.1,112,0,0,0,0,0,0,0,0,0,0,5,0.92,0,0,No,No,Unknown,No,No,0,2026-08-29,33,2,1,0,0,0,0,0,0,2,Overdue,195,0,0,Low,Diabetes,0,Provider Follow-up,1,2026-09-28,1,P3,1
2026-10-01,PT-002350,CM-006,Pharmacy,Southwest,Medicaid Managed Care,44,Male,English,Phone,0,1,0,0,0,1,0,0,0,2,1.38,Low,1,0,0,0,,,123,0,0,0,0,0,0,0,1,0,0,7,0.88,0,0,No,No,Yes,Unknown,No,1,2026-09-02,29,2,0,0,0,0,0,0,0,2,Overdue,154,0,1,Adequate,Diabetes,1,Patient Outreach,6,2026-10-03,0,P4,0
2026-10-01,PT-002351,CM-011,Pharmacy,Mid-Atlantic,Dual Eligible,64,Female,English,Caregiver,0,0,1,0,0,0,0,0,0,1,1.54,Medium,2,0,0,0,,,155,0,0,0,0,0,0,0,0,0,1,6,0.88,0,0,Yes,No,Yes,No,No,2,2026-08-27,35,1,0,0,1,0,0,0,0,0,Current,62,0,0,Limited,CHF,1,Patient Education,10,2026-09-27,1,P1,0
2026-10-01,PT-002352,CM-004,CareMgmt,Mid-Atlantic,Dual Eligible,91,Female,Spanish,Phone,0,0,0,0,0,0,0,0,0,0,0.42,Low,0,0,0,0,,,114,0,0,0,0,0,1,0,0,0,0,4,0.8,0,0,Yes,No,No,No,Unknown,1,2026-09-03,28,0,1,0,1,0,0,0,0,1,Not Started,,0,0,Adequate,Medication,1,Care Plan Update,1,2026-09-29,1,P1,0
2026-10-01,PT-002353,CM-011,Claims,Mid-Atlantic,Commercial Complex Care,43,Female,Spanish,Portal,0,0,0,0,0,0,0,0,0,0,1.0,Low,1,0,0,0,,,101,0,0,0,0,0,0,0,0,0,0,2,0.91,0,0,No,No,Unknown,No,No,0,2026-09-06,25,2,0,0,0,0,0,0,0,0,Needs Review,142,0,0,Unknown,Appointment Preparation,0,Medication Review,6,2026-10-03,0,P1,0
2026-10-01,PT-002354,CM-005,HIE,Southwest,Dual Eligible,60,Female,English,Phone,0,0,0,0,0,0,0,0,0,0,0.98,Low,0,0,0,0,,,107,0,0,0,0,0,0,0,0,0,0,3,0.7,1,0,Yes,No,Yes,Unknown,No,2,2026-08-09,53,0,1,0,0,0,0,0,0,1,Needs Review,93,0,0,Adequate,None,1,Provider Follow-up,4,2026-10-05,0,P1,0
2026-10-01,PT-002355,CM-003,Claims,Northeast,Commercial Complex Care,57,Female,English,Caregiver,0,1,0,0,0,0,0,0,0,1,1.57,Medium,0,0,0,1,1,,140,0,0,0,1,0,0,0,0,0,0,4,0.67,1,0,No,No,No,No,Unknown,0,2026-08-14,48,0,1,0,0,0,0,0,0,2,Overdue,223,0,1,Adequate,Diet/Lifestyle,2,Care Plan Update,1,2026-10-01,0,P2,0
2026-10-01,PT-002356,CM-013,CareMgmt,Northeast,Medicare Advantage,76,Female,English,Portal,0,0,0,0,0,1,0,0,0,1,0.99,Low,0,0,0,0,,,127,0,0,0,0,1,0,1,0,0,0,6,1.0,0,0,No,No,No,No,Yes,1,2026-08-27,35,0,1,0,0,0,0,0,1,1,Current,66,0,0,Adequate,Diet/Lifestyle,2,Medication Review,6,2026-10-06,0,P4,0
2026-10-01,PT-002357,CM-002,HIE,Northeast,Medicare Advantage,83,Male,Bengali,Phone,0,0,0,0,0,0,0,0,0,0,0.79,Low,0,0,0,0,,,126,0,0,0,0,0,0,0,0,0,0,1,0.87,0,0,Yes,No,Unknown,No,No,1,2026-09-04,27,2,0,0,0,0,0,0,0,0,Overdue,277,0,0,Adequate,None,0,Patient Outreach,3,2026-10-01,0,P2,0
2026-10-01,PT-002358,CM-006,EHR,Northeast,Commercial Complex Care,60,Male,English,Phone,0,0,0,1,0,0,0,0,0,1,0.8,Medium,1,0,0,1,4,,126,0,0,0,0,0,1,1,0,0,0,8,0.9,0,1,No,No,No,Unknown,Yes,1,2026-08-30,32,1,0,0,0,0,0,0,0,1,Current,11,0,0,Low,Diet/Lifestyle,2,Patient Education,3,2026-10-03,0,P4,0
2026-10-01,PT-002359,CM-008,HIE,Midwest,Medicare Advantage,83,Male,English,SMS,0,1,0,0,0,1,0,0,1,2,1.2,Low,0,0,1,0,,,138,0,0,0,0,0,0,0,0,0,0,5,0.95,0,0,No,No,No,Yes,Unknown,1,2026-08-30,32,0,0,1,1,0,0,0,0,3,Current,4,0,0,Adequate,Medication,0,Patient Education,2,2026-10-02,0,P3,0
2026-10-01,PT-002360,CM-010,HIE,Midwest,Medicare Advantage,87,Male,English,Portal,0,1,0,0,0,0,0,0,0,1,1.03,Low,0,0,0,1,7,,146,0,0,0,1,0,1,0,0,0,0,9,0.92,0,0,No,No,No,No,No,0,2026-08-26,36,0,1,0,0,0,0,0,0,0,Not Started,,0,0,Adequate,Diet/Lifestyle,2,Patient Outreach,0,2026-09-27,1,P1,0
2026-10-01,PT-002361,CM-001,HIE,Midwest,Commercial Complex Care,53,Male,Spanish,Portal,0,1,0,0,0,0,0,0,0,1,1.22,Medium,0,0,0,1,19,,146,0,0,0,1,1,1,0,0,0,0,3,0.94,0,0,No,No,Yes,No,No,1,2026-08-13,49,0,0,0,1,0,0,0,1,2,Not Started,,0,0,Limited,Medication,3,Care Gap Closure,0,2026-10-01,0,P2,0
2026-10-01,PT-002362,CM-013,CareMgmt,Southwest,Dual Eligible,66,Female,English,SMS,0,0,1,0,0,0,0,0,0,1,0.89,Medium,1,0,0,1,16,,135,0,0,0,0,1,0,0,0,0,0,3,0.83,0,0,Yes,No,Yes,No,No,2,2026-08-16,46,0,1,1,0,1,0,1,0,3,Not Started,,0,0,Low,Discharge Instructions,1,Medication Review,0,2026-10-02,0,P2,0
2026-10-01,PT-002363,CM-013,Pharmacy,Mid-Atlantic,Medicaid Managed Care,43,Female,English,Phone,0,1,0,0,0,0,0,0,0,1,0.94,Low,0,0,0,0,,,157,0,0,0,1,0,0,0,0,1,0,2,0.72,1,0,No,Unknown,Yes,No,No,1,2026-09-22,9,0,0,0,0,0,0,0,0,0,Current,53,0,0,Limited,Appointment Preparation,3,Social Resource Referral,0,2026-09-29,1,P2,0
2026-10-01,PT-002364,CM-005,Claims,Midwest,Medicare Advantage,68,Female,English,Phone,0,1,0,0,1,0,0,0,0,2,1.23,Medium,0,0,2,0,,,142,0,0,0,1,0,0,0,0,0,0,10,0.84,0,0,No,Yes,No,No,No,1,2026-08-30,32,0,1,0,1,0,0,0,0,3,Overdue,247,0,0,Unknown,Diet/Lifestyle,1,Care Gap Closure,3,2026-10-01,0,P3,0
2026-10-01,PT-002365,CM-015,CareMgmt,Northeast,Medicare Advantage,71,Male,English,Phone,1,1,1,0,1,0,0,0,1,4,2.26,High,0,0,0,0,,7.2,141,1,1,0,1,0,0,0,0,0,0,10,0.86,0,0,No,No,No,No,No,0,2026-09-01,30,0,0,0,0,0,0,0,0,3,Current,41,0,0,Limited,Discharge Instructions,3,Medication Review,0,2026-10-02,0,P2,1
2026-10-01,PT-002366,CM-004,CareMgmt,Midwest,Medicaid Managed Care,30,Female,English,Phone,0,0,1,0,0,0,0,0,1,1,1.28,Medium,0,0,0,1,20,,98,0,0,0,0,0,1,0,0,0,0,8,0.75,1,0,No,No,No,No,No,0,2026-10-01,0,0,0,0,0,0,0,0,0,0,Overdue,335,0,0,Unknown,CHF,2,Post-Discharge Follow-up,3,2026-09-29,1,P3,0
2026-10-01,PT-002367,CM-017,Claims,Mid-Atlantic,Medicare Advantage,82,Male,Bengali,Phone,0,1,0,0,0,0,1,0,0,2,0.66,Low,0,0,0,0,,,111,0,0,0,0,0,0,1,0,0,0,7,1.0,0,0,Yes,No,No,Unknown,No,1,2026-09-12,19,4,0,0,0,0,0,0,0,1,Needs Review,148,0,0,Limited,Medication,1,Medication Review,6,2026-09-27,1,P4,0
2026-10-01,PT-002368,CM-007,Pharmacy,Mid-Atlantic,Commercial Complex Care,66,Male,Spanish,Caregiver,1,1,1,0,0,1,0,0,0,4,1.46,High,0,0,0,0,,9.2,131,0,0,0,0,1,0,1,0,1,1,13,0.82,0,0,No,No,No,Unknown,No,0,2026-08-20,42,0,1,0,0,0,0,0,0,3,Current,17,0,1,Adequate,None,4,Provider Follow-up,1,2026-10-01,0,P4,0
2026-10-01,PT-002369,CM-010,EHR,Northeast,Commercial Complex Care,51,Male,English,Caregiver,0,1,0,0,1,0,0,0,0,2,1.19,Medium,0,0,0,0,,,117,0,0,0,0,0,0,0,0,0,0,4,0.73,1,0,No,No,No,No,No,0,2026-09-01,30,3,1,0,0,0,0,0,0,1,Needs Review,104,0,0,Limited,Diet/Lifestyle,1,Patient Outreach,2,2026-09-30,1,P4,0
2026-10-01,PT-002370,CM-015,EHR,Northeast,Medicare Advantage,70,Male,Other,Portal,1,0,0,0,0,0,0,0,0,1,0.91,Low,0,0,0,0,,,128,0,0,0,0,0,0,0,0,0,0,0,0.97,0,1,Unknown,No,No,No,No,0,2026-08-19,43,0,0,0,0,0,0,1,0,2,Needs Review,111,0,0,Limited,Discharge Instructions,0,Care Gap Closure,0,2026-10-06,0,P2,0
2026-10-01,PT-002371,CM-017,CareMgmt,Midwest,Medicare Advantage,64,Male,English,Phone,0,1,1,0,0,0,0,0,0,2,1.3,Medium,0,0,0,0,,,162,0,0,0,1,0,0,0,0,0,0,7,0.89,0,0,Yes,No,No,No,No,1,2026-08-31,31,0,1,1,1,0,0,0,0,3,Current,73,0,0,Adequate,CHF,1,Care Plan Update,2,2026-10-02,0,P2,0
2026-10-01,PT-002372,CM-016,Pharmacy,Mid-Atlantic,Medicare Advantage,71,Female,English,Phone,0,0,0,0,1,0,0,0,0,1,1.3,Low,0,0,0,0,,,134,0,0,0,0,0,0,0,0,0,0,4,0.75,1,0,No,No,No,No,Unknown,0,2026-09-16,15,1,0,0,0,0,0,0,0,1,Current,47,0,0,Low,Medication,1,Patient Outreach,6,2026-09-28,1,P3,0
2026-10-01,PT-002373,CM-014,CareMgmt,Southeast,Medicare Advantage,75,Female,English,Caregiver,1,0,0,0,1,0,0,0,0,2,1.52,Medium,1,0,0,0,,7.2,143,0,0,0,0,0,0,0,0,0,1,7,0.87,0,1,No,No,No,No,No,0,2026-09-16,15,0,0,0,0,0,0,0,0,1,Needs Review,130,0,0,Adequate,Appointment Preparation,1,Patient Outreach,7,2026-10-02,0,P4,0
2026-10-01,PT-002374,CM-002,Claims,Northeast,Dual Eligible,84,Female,Chinese,Caregiver,1,1,0,0,1,0,1,0,0,4,1.14,Medium,0,1,0,0,,7.2,119,0,0,0,0,0,0,0,0,0,0,5,0.94,0,0,No,No,No,No,Yes,1,2026-07-31,62,0,0,0,1,0,0,0,0,2,Current,87,0,0,Limited,Discharge Instructions,0,Medication Review,3,2026-10-02,0,P2,0
2026-10-01,PT-002375,CM-001,CareMgmt,Southwest,Commercial Complex Care,57,Female,Spanish,Portal,0,0,0,0,0,0,0,0,0,0,0.88,Low,0,0,0,0,,,134,0,0,0,0,0,0,0,1,0,0,4,0.96,0,0,No,No,Yes,No,No,1,2026-09-09,22,0,1,0,0,0,0,0,0,3,Current,70,0,0,Adequate,Medication,1,Patient Outreach,2,2026-10-04,0,P4,0
2026-10-01,PT-002376,CM-005,HIE,Northeast,Commercial Complex Care,68,Female,Spanish,Phone,1,0,0,0,1,0,1,0,0,3,1.09,Medium,1,0,1,0,,7.2,104,0,0,1,0,0,0,0,0,0,0,10,1.0,0,1,No,No,No,No,No,0,2026-09-17,14,0,1,0,0,0,0,0,0,3,Current,50,2,1,Adequate,None,1,Medication Review,2,2026-09-28,1,P3,0
2026-10-01,PT-002377,CM-012,EHR,Mid-Atlantic,Dual Eligible,81,Male,English,SMS,0,1,1,0,0,1,0,1,1,4,1.68,High,4,0,0,1,9,,118,0,0,0,0,1,1,1,0,0,0,11,0.83,0,0,No,No,No,No,Yes,1,2026-08-14,48,0,0,0,1,0,0,0,0,2,Needs Review,140,0,0,Limited,Diet/Lifestyle,3,Care Gap Closure,9,2026-09-29,1,P2,1
2026-10-01,PT-002378,CM-001,HIE,Mid-Atlantic,Medicare Advantage,63,Male,English,Caregiver,0,0,0,0,0,0,0,0,0,0,0.77,Low,0,0,0,1,30,,153,0,0,0,0,0,0,0,0,0,0,6,0.81,0,0,No,No,No,No,No,0,2026-09-29,2,0,0,0,0,1,0,0,0,0,Needs Review,96,0,0,Limited,Diabetes,0,Post-Discharge Follow-up,4,2026-10-06,0,P2,0
2026-10-01,PT-002379,CM-017,Pharmacy,Southeast,Commercial Complex Care,33,Male,Other,SMS,0,0,0,0,0,0,0,0,0,0,0.61,Low,0,1,0,0,,,110,0,0,0,0,0,0,0,0,0,0,2,0.93,0,0,No,No,No,Unknown,No,0,2026-09-21,10,0,1,0,0,0,0,0,0,0,Current,8,0,0,Adequate,Diet/Lifestyle,0,Medication Review,6,2026-10-01,0,P4,0
2026-10-01,PT-002380,CM-004,Claims,Southeast,Medicaid Managed Care,68,Female,English,Portal,0,1,0,0,0,0,0,0,0,1,1.26,Medium,0,0,1,0,,,177,0,0,0,1,1,0,0,0,0,0,3,0.68,1,0,Yes,Yes,No,No,No,2,2026-08-06,56,1,1,0,0,0,0,0,0,3,Overdue,241,0,0,Adequate,Diet/Lifestyle,3,Patient Outreach,2,2026-10-04,0,P3,0
2026-10-01,PT-002381,CM-013,CareMgmt,Southeast,Dual Eligible,69,Male,Other,Phone,1,0,0,0,0,0,0,0,0,1,1.07,Medium,0,0,0,1,30,8.4,123,0,0,0,0,1,1,0,0,0,1,9,0.96,0,1,No,No,No,No,Yes,1,2026-09-26,5,0,1,0,0,0,0,0,0,2,Current,21,0,0,Limited,Diet/Lifestyle,3,Care Gap Closure,6,2026-10-03,0,P2,0
2026-10-01,PT-002382,CM-017,CareMgmt,Southeast,Medicare Advantage,95,Male,English,Portal,0,0,0,0,0,0,0,1,0,1,0.88,Low,2,0,0,0,,,129,0,0,0,0,0,0,0,0,0,0,5,0.86,0,0,Yes,No,Unknown,No,No,1,,38,0,1,0,0,0,0,1,0,2,Current,4,0,0,Adequate,None,0,Patient Outreach,5,2026-09-28,1,P3,0
2026-10-01,PT-002383,CM-009,Claims,Midwest,Dual Eligible,87,Male,English,Portal,0,0,0,0,0,0,0,0,0,0,0.59,Low,0,0,0,0,,,124,0,0,0,0,0,0,0,0,0,0,4,0.68,1,0,Yes,No,Unknown,No,No,1,2026-09-06,25,0,0,0,0,0,0,0,0,0,Not Started,,0,1,Limited,Diabetes,1,Social Resource Referral,6,2026-09-27,1,P4,1
2026-10-01,PT-002384,CM-016,Claims,Southwest,Medicare Advantage,76,Male,English,Phone,0,1,0,0,0,1,0,0,0,2,0.92,Low,0,0,0,0,,,136,0,0,0,0,0,0,1,0,1,0,5,0.8,0,0,Unknown,No,No,No,No,0,2026-09-08,23,0,1,0,0,0,0,0,0,1,Needs Review,147,1,0,Unknown,None,2,Care Gap Closure,4,2026-10-01,0,P3,0
2026-10-01,PT-002385,CM-005,CareMgmt,Mid-Atlantic,Dual Eligible,74,Female,English,Phone,0,1,0,0,1,0,0,0,0,2,1.06,High,2,0,0,0,,,157,0,0,0,1,0,1,0,0,0,0,7,0.74,1,0,Yes,Unknown,Yes,No,No,2,2026-09-25,6,0,0,0,0,0,0,0,0,1,Needs Review,133,0,0,Limited,Medication,3,Medication Review,7,2026-09-28,1,P4,0
2026-10-01,PT-002386,CM-012,Pharmacy,Northeast,Medicare Advantage,72,Female,English,Caregiver,0,0,0,0,0,0,0,0,0,0,0.96,Low,0,0,0,0,,,135,0,0,0,0,1,0,0,1,0,0,7,0.64,1,1,Yes,No,No,No,No,1,,41,3,1,0,1,0,0,0,0,2,Current,23,1,0,Adequate,Appointment Preparation,3,Social Resource Referral,2,2026-09-29,1,P1,1
2026-10-01,PT-002387,CM-002,EHR,Southeast,Medicare Advantage,71,Female,Spanish,Phone,0,1,0,0,0,0,0,0,0,1,0.72,Low,0,0,0,0,,,135,0,0,0,0,0,0,1,0,0,1,5,0.86,0,0,No,No,No,No,No,0,2026-09-01,30,0,0,0,0,0,0,0,0,0,Overdue,299,0,1,Adequate,Appointment Preparation,2,Care Gap Closure,6,2026-10-03,0,P3,0
2026-10-01,PT-002388,CM-004,EHR,Mid-Atlantic,Dual Eligible,60,Female,English,Portal,0,1,0,0,0,0,0,0,0,1,0.79,Low,0,0,0,0,,,140,0,0,0,1,0,0,0,0,0,0,4,0.61,1,0,No,Unknown,No,No,No,0,2026-09-21,10,0,0,0,0,0,0,0,0,1,Current,24,0,0,Adequate,CHF,2,Patient Education,0,2026-10-02,0,P4,0
2026-10-01,PT-002389,CM-009,EHR,Northeast,Medicare Advantage,66,Male,Spanish,Caregiver,0,0,0,0,0,1,0,0,0,1,0.98,Low,0,0,0,0,,,135,0,0,0,0,0,0,0,1,0,0,5,0.8,0,1,No,No,No,Yes,No,1,2026-09-22,9,0,0,0,0,0,0,0,1,0,Current,80,0,0,Adequate,None,1,Social Resource Referral,3,2026-10-02,0,P1,0
2026-10-01,PT-002390,CM-005,Claims,Northeast,Commercial Complex Care,48,Male,English,Phone,0,0,0,0,0,1,0,0,0,1,1.04,Medium,4,0,0,0,,,123,0,0,0,0,0,0,1,0,0,0,3,0.78,1,0,No,No,No,No,No,0,2026-08-28,34,1,1,0,0,0,0,0,0,4,Current,3,0,0,Adequate,Medication,2,Care Gap Closure,2,2026-10-02,0,P2,0
2026-10-01,PT-002391,CM-012,Claims,Southeast,Medicare Advantage,73,Male,English,Phone,0,0,0,0,0,0,0,0,0,0,0.59,Low,0,0,0,0,,,135,0,0,0,0,0,0,0,0,0,0,6,0.8,0,0,No,No,No,No,No,0,2026-09-25,6,0,1,0,0,0,0,0,0,0,Overdue,205,0,0,Low,Medication,0,Patient Education,1,2026-09-28,1,P4,0
2026-10-01,PT-002392,CM-003,Claims,Southeast,Medicaid Managed Care,73,Female,English,Phone,1,1,0,0,0,0,1,0,0,3,1.64,Medium,0,0,0,0,,8.4,126,1,1,0,0,0,0,0,0,0,0,5,0.72,1,0,Yes,No,No,No,Unknown,1,2026-09-17,14,0,0,0,0,0,0,1,0,2,Current,28,0,0,Unknown,Diabetes,3,Post-Discharge Follow-up,1,2026-10-05,0,P2,0
2026-10-01,PT-002393,CM-012,Claims,Northeast,Medicare Advantage,76,Female,English,Phone,0,1,0,0,0,0,1,0,1,2,1.2,Medium,0,0,0,0,,,157,0,0,0,1,0,0,0,0,1,1,6,1.0,0,0,No,Yes,Unknown,No,No,1,2026-08-30,32,0,0,0,0,1,0,0,0,4,Current,42,1,0,Limited,Medication,3,Patient Education,8,2026-09-30,1,P2,0
2026-10-01,PT-002394,CM-008,HIE,Northeast,Medicaid Managed Care,48,Male,English,Phone,0,1,0,0,0,1,0,0,0,2,0.75,Low,0,0,0,0,,,127,0,0,0,0,0,0,0,0,0,0,7,0.72,1,0,No,No,No,No,Unknown,0,2026-09-07,24,1,0,0,1,0,0,0,0,1,Needs Review,91,0,1,Unknown,Medication,1,Patient Education,4,2026-09-30,1,P2,0
2026-10-01,PT-002395,CM-018,CareMgmt,Midwest,Medicare Advantage,67,Female,English,Caregiver,1,1,1,0,1,0,0,0,0,4,2.02,High,0,0,0,0,,8.8,130,0,0,0,0,1,0,0,0,0,0,9,0.99,0,0,Yes,No,No,Yes,No,2,2026-07-22,71,0,1,0,1,0,0,0,0,5,Current,53,0,0,Limited,Medication,1,Care Gap Closure,4,2026-10-01,0,P3,0
2026-10-01,PT-002396,CM-012,Claims,Midwest,Medicare Advantage,66,Female,Bengali,Phone,0,0,0,0,1,1,0,0,0,2,1.31,Medium,0,1,0,0,,,120,0,0,0,0,1,0,0,0,0,0,9,0.69,1,0,No,No,No,No,Yes,1,2026-09-04,27,0,0,0,0,0,0,0,1,1,Current,23,0,0,Adequate,Medication,2,Medication Review,0,2026-10-06,0,P2,0
2026-10-01,PT-002397,CM-016,CareMgmt,Northeast,Commercial Complex Care,65,Male,English,Phone,0,0,0,0,0,1,0,0,0,1,1.13,Low,2,0,0,0,,,143,0,0,0,0,0,0,0,1,0,0,6,0.84,0,0,No,No,No,No,Yes,1,2026-09-14,17,2,1,0,1,0,0,0,0,1,Current,80,0,0,Limited,Diet/Lifestyle,1,Patient Education,0,2026-10-06,0,P4,0
2026-10-01,PT-002398,CM-014,CareMgmt,Midwest,Commercial Complex Care,56,Female,English,Caregiver,0,1,0,0,0,0,0,0,0,1,0.78,Low,0,0,0,0,,,152,0,0,0,1,0,0,0,0,0,0,3,0.7,1,0,No,Unknown,No,No,No,0,,0,0,0,0,0,0,0,1,0,0,Current,64,0,0,Adequate,None,2,Medication Review,3,2026-09-27,1,P1,1
2026-10-01,PT-002399,CM-011,EHR,Midwest,Medicare Advantage,92,Male,Chinese,Phone,0,1,0,0,1,0,0,0,0,2,1.08,Medium,0,0,1,0,,,139,0,0,0,0,0,0,0,0,0,0,4,0.65,1,1,No,No,No,No,No,0,2026-09-10,21,0,1,0,0,0,0,0,1,2,Not Started,,0,0,Adequate,Appointment Preparation,1,Patient Outreach,2,2026-10-04,0,P4,0
2026-10-01,PT-002400,CM-002,HIE,Northeast,Commercial Complex Care,34,Male,English,Phone,0,0,0,0,0,0,0,0,0,0,0.44,Low,0,0,0,0,,,136,0,0,0,0,0,0,0,0,0,0,2,0.68,1,0,Unknown,No,No,No,No,0,2026-09-01,30,0,0,0,0,0,0,0,0,2,Current,44,0,0,Adequate,None,1,Patient Outreach,4,2026-10-01,0,P3,0
2026-10-01,PT-002401,CM-013,Pharmacy,Midwest,Medicare Advantage,76,Male,Other,SMS,0,1,0,0,0,0,0,0,0,1,0.97,Low,0,0,0,0,,,128,0,0,0,0,0,0,0,0,0,0,5,0.72,1,0,No,No,Yes,No,No,1,2026-09-16,15,1,1,0,1,0,0,0,0,1,Not Started,,0,0,Adequate,None,1,Care Gap Closure,1,2026-09-28,1,P3,0
2026-10-01,PT-002402,CM-005,CareMgmt,Northeast,Medicaid Managed Care,71,Female,English,Phone,1,1,0,1,0,0,0,0,0,3,1.02,High,0,0,1,1,5,,156,0,0,1,1,0,0,0,0,0,1,8,0.74,1,0,No,Yes,No,No,No,1,2026-08-23,39,0,0,0,0,0,1,0,0,2,Needs Review,125,0,0,Adequate,Diabetes,4,Patient Outreach,4,2026-10-01,0,P4,0
2026-10-01,PT-002403,CM-005,CareMgmt,Midwest,Medicaid Managed Care,47,Male,Spanish,Phone,0,0,0,0,0,0,0,0,0,0,0.59,Low,0,1,0,0,,,115,0,0,0,0,0,0,0,0,0,0,3,1.0,0,0,No,No,Yes,No,Yes,2,2026-09-02,29,0,1,0,0,0,0,0,0,0,Current,10,0,0,Adequate,Diet/Lifestyle,0,Care Gap Closure,0,2026-10-06,0,P3,1
2026-10-01,PT-002404,CM-001,CareMgmt,Northeast,Medicaid Managed Care,39,Male,English,SMS,0,0,0,0,0,0,0,0,0,0,0.6,Low,0,0,0,0,,,127,0,0,0,0,0,0,0,0,0,0,7,0.84,0,0,Yes,No,No,No,No,1,2026-09-28,3,0,0,0,0,0,0,0,0,0,Current,32,0,0,Limited,Diet/Lifestyle,0,Patient Outreach,6,2026-09-30,1,P4,0
2026-10-01,PT-002405,CM-015,CareMgmt,Mid-Atlantic,Commercial Complex Care,23,Male,Other,Phone,0,1,0,0,0,0,1,0,0,2,1.01,Medium,0,0,0,0,,,144,0,0,0,1,0,0,0,0,0,0,5,0.78,1,0,Yes,No,Yes,No,No,2,2026-09-02,29,1,0,0,1,0,0,0,0,2,Overdue,176,0,0,Unknown,Discharge Instructions,2,Social Resource Referral,7,2026-09-27,1,P3,0
2026-10-01,PT-002406,CM-004,Claims,Northeast,Medicare Advantage,57,Female,Unknown,Phone,0,0,0,0,0,0,0,0,0,0,1.07,Low,0,0,0,0,,,114,0,0,0,0,0,0,0,0,0,0,4,0.85,0,0,No,No,No,No,No,0,2026-09-29,2,0,0,0,0,0,0,0,0,0,Current,60,0,0,Adequate,Diabetes,0,Social Resource Referral,0,2026-09-29,1,P4,0
2026-10-01,PT-002407,CM-001,EHR,Northeast,Medicaid Managed Care,39,Male,Spanish,SMS,0,0,0,0,0,0,0,0,0,0,0.57,Low,0,0,0,0,,,133,0,0,0,0,0,0,0,0,0,0,5,0.92,0,0,No,No,No,No,Unknown,0,2026-09-29,2,1,0,0,0,0,0,0,0,1,Current,34,0,0,Unknown,None,0,Care Plan Update,9,2026-10-02,0,P4,0
2026-10-01,PT-002408,CM-017,Pharmacy,Northeast,Commercial Complex Care,41,Female,English,Phone,0,0,0,0,0,0,0,0,0,0,0.65,Low,0,0,0,0,,,134,0,0,0,0,0,0,0,0,0,0,4,0.68,1,0,Unknown,No,No,No,No,0,2026-09-03,28,0,0,0,0,0,0,0,0,2,Current,19,0,0,Adequate,None,1,Care Gap Closure,4,2026-09-29,1,P4,0
2026-10-01,PT-002409,CM-002,CareMgmt,Northeast,Dual Eligible,72,Female,Spanish,Phone,0,1,0,0,0,0,0,0,0,1,0.66,Low,0,0,0,0,,,147,0,0,0,1,0,0,1,0,0,0,2,0.74,1,1,No,No,Yes,No,No,1,2026-09-11,20,0,0,1,0,0,0,0,0,2,Current,40,0,0,Limited,None,3,Patient Outreach,12,2026-10-04,0,P3,0
2026-10-01,PT-002410,CM-006,CareMgmt,Mid-Atlantic,Medicare Advantage,69,Female,English,Phone,1,0,0,0,1,1,0,0,0,3,1.76,Medium,0,0,0,0,,8.7,123,0,1,0,0,0,0,0,0,0,1,10,0.69,1,1,No,No,No,No,No,0,2026-09-11,20,0,0,0,0,0,0,0,0,2,Needs Review,146,0,0,Adequate,None,3,Medication Review,1,2026-09-30,1,P4,0
2026-10-01,PT-002411,CM-013,Pharmacy,Mid-Atlantic,Medicare Advantage,80,Male,Spanish,Phone,1,0,0,0,1,0,0,0,0,2,1.3,Medium,1,0,1,0,,5.9,129,0,0,0,0,0,0,0,0,0,0,5,0.87,0,0,No,No,No,No,Yes,1,2026-09-11,20,1,0,0,0,0,0,0,0,2,Current,70,0,0,Adequate,Discharge Instructions,0,Patient Education,3,2026-10-06,0,P4,1
2026-10-01,PT-002412,CM-017,Claims,Northeast,Dual Eligible,80,Male,English,Portal,1,0,0,0,0,0,0,0,0,1,0.63,Low,0,0,0,0,,5.7,104,0,0,0,0,0,0,0,0,0,0,1,0.8,0,1,No,No,No,Yes,No,1,2026-09-24,7,2,1,0,1,0,0,0,0,2,Needs Review,117,0,0,Limited,Medication,0,Provider Follow-up,6,2026-10-04,0,P4,0
2026-10-01,PT-002413,CM-014,CareMgmt,Mid-Atlantic,Medicare Advantage,68,Male,English,Portal,0,1,0,0,0,0,0,0,0,1,0.9,Low,0,0,0,0,,,146,0,0,0,1,0,0,1,0,0,0,7,0.91,0,0,No,No,No,No,No,0,,31,0,0,0,0,0,0,0,1,3,Current,81,0,0,Adequate,Diet/Lifestyle,2,Patient Outreach,0,2026-10-03,0,P4,0
2026-10-01,PT-002414,CM-002,Claims,Midwest,Medicare Advantage,74,Male,English,Phone,0,0,1,0,0,0,0,0,0,1,1.54,Medium,1,0,0,0,,,117,0,0,0,0,0,0,0,1,0,0,4,0.9,0,0,Yes,No,No,Yes,Yes,3,2026-08-14,48,0,1,0,0,0,0,0,0,0,Current,76,0,0,Adequate,None,1,Social Resource Referral,0,2026-10-02,0,P4,0
2026-10-01,PT-002415,CM-007,HIE,Southwest,Dual Eligible,85,Male,English,Phone,1,1,1,0,0,1,0,0,0,4,1.69,High,0,0,0,0,,7.0,135,0,0,0,0,0,0,1,0,0,0,12,0.63,1,0,No,No,Yes,No,Unknown,1,2026-08-13,49,0,0,0,0,0,0,0,0,2,Current,66,0,0,Adequate,Medication,2,Patient Outreach,7,2026-09-28,1,P2,0
2026-10-01,PT-002416,CM-011,Claims,Mid-Atlantic,Medicaid Managed Care,69,Female,English,SMS,1,0,0,0,0,0,0,0,0,1,0.26,Low,0,0,0,0,,6.5,118,0,0,0,0,0,0,0,0,0,0,5,0.99,0,1,No,No,No,No,Yes,1,2026-09-29,2,0,1,0,1,0,0,0,0,1,Overdue,262,0,0,Limited,None,0,Patient Education,8,2026-10-03,0,P3,0
2026-10-01,PT-002417,CM-007,Claims,Southwest,Medicare Advantage,79,Female,English,Phone,0,1,0,1,0,0,0,0,0,2,0.81,Medium,0,0,0,0,,,152,0,0,0,1,0,1,1,0,0,0,5,0.72,1,0,No,No,No,Unknown,No,0,2026-09-17,14,0,0,0,0,0,0,0,0,2,Needs Review,130,0,0,Limited,COPD,4,Patient Outreach,4,2026-10-03,0,P3,0
2026-10-01,PT-002418,CM-013,Claims,Mid-Atlantic,Medicare Advantage,70,Male,English,Phone,0,0,0,0,0,0,0,0,0,0,0.8,Low,1,0,0,0,,,168,0,0,0,0,1,0,0,1,0,0,0,1.0,0,0,No,No,No,No,No,0,,27,0,0,0,0,0,0,0,0,0,Needs Review,117,0,0,Adequate,Discharge Instructions,2,Care Plan Update,1,2026-10-05,0,P3,0
2026-10-01,PT-002419,CM-004,EHR,Northeast,Medicaid Managed Care,47,Male,English,Phone,0,1,0,0,0,0,0,0,0,1,1.28,Low,1,0,0,0,,,124,0,0,0,0,0,0,0,0,0,0,4,0.71,1,0,No,No,No,No,Yes,1,2026-08-28,34,0,0,0,0,0,0,0,0,0,Current,65,0,0,Adequate,Appointment Preparation,1,Post-Discharge Follow-up,4,2026-10-02,0,P2,0
2026-10-01,PT-002420,CM-003,Pharmacy,Southwest,Medicare Advantage,72,Male,English,SMS,0,0,0,0,0,0,0,0,0,0,1.07,Low,0,0,0,0,,,131,0,0,0,0,0,0,0,0,0,0,5,1.0,0,0,No,No,No,No,No,0,2026-08-31,31,1,0,0,0,0,0,0,0,0,Current,20,1,0,Adequate,Medication,0,Provider Follow-up,0,2026-10-01,0,P2,0
2026-10-01,PT-002421,CM-017,Pharmacy,Northeast,Medicare Advantage,84,Male,English,Portal,0,0,0,0,0,1,0,1,1,2,1.1,Low,0,0,0,0,,,141,0,0,0,0,0,0,0,0,0,0,4,0.73,1,0,No,No,No,No,No,0,2026-08-19,43,0,0,0,0,1,0,0,0,3,Current,9,0,0,Low,Medication,1,Patient Outreach,11,2026-09-28,1,P4,0
2026-10-01,PT-002422,CM-004,Claims,Southeast,Medicare Advantage,71,Female,Spanish,Phone,0,1,0,0,0,0,0,0,0,1,0.92,Low,0,0,0,0,,,130,0,0,0,0,0,0,1,0,0,0,5,0.82,0,1,Yes,No,Yes,No,No,2,2026-09-11,20,0,1,1,0,0,0,0,0,1,Overdue,271,1,1,Adequate,Medication,1,Care Plan Update,8,2026-09-29,1,P2,0
2026-10-01,PT-002423,CM-001,Claims,Northeast,Medicare Advantage,73,Male,Other,Portal,0,0,1,0,0,0,0,0,0,1,0.88,Low,0,0,0,0,,,148,0,0,0,0,0,1,0,0,0,0,4,1.0,0,1,No,No,No,No,No,0,2026-08-31,31,0,0,0,0,1,0,0,0,3,Current,32,0,0,Adequate,Diabetes,1,Medication Review,0,2026-09-30,1,P4,0
2026-10-01,PT-002424,CM-013,EHR,Mid-Atlantic,Medicare Advantage,69,Male,English,Phone,0,1,0,0,0,0,1,0,0,2,1.0,Medium,3,0,0,0,,,155,0,0,0,1,0,0,0,0,0,0,8,0.97,0,0,Yes,No,No,No,No,1,2026-09-09,22,0,0,0,0,0,0,0,0,3,Overdue,265,0,0,Adequate,Appointment Preparation,1,Medication Review,6,2026-10-01,0,P2,0
2026-10-01,PT-002425,CM-005,CareMgmt,Southwest,Dual Eligible,74,Male,English,Phone,0,0,0,0,0,0,0,0,0,0,0.71,Low,0,0,0,0,,,124,0,0,0,0,0,0,0,1,0,0,9,0.75,1,0,Yes,No,No,No,No,1,2026-09-16,15,3,1,0,0,0,0,0,0,2,Overdue,360,0,0,Adequate,None,2,Care Plan Update,5,2026-09-29,1,P3,1
2026-10-01,PT-002426,CM-006,CareMgmt,Southeast,Commercial Complex Care,62,Female,English,SMS,0,0,0,1,0,0,0,0,0,1,0.99,Low,0,0,0,0,,,137,0,0,0,0,0,0,0,0,0,0,4,0.76,1,0,No,No,No,No,No,0,2026-08-21,41,0,0,0,0,0,0,1,0,1,Overdue,270,0,0,Limited,Appointment Preparation,1,Post-Discharge Follow-up,0,2026-10-02,0,P4,0
2026-10-01,PT-002427,CM-009,Pharmacy,Southeast,Medicare Advantage,85,Female,Chinese,Phone,0,0,0,0,0,0,0,0,0,0,0.74,Low,0,0,0,0,,,146,0,0,0,0,0,0,1,1,0,0,4,0.86,0,0,No,Yes,No,No,No,1,2026-09-12,19,0,0,0,0,1,1,0,0,0,Current,16,0,0,Limited,Medication,2,Patient Education,0,2026-09-28,1,P2,0
2026-10-01,PT-002428,CM-012,CareMgmt,Mid-Atlantic,Medicare Advantage,71,Female,Russian,SMS,0,0,0,0,0,0,0,0,0,0,0.69,Low,0,0,0,0,,,147,0,0,0,0,0,0,0,0,0,1,9,0.77,1,0,Yes,No,Unknown,No,No,1,2026-09-02,29,0,0,1,0,0,0,0,0,0,Overdue,213,0,0,Low,Appointment Preparation,2,Social Resource Referral,5,2026-10-05,0,P3,0
2026-10-01,PT-002429,CM-010,EHR,Southwest,Dual Eligible,88,Male,English,Portal,1,0,1,0,1,0,1,0,0,4,2.26,High,0,0,0,0,,,140,0,0,0,0,0,0,0,0,1,1,12,0.64,1,1,No,No,Yes,No,No,1,2026-09-09,22,0,0,0,0,0,0,0,0,2,Current,53,0,0,Unknown,Medication,3,Patient Education,7,2026-10-02,0,P4,0
2026-10-01,PT-002430,CM-008,EHR,Mid-Atlantic,Medicare Advantage,67,Male,Russian,SMS,0,1,0,0,0,0,0,0,0,1,1.3,Low,0,0,0,0,,,140,0,0,0,1,0,0,0,0,0,0,1,0.89,0,0,No,Yes,No,No,No,1,2026-09-10,21,1,0,0,0,0,1,0,0,1,Needs Review,90,0,0,Adequate,Diet/Lifestyle,1,Medication Review,0,2026-09-29,1,P2,0
2026-10-01,PT-002431,CM-011,EHR,Mid-Atlantic,Medicaid Managed Care,56,Female,English,Phone,0,1,0,0,0,1,0,0,0,2,0.77,Medium,0,0,0,0,,,144,0,0,0,1,0,0,0,0,0,0,8,0.64,1,1,Yes,No,No,No,Yes,2,2026-08-08,54,0,0,0,0,0,0,0,0,2,Current,2,0,1,Adequate,Diet/Lifestyle,2,Patient Outreach,0,2026-10-03,0,P3,0
2026-10-01,PT-002432,CM-013,Claims,Mid-Atlantic,Medicaid Managed Care,74,Female,Spanish,Phone,0,0,0,0,1,1,0,0,0,2,1.15,Medium,0,0,0,0,,,126,0,0,0,0,0,0,0,0,1,0,9,0.59,1,0,No,No,Yes,Yes,No,2,2026-10-01,0,0,1,0,0,0,0,1,0,2,Overdue,292,0,0,Limited,Diet/Lifestyle,2,Medication Review,3,2026-10-05,0,P3,0
2026-10-01,PT-002433,CM-010,Claims,Southeast,Medicaid Managed Care,35,Female,English,SMS,0,0,0,0,0,0,0,0,0,0,0.79,Low,0,0,0,0,,,114,0,0,0,0,0,0,0,0,0,0,0,0.9,0,0,No,No,No,No,No,0,2026-09-15,16,0,1,0,0,0,0,0,0,0,Current,61,0,0,Limited,Diabetes,0,Patient Outreach,0,2026-09-28,1,P2,0
2026-10-01,PT-002434,CM-016,Pharmacy,Southwest,Medicare Advantage,73,Male,English,Caregiver,0,0,0,0,0,0,0,0,0,0,0.68,Low,0,0,0,0,,,143,0,0,0,0,0,0,1,0,0,0,8,1.0,0,0,No,No,No,No,No,0,2026-09-11,20,0,0,0,0,0,0,1,1,0,Needs Review,122,0,0,Low,Diet/Lifestyle,1,Care Gap Closure,0,2026-09-28,1,P1,0
2026-10-01,PT-002435,CM-018,Claims,Midwest,Medicare Advantage,77,Male,Chinese,Portal,1,0,0,0,0,0,0,0,0,1,0.81,Low,0,0,0,0,,8.1,125,0,1,0,0,0,0,1,0,0,1,6,0.87,0,0,No,No,No,Unknown,No,0,2026-09-25,6,0,0,0,0,0,0,0,0,1,Overdue,197,0,1,Low,Medication,3,Provider Follow-up,6,2026-10-02,0,P2,0
2026-10-01,PT-002436,CM-007,Claims,Northeast,Medicaid Managed Care,62,Female,Chinese,Phone,1,1,0,0,0,0,0,0,0,2,1.21,Low,0,0,0,0,,6.7,139,0,0,0,0,0,0,0,1,0,0,12,1.0,0,0,No,No,No,No,No,0,2026-09-05,26,0,0,0,0,0,0,0,0,0,Current,58,0,0,Low,Appointment Preparation,1,Patient Outreach,3,2026-10-06,0,P1,0
2026-10-01,PT-002437,CM-013,EHR,Southeast,Dual Eligible,89,Female,English,Phone,0,1,0,0,1,0,0,0,0,2,1.47,Medium,0,0,0,0,,,137,0,0,0,0,0,0,0,0,0,0,11,0.7,1,1,Yes,No,No,No,No,1,2026-09-10,21,0,0,0,0,0,0,0,0,4,Needs Review,131,1,1,Low,None,1,Patient Outreach,3,2026-09-27,1,P3,0
2026-10-01,PT-002438,CM-017,CareMgmt,Northeast,Medicare Advantage,81,Female,English,Phone,1,0,0,0,0,0,0,1,0,2,0.82,Low,0,0,0,0,,7.9,117,0,0,0,0,0,0,1,0,0,0,2,0.71,1,1,No,No,No,No,Unknown,0,2026-09-30,1,0,1,0,0,0,0,0,0,2,Current,24,0,0,Adequate,Diabetes,2,Patient Outreach,4,2026-09-28,1,P4,0
2026-10-01,PT-002439,CM-002,CareMgmt,Northeast,Medicare Advantage,82,Male,Unknown,Portal,0,1,0,0,0,0,0,0,0,1,0.93,Low,0,0,0,0,,,138,0,0,0,0,0,0,0,0,0,0,6,1.0,0,1,No,No,Unknown,No,No,0,2026-09-06,25,0,0,0,0,0,0,0,0,3,Needs Review,130,0,0,Adequate,None,0,Patient Outreach,5,2026-09-30,1,P4,0
2026-10-01,PT-002440,CM-017,EHR,Northeast,Medicare Advantage,70,Female,English,SMS,0,1,0,1,0,0,0,0,0,2,0.61,Medium,0,0,0,0,,,125,0,0,0,0,0,0,0,0,0,0,8,0.78,1,1,No,No,No,No,No,0,2026-08-30,32,0,0,0,0,0,0,0,0,2,Not Started,,0,0,Unknown,Diet/Lifestyle,1,Care Plan Update,3,2026-10-06,0,P4,0
2026-10-01,PT-002441,CM-004,EHR,Northeast,Medicaid Managed Care,61,Female,English,Phone,0,1,0,0,1,0,0,0,0,2,1.1,Medium,0,0,0,0,,,130,0,0,0,0,0,0,0,0,0,0,5,0.67,1,0,No,Unknown,Yes,No,No,1,2026-09-25,6,0,0,0,0,0,0,0,1,4,Overdue,152,0,0,Adequate,Medication,1,Patient Outreach,4,2026-09-27,1,P4,0
2026-10-01,PT-002442,CM-013,EHR,Mid-Atlantic,Medicare Advantage,78,Male,English,Phone,1,0,0,0,0,0,0,0,0,1,0.77,Low,0,0,0,0,,7.1,123,0,0,0,0,0,0,0,0,0,0,6,0.9,0,0,No,No,No,No,No,0,2026-08-26,36,0,1,1,0,0,0,0,0,3,Current,52,0,0,Adequate,None,0,Care Plan Update,0,2026-10-05,0,P4,0
2026-10-01,PT-002443,CM-017,CareMgmt,Southeast,Medicaid Managed Care,46,Female,English,Phone,0,0,0,0,0,0,0,0,0,0,0.8,Low,0,0,0,0,,,133,0,0,0,0,0,0,0,0,0,0,1,0.98,0,0,No,No,No,No,Yes,1,2026-09-02,29,2,1,0,0,0,0,1,0,1,Current,59,0,1,Adequate,Appointment Preparation,0,Patient Outreach,0,2026-09-29,1,P4,0
2026-10-01,PT-002444,CM-017,CareMgmt,Mid-Atlantic,Medicare Advantage,88,Female,English,Phone,0,1,0,0,0,0,1,0,0,2,1.51,Low,0,0,0,0,,,135,0,0,0,0,0,0,0,0,0,0,7,0.85,0,0,No,No,No,Yes,No,1,2026-08-25,37,0,0,0,0,0,0,1,0,0,Current,29,0,1,Limited,None,0,Patient Outreach,1,2026-10-05,0,P3,0
2026-10-01,PT-002445,CM-002,Claims,Southeast,Dual Eligible,66,Male,English,Caregiver,0,0,0,0,0,1,0,0,0,1,0.81,Low,2,1,0,0,,,109,0,0,0,0,0,0,0,1,0,0,5,0.7,1,0,No,No,No,Unknown,No,0,2026-09-12,19,0,1,0,0,0,0,0,0,3,Current,49,0,0,Low,Medication,2,Patient Outreach,0,2026-10-03,0,P2,0
2026-10-01,PT-002446,CM-018,Claims,Northeast,Medicare Advantage,78,Male,English,Phone,0,0,0,0,0,0,0,0,0,0,0.99,Low,0,0,0,0,,,137,0,0,0,0,0,0,0,0,0,0,4,0.84,0,0,Unknown,No,No,No,No,0,2026-09-29,2,0,0,0,0,0,0,0,0,2,Needs Review,121,0,0,Unknown,Diet/Lifestyle,0,Care Plan Update,0,2026-09-27,1,P2,0
2026-10-01,PT-002447,CM-010,CareMgmt,Mid-Atlantic,Medicare Advantage,72,Female,Other,Phone,1,1,0,0,0,0,0,0,0,2,1.06,Low,0,0,0,0,,8.5,128,0,0,0,0,0,0,1,0,0,0,6,0.73,1,0,No,No,No,No,No,0,2026-09-06,25,0,0,0,0,0,0,0,0,2,Current,58,0,0,Adequate,Appointment Preparation,2,Post-Discharge Follow-up,5,2026-10-06,0,P4,0
2026-10-01,PT-002448,CM-006,EHR,Northeast,Medicaid Managed Care,78,Female,English,SMS,1,0,0,0,0,0,1,0,0,2,0.82,Medium,0,0,0,0,,8.8,118,0,0,0,0,0,0,0,1,0,0,8,0.75,1,0,Yes,No,No,Yes,No,2,2026-08-11,51,0,0,0,1,0,0,0,0,3,Current,38,0,0,Limited,Medication,2,Patient Outreach,0,2026-10-06,0,P3,0
2026-10-01,PT-002449,CM-001,Claims,Mid-Atlantic,Commercial Complex Care,42,Female,English,Phone,0,0,0,0,0,1,0,0,0,1,0.77,Low,1,0,0,0,,,148,0,0,0,0,0,0,0,0,1,0,6,0.96,0,0,Yes,No,No,No,No,1,2026-09-01,30,0,0,0,1,0,0,0,0,1,Current,40,0,0,Adequate,Diet/Lifestyle,1,Patient Education,4,2026-10-06,0,P2,0
2026-10-01,PT-002450,CM-016,CareMgmt,Northeast,Medicare Advantage,67,Female,English,Phone,0,1,0,0,1,0,0,0,0,2,1.08,Medium,0,0,0,0,,,160,0,0,0,1,0,0,0,0,0,0,10,1.0,0,0,No,No,Yes,No,No,1,2026-09-29,2,4,1,0,0,0,0,0,0,4,Not Started,,0,0,Unknown,Diet/Lifestyle,1,Medication Review,10,2026-10-04,0,P3,0
2026-10-01,PT-002451,CM-013,CareMgmt,Northeast,Commercial Complex Care,54,Male,English,Caregiver,0,0,0,0,0,0,1,0,0,1,0.72,Low,0,2,0,0,,,130,0,0,0,0,0,0,0,0,0,1,5,0.84,0,1,Yes,No,No,No,No,1,2026-09-18,13,1,1,0,0,0,0,0,0,1,Needs Review,90,0,0,Adequate,Diet/Lifestyle,1,Care Gap Closure,9,2026-10-06,0,P1,0
2026-10-01,PT-002452,CM-011,CareMgmt,Midwest,Medicare Advantage,76,Male,Russian,SMS,0,1,1,0,1,0,0,0,0,3,1.97,High,3,0,0,0,,,149,0,0,0,1,0,0,0,1,0,0,6,1.0,0,0,Unknown,No,No,No,Unknown,0,2026-09-02,29,0,0,0,0,0,0,1,0,4,Not Started,,0,0,Adequate,Appointment Preparation,2,Care Gap Closure,8,2026-10-02,0,P2,0
2026-10-01,PT-002453,CM-012,Claims,Southeast,Medicare Advantage,78,Female,English,Phone,1,1,0,0,0,0,0,0,0,2,1.06,Medium,2,0,0,0,,9.4,145,0,0,0,1,0,0,0,0,0,0,5,0.79,1,1,No,No,Unknown,No,No,0,2026-09-09,22,0,0,0,0,0,0,1,0,0,Current,74,0,1,Low,Discharge Instructions,2,Care Gap Closure,0,2026-09-28,1,P3,0
2026-10-01,PT-002454,CM-011,Pharmacy,Mid-Atlantic,Medicare Advantage,65,Male,English,Portal,0,0,0,0,0,0,0,0,0,0,0.7,Low,0,0,0,0,,,150,0,0,0,0,0,0,0,0,1,0,1,1.0,0,0,No,No,No,No,No,0,2026-09-23,8,0,0,0,0,0,0,0,0,0,Needs Review,144,0,0,Limited,Appointment Preparation,1,Provider Follow-up,0,2026-09-29,1,P3,0
2026-10-01,PT-002455,CM-013,Claims,Northeast,Commercial Complex Care,67,Male,Spanish,Caregiver,0,1,0,0,0,0,0,0,0,1,1.17,Low,0,0,0,0,,,129,0,0,0,0,0,0,1,0,0,0,5,0.8,0,0,No,Unknown,No,No,No,0,2026-09-07,24,0,1,0,0,0,0,1,0,3,Current,31,1,0,Unknown,Medication,1,Post-Discharge Follow-up,3,2026-10-03,0,P4,0
2026-10-01,PT-002456,CM-012,Pharmacy,Southwest,Medicaid Managed Care,88,Female,Spanish,Phone,1,0,0,0,0,0,0,0,0,1,0.99,Low,0,0,0,0,,,129,0,1,0,0,0,0,0,0,0,0,8,0.95,0,0,Unknown,No,Yes,No,No,1,2026-09-15,16,0,0,0,0,0,0,0,0,0,Overdue,298,0,0,Adequate,Medication,1,Patient Education,4,2026-10-04,0,P4,0
2026-10-01,PT-002457,CM-018,Pharmacy,Northeast,Medicaid Managed Care,79,Male,English,Phone,0,0,1,0,0,0,0,0,0,1,1.41,Low,0,0,0,0,,,138,0,0,0,0,0,0,0,0,0,0,5,0.9,0,0,No,No,No,No,No,0,2026-09-08,23,0,0,0,0,0,0,0,1,2,Needs Review,121,0,0,Adequate,Diet/Lifestyle,0,Care Gap Closure,13,2026-10-01,0,P4,0
2026-10-01,PT-002458,CM-011,Pharmacy,Mid-Atlantic,Medicare Advantage,72,Female,English,Portal,1,1,0,0,1,0,1,0,0,4,1.43,Medium,0,0,1,0,,9.8,120,0,0,0,0,0,0,0,0,0,1,10,1.0,0,0,No,Unknown,No,Yes,No,1,2026-08-26,36,0,0,0,0,0,0,1,0,1,Current,86,0,0,Adequate,None,1,Patient Outreach,9,2026-09-28,1,P4,0
2026-10-01,PT-002459,CM-002,Pharmacy,Southeast,Dual Eligible,95,Male,English,Phone,0,1,1,0,0,0,0,0,0,2,1.36,Medium,1,0,0,0,,,151,0,0,0,1,0,0,1,0,0,0,3,0.92,0,0,Yes,Yes,No,No,No,2,2026-09-13,18,1,1,0,0,0,1,1,0,2,Overdue,155,0,0,Low,None,2,Care Gap Closure,0,2026-10-03,0,P2,0
2026-10-01,PT-002460,CM-016,Pharmacy,Southeast,Medicare Advantage,60,Female,English,Phone,1,0,1,0,0,0,0,0,0,2,1.51,Medium,0,0,0,0,,7.7,114,0,0,0,0,0,0,0,0,0,0,11,0.9,0,0,Yes,No,No,No,No,1,2026-09-13,18,1,0,0,0,0,0,1,0,1,Current,32,0,0,Limited,Diabetes,0,Medication Review,12,2026-09-29,1,P4,0
2026-10-01,PT-002461,CM-009,CareMgmt,Midwest,Medicare Advantage,57,Male,English,SMS,1,0,0,0,0,1,0,0,0,2,1.01,Medium,0,0,0,1,21,,122,0,0,0,0,0,1,0,0,0,0,10,0.84,0,0,Unknown,No,No,No,No,0,2026-09-05,26,1,0,0,0,0,0,1,0,2,Current,79,0,1,Adequate,None,1,Provider Follow-up,2,2026-09-29,1,P3,0
2026-10-01,PT-002462,CM-007,Claims,Southwest,Dual Eligible,66,Female,English,Phone,0,0,0,0,1,0,0,0,0,1,0.77,Low,0,0,0,0,,,113,0,0,0,0,0,0,1,0,0,0,5,0.8,0,0,No,Unknown,No,No,No,0,2026-09-06,25,2,0,0,0,0,0,0,0,3,Needs Review,104,0,0,Adequate,Medication,1,Patient Outreach,2,2026-09-28,1,P3,0
2026-10-01,PT-002463,CM-004,HIE,Southeast,Commercial Complex Care,47,Male,English,Portal,0,1,0,0,0,0,0,0,0,1,1.37,Low,0,0,0,0,,,157,0,0,0,1,0,0,0,0,0,0,2,0.96,0,0,No,No,No,No,Yes,1,2026-08-31,31,0,0,0,0,0,0,1,0,0,Current,77,0,0,Adequate,Diet/Lifestyle,1,Patient Education,2,2026-09-29,1,P3,0
2026-10-01,PT-002464,CM-008,Pharmacy,Southwest,Medicare Advantage,72,Male,English,Portal,1,0,0,0,0,0,0,0,1,1,0.97,Low,0,0,0,0,,7.5,121,0,1,0,0,0,0,0,0,0,0,4,0.8,0,0,Unknown,No,Yes,Unknown,No,1,2026-08-12,50,0,1,0,0,0,0,1,0,4,Current,13,0,1,Adequate,Medication,1,Care Plan Update,6,2026-09-29,1,P4,0
2026-10-01,PT-002465,CM-002,Claims,Midwest,Dual Eligible,70,Male,English,Portal,1,1,0,0,0,1,0,0,0,3,1.49,Medium,0,0,0,0,,7.2,159,0,0,0,1,0,0,0,0,1,0,6,1.0,0,1,No,No,No,Yes,No,1,2026-08-12,50,3,0,0,0,0,0,1,0,3,Current,88,0,0,Limited,Diabetes,2,Patient Outreach,6,2026-09-28,1,P4,0
2026-10-01,PT-002466,CM-001,EHR,Mid-Atlantic,Medicare Advantage,77,Male,English,Phone,1,0,0,1,0,0,1,0,1,3,1.67,Medium,0,0,0,0,,6.2,131,0,1,0,0,0,0,0,0,0,1,13,0.92,0,1,No,No,No,Unknown,No,0,2026-09-24,7,0,1,0,0,0,0,0,0,3,Current,45,0,1,Limited,CHF,2,Patient Outreach,0,2026-09-27,1,P2,0
2026-10-01,PT-002467,CM-011,CareMgmt,Northeast,Dual Eligible,92,Female,Spanish,Caregiver,0,1,0,1,0,0,1,0,1,3,0.97,High,0,0,0,0,,,144,0,0,0,1,0,0,0,0,0,0,9,0.83,0,1,Yes,No,Yes,Yes,No,3,2026-09-10,21,0,1,0,0,0,0,1,0,1,Current,60,0,0,Adequate,Diet/Lifestyle,1,Care Plan Update,0,2026-10-01,0,P3,0
2026-10-01,PT-002468,CM-008,Claims,Mid-Atlantic,Medicaid Managed Care,65,Female,English,Phone,1,0,0,0,1,1,0,0,0,3,1.13,Medium,1,0,0,0,,8.6,170,1,0,0,0,0,0,0,0,0,0,9,0.95,0,0,No,Yes,No,No,No,1,2026-08-19,43,0,0,1,0,0,1,0,0,2,Needs Review,148,0,1,Adequate,None,1,Patient Outreach,4,2026-09-29,1,P3,0
2026-10-01,PT-002469,CM-015,EHR,Southeast,Commercial Complex Care,54,Female,English,SMS,0,0,0,0,0,0,0,0,0,0,0.83,Low,0,0,0,0,,,137,0,0,0,0,0,0,0,0,0,0,3,0.89,0,0,Yes,Yes,No,No,No,2,2026-08-26,36,0,0,0,1,0,0,0,0,1,Current,13,0,0,Limited,Discharge Instructions,0,Patient Outreach,1,2026-09-29,1,P3,0
2026-10-01,PT-002470,CM-012,Pharmacy,Mid-Atlantic,Medicare Advantage,63,Female,English,Phone,0,1,1,0,1,0,0,0,0,3,1.67,Medium,0,0,0,0,,,168,0,0,0,1,0,0,0,0,0,0,4,0.83,0,0,No,No,No,No,Yes,1,2026-09-01,30,0,0,0,0,0,0,1,0,3,Current,53,0,0,Adequate,CHF,1,Patient Outreach,7,2026-10-02,0,P2,0
2026-10-01,PT-002471,CM-017,Claims,Southeast,Medicare Advantage,78,Female,English,Phone,0,0,1,0,0,0,0,0,0,1,1.2,Low,0,0,0,0,,,134,0,0,0,0,0,0,1,0,0,0,7,1.0,0,0,Unknown,No,No,No,Yes,1,2026-09-11,20,0,0,0,0,0,0,0,0,2,Overdue,190,1,0,Limited,None,1,Patient Outreach,2,2026-10-01,0,P3,0
2026-10-01,PT-002472,CM-010,CareMgmt,Southwest,Commercial Complex Care,69,Female,English,SMS,0,1,0,0,0,0,0,0,0,1,0.75,Low,0,0,0,0,,,136,0,0,0,0,0,0,0,0,0,0,3,0.7,1,1,No,No,No,Yes,No,1,2026-09-25,6,0,0,0,0,0,0,0,0,0,Needs Review,126,0,0,Adequate,CHF,1,Medication Review,2,2026-09-28,1,P4,0
2026-10-01,PT-002473,CM-001,Claims,Southwest,Medicare Advantage,76,Female,Chinese,Phone,0,1,0,0,0,0,0,0,0,1,0.57,Low,0,0,0,0,,,137,0,0,0,0,0,0,0,0,0,0,5,0.86,0,0,No,Yes,Unknown,No,No,1,2026-09-01,30,0,1,0,1,0,1,0,0,0,Current,50,0,0,Limited,Appointment Preparation,0,Patient Outreach,4,2026-09-29,1,P3,0
2026-10-01,PT-002474,CM-014,Pharmacy,Northeast,Medicare Advantage,79,Male,English,Caregiver,0,0,0,0,0,0,0,0,0,0,0.45,Low,0,0,0,0,,,166,0,0,0,0,0,0,1,1,0,0,3,1.0,0,0,Yes,No,No,No,No,1,2026-09-05,26,0,0,0,0,0,0,0,1,0,Needs Review,136,1,0,Adequate,Medication,2,Social Resource Referral,8,2026-10-02,0,P1,0
2026-10-01,PT-002475,CM-015,Claims,Mid-Atlantic,Dual Eligible,74,Male,Russian,Caregiver,0,1,0,0,1,0,0,0,0,2,1.18,Medium,0,0,0,0,,,137,0,0,0,0,0,0,0,0,0,0,5,0.71,1,0,No,No,No,Unknown,No,0,2026-08-29,33,4,0,1,1,0,0,0,0,4,Current,83,0,0,Adequate,Medication,1,Patient Education,3,2026-09-28,1,P3,0
2026-10-01,PT-002476,CM-010,Claims,Southwest,Medicare Advantage,82,Male,Other,Phone,0,1,0,0,1,1,0,0,1,3,1.46,Medium,0,0,0,0,,,131,0,0,0,0,0,0,0,0,0,0,9,0.81,0,0,Unknown,Yes,No,No,No,1,,19,0,1,0,0,0,0,1,0,1,Overdue,304,0,0,Adequate,Medication,0,Provider Follow-up,3,2026-10-04,0,P3,0
2026-10-01,PT-002477,CM-015,Claims,Mid-Atlantic,Medicare Advantage,66,Male,English,SMS,1,0,0,1,0,0,0,0,0,2,1.59,Medium,2,0,0,0,,7.9,138,0,0,1,0,0,0,1,1,0,0,1,0.99,0,0,No,No,Unknown,No,Yes,1,2026-08-24,38,0,0,0,0,0,0,0,0,1,Current,66,1,0,Adequate,Medication,3,Care Gap Closure,0,2026-09-27,1,P3,1
2026-10-01,PT-002478,CM-015,Pharmacy,Southeast,Dual Eligible,67,Female,English,Phone,0,0,0,0,0,1,0,0,0,1,0.97,Medium,0,0,0,0,,,120,0,0,0,0,0,0,0,1,0,1,2,0.49,1,0,Yes,No,Yes,No,No,2,2026-08-27,35,0,1,0,0,0,0,0,0,2,Current,12,0,0,Unknown,Medication,3,Care Gap Closure,0,2026-10-02,0,P3,0
2026-10-01,PT-002479,CM-003,Claims,Northeast,Commercial Complex Care,55,Male,English,Phone,1,1,0,0,0,0,0,0,0,2,1.34,Low,0,0,0,0,,6.5,138,0,1,0,0,0,0,0,0,0,0,4,1.0,0,0,No,No,No,No,No,0,2026-09-04,27,0,0,0,1,0,0,0,0,2,Needs Review,148,0,0,Adequate,None,1,Medication Review,7,2026-09-30,1,P3,0
2026-10-01,PT-002480,CM-001,CareMgmt,Midwest,Medicare Advantage,73,Female,Spanish,Phone,0,0,1,0,0,1,0,0,0,2,1.16,Medium,0,0,0,0,,,128,0,0,0,0,0,0,0,0,1,1,9,0.63,1,0,No,Yes,No,Unknown,No,1,2026-09-22,9,0,0,0,0,0,1,0,0,3,Overdue,321,0,0,Adequate,Medication,3,Post-Discharge Follow-up,1,2026-10-02,0,P2,0
2026-10-01,PT-002481,CM-009,EHR,Northeast,Medicaid Managed Care,55,Male,English,Phone,0,0,0,0,0,1,0,0,1,1,0.81,Low,0,0,0,0,,,142,0,0,0,0,0,0,0,0,0,0,4,0.71,1,0,No,No,Unknown,No,No,0,2026-09-27,4,0,1,1,0,0,0,0,0,3,Not Started,,0,0,Adequate,Appointment Preparation,1,Medication Review,0,2026-09-27,1,P3,0
2026-10-01,PT-002482,CM-018,EHR,Midwest,Medicaid Managed Care,36,Female,Chinese,Phone,0,1,0,0,0,0,0,0,0,1,1.43,Low,0,0,0,0,,,142,0,0,0,1,0,0,0,0,0,0,3,0.53,1,1,No,No,No,No,Yes,1,2026-09-07,24,0,0,0,0,0,0,0,0,2,Not Started,,0,0,Adequate,Medication,2,Social Resource Referral,0,2026-09-30,1,P2,0
2026-10-01,PT-002483,CM-017,Claims,Northeast,Medicaid Managed Care,51,Female,English,Phone,0,0,0,0,0,0,0,0,0,0,0.5,Low,0,0,0,0,,,99,0,0,0,0,0,0,0,0,1,0,3,0.71,1,0,Yes,No,No,No,No,1,2026-08-31,31,4,0,0,0,0,0,0,0,0,Needs Review,122,0,0,Unknown,None,2,Care Plan Update,1,2026-10-03,0,P4,0
2026-10-01,PT-002484,CM-006,CareMgmt,Northeast,Medicare Advantage,73,Male,Other,Phone,0,1,1,0,1,0,0,0,0,3,1.91,Medium,0,0,2,0,,,139,0,0,0,0,0,1,0,1,0,0,10,0.89,0,1,No,No,No,No,No,0,2026-09-08,23,0,1,0,0,0,0,0,0,3,Not Started,,0,0,Adequate,Appointment Preparation,2,Patient Education,8,2026-10-04,0,P3,0
2026-10-01,PT-002485,CM-008,Claims,Northeast,Commercial Complex Care,20,Female,English,Phone,0,0,0,0,0,0,0,0,0,0,0.54,Low,0,0,0,0,,,155,0,0,0,0,0,0,0,0,0,0,2,0.93,0,0,No,Yes,No,Yes,No,2,2026-07-27,66,0,0,0,0,0,0,0,0,3,Current,43,0,0,Unknown,Medication,0,Patient Outreach,0,2026-10-01,0,P2,0
2026-10-01,PT-002486,CM-006,EHR,Southeast,Medicare Advantage,63,Female,English,Phone,0,0,0,0,0,0,0,0,0,0,0.64,Low,0,0,0,0,,,123,0,0,0,0,0,1,1,0,0,0,2,0.89,0,0,No,No,Yes,No,No,1,,24,3,0,0,0,0,0,0,0,0,Current,53,0,1,Adequate,Medication,2,Patient Education,5,2026-10-04,0,P1,0
2026-10-01,PT-002487,CM-003,EHR,Southwest,Medicare Advantage,76,Male,English,SMS,0,0,0,0,0,0,0,0,0,0,0.97,Low,0,0,0,0,,,156,0,0,0,0,0,0,0,0,1,0,2,0.91,0,0,Yes,No,No,No,Yes,2,2026-09-03,28,0,0,0,0,0,0,0,0,1,Current,27,0,0,Adequate,Diet/Lifestyle,1,Patient Education,0,2026-09-27,1,P1,0
2026-10-01,PT-002488,CM-007,EHR,Mid-Atlantic,Medicaid Managed Care,68,Male,English,Caregiver,0,1,0,0,0,0,0,0,0,1,0.86,Low,0,0,0,0,,,122,0,0,0,0,0,1,1,0,1,0,6,0.86,0,0,No,No,No,No,Unknown,0,2026-09-12,19,0,0,0,0,0,0,0,1,1,Overdue,180,0,0,Adequate,None,3,Provider Follow-up,2,2026-10-04,0,P2,0
2026-10-01,PT-002489,CM-017,Pharmacy,Mid-Atlantic,Dual Eligible,75,Male,Spanish,Caregiver,1,0,0,1,0,0,0,0,0,2,0.88,Medium,0,0,0,0,,7.9,150,0,0,0,0,0,0,0,0,0,0,6,0.98,0,0,No,Yes,Unknown,No,No,1,2026-09-22,9,0,0,0,0,0,0,0,0,3,Overdue,214,1,0,Limited,Diabetes,0,Patient Education,0,2026-10-04,0,P2,0
2026-10-01,PT-002490,CM-007,CareMgmt,Northeast,Commercial Complex Care,48,Female,English,Portal,0,0,0,0,0,0,0,0,0,0,1.26,Low,0,0,0,0,,,136,0,0,0,0,0,0,1,1,0,0,4,0.92,0,0,Yes,No,No,No,No,1,2026-08-19,43,1,0,0,0,0,0,0,0,0,Overdue,249,2,0,Limited,None,2,Care Gap Closure,1,2026-10-04,0,P3,0
2026-10-01,PT-002491,CM-002,EHR,Midwest,Medicare Advantage,64,Female,Spanish,Phone,0,0,0,0,0,0,0,0,0,0,0.77,Low,0,0,0,0,,,128,0,0,0,0,0,0,0,0,0,0,3,0.9,0,0,No,No,No,No,No,0,2026-08-18,44,0,1,0,0,0,0,0,0,0,Current,74,0,0,Adequate,Appointment Preparation,0,Patient Education,2,2026-09-30,1,P3,0
2026-10-01,PT-002492,CM-014,EHR,Midwest,Commercial Complex Care,65,Female,English,Phone,1,0,0,0,0,0,0,0,0,1,1.55,Low,0,0,0,0,,7.8,120,0,0,1,0,1,0,0,0,0,0,3,0.98,0,0,No,No,No,No,No,0,2026-09-29,2,2,0,0,0,0,0,0,0,1,Current,39,0,0,Low,None,2,Patient Outreach,7,2026-10-03,0,P3,0
2026-10-01,PT-002493,CM-009,HIE,Northeast,Commercial Complex Care,39,Female,Russian,SMS,0,0,0,0,0,0,0,0,0,0,0.98,Low,0,2,0,0,,,137,0,0,0,0,0,0,0,0,0,0,1,0.9,0,0,No,Yes,No,Unknown,No,1,2026-09-03,28,1,0,0,0,0,1,0,0,1,Needs Review,129,0,0,Limited,Diet/Lifestyle,0,Care Plan Update,6,2026-10-04,0,P2,0
2026-10-01,PT-002494,CM-007,Claims,Northeast,Dual Eligible,82,Male,Spanish,SMS,1,0,0,0,1,0,0,0,1,2,1.53,Medium,0,0,0,0,,9.2,114,0,1,0,0,1,0,0,0,0,0,6,0.66,1,0,No,No,No,No,Yes,1,2026-09-30,1,0,0,1,1,0,0,0,1,1,Needs Review,95,0,0,Low,Diabetes,3,Medication Review,4,2026-09-29,1,P4,0
2026-10-01,PT-002495,CM-010,EHR,Southwest,Medicare Advantage,69,Female,English,Phone,0,0,1,0,0,0,0,0,0,1,1.0,Low,0,0,1,0,,,132,0,0,0,0,0,0,0,0,0,0,6,0.99,0,0,No,No,No,No,No,0,2026-09-19,12,0,0,0,0,0,0,0,0,1,Needs Review,143,0,0,Adequate,Discharge Instructions,0,Care Gap Closure,2,2026-10-04,0,P2,0
2026-10-01,PT-002496,CM-005,Pharmacy,Southwest,Medicare Advantage,82,Female,Other,Phone,1,0,0,0,0,0,0,0,0,1,0.91,Low,1,0,0,0,,7.0,162,1,0,0,0,0,1,0,1,0,0,8,0.68,1,1,No,No,Unknown,No,No,0,2026-09-06,25,0,1,0,1,0,0,0,0,2,Current,63,1,0,Adequate,Diet/Lifestyle,4,Patient Education,2,2026-10-06,0,P3,0
2026-10-01,PT-002497,CM-016,CareMgmt,Southwest,Commercial Complex Care,26,Female,English,SMS,0,0,1,0,0,0,0,0,0,1,1.25,Low,0,0,0,0,,,106,0,0,0,0,0,0,0,0,0,0,4,0.96,0,0,No,No,No,Unknown,No,0,2026-09-12,19,0,1,0,0,1,0,1,0,2,Overdue,305,0,0,Adequate,Medication,0,Patient Education,6,2026-09-28,1,P1,0
2026-10-01,PT-002498,CM-017,EHR,Southeast,Dual Eligible,67,Female,English,Phone,0,0,0,0,0,0,0,0,0,0,0.78,Low,0,0,0,0,,,130,0,0,0,0,0,0,0,0,0,1,4,0.89,0,0,No,No,No,Yes,No,1,2026-10-01,0,5,0,0,0,0,0,1,0,0,Current,50,0,0,Adequate,Medication,1,Social Resource Referral,0,2026-10-02,0,P4,0
2026-10-01,PT-002499,CM-017,CareMgmt,Mid-Atlantic,Dual Eligible,71,Female,English,Phone,0,0,0,0,0,0,0,0,0,0,0.65,Low,0,0,0,0,,,138,0,0,0,0,0,1,0,0,0,0,5,1.0,0,1,No,No,No,Yes,No,1,2026-08-21,41,0,1,0,0,0,0,0,0,1,Overdue,274,0,0,Adequate,Discharge Instructions,1,Patient Outreach,0,2026-09-27,1,P1,0
2026-10-01,PT-002500,CM-014,CareMgmt,Midwest,Medicare Advantage,73,Male,Other,Portal,0,0,0,0,0,0,0,0,0,0,0.2,Low,0,0,0,0,,,140,0,0,0,0,0,0,1,1,1,0,3,1.0,0,1,No,Yes,Yes,No,No,2,2026-09-13,18,0,1,0,0,0,1,1,0,1,Current,15,0,1,Adequate,Appointment Preparation,3,Patient Outreach,0,2026-10-02,0,P3,0
